$MeshFormat
2.2 0 8
$EndMeshFormat
$PhysicalNames
6
1 1 "left"
1 2 "right"
1 3 "bottom"
1 4 "top"
1 10 "grain_boundaries"
2 1000 "bulk"
$EndPhysicalNames
$Nodes
2700
1 70.245271563043 0.000000000000 0.000000000000
2 64.547445998420 11.394286231959 0.000000000000
3 53.841369056310 0.000000000000 0.000000000000
4 53.648129615421 2.053526682068 0.000000000000
5 93.283212909152 18.826656326116 0.000000000000
6 94.670416714064 14.284027543842 0.000000000000
7 94.343025929011 12.263639368134 0.000000000000
8 93.471519184296 10.232581883165 0.000000000000
9 88.352781531009 17.404639093579 0.000000000000
10 88.095526570336 18.820363340469 0.000000000000
11 20.430908399595 50.000000000000 0.000000000000
12 31.294679961154 50.000000000000 0.000000000000
13 34.429777240619 41.874051588305 0.000000000000
14 32.804375026123 39.744511191579 0.000000000000
15 74.324104899212 50.000000000000 0.000000000000
16 61.722103438882 50.000000000000 0.000000000000
17 73.031153503170 36.855233480274 0.000000000000
18 68.768417205419 35.252267924900 0.000000000000
19 41.317781966450 42.129846094787 0.000000000000
20 46.156630878244 42.628600550209 0.000000000000
21 40.834857225651 43.604661377135 0.000000000000
22 42.136580382223 44.732242204658 0.000000000000
23 54.092957563468 32.797092147099 0.000000000000
24 49.857277672282 30.062080777534 0.000000000000
25 53.895523253971 31.141516649034 0.000000000000
26 146.301571923359 23.827208903564 0.000000000000
27 146.795336210532 28.426894971100 0.000000000000
28 151.786328063027 16.975232243882 0.000000000000
29 148.260694123411 17.891212160062 0.000000000000
30 150.210277862379 33.778567792024 0.000000000000
31 152.058488891807 31.912736691600 0.000000000000
32 16.637825520470 4.710647758349 0.000000000000
33 16.268841965478 13.854361822414 0.000000000000
34 4.189464801411 8.850978328740 0.000000000000
35 8.238065129993 15.281985572991 0.000000000000
36 158.720735545911 37.630789302783 0.000000000000
37 153.889205169083 36.449247745500 0.000000000000
38 166.866907837727 33.241644573097 0.000000000000
39 160.772812405687 26.907547492967 0.000000000000
40 163.364404694343 26.793337155724 0.000000000000
41 200.000000000000 22.030819883748 0.000000000000
42 200.000000000000 41.935957248824 0.000000000000
43 190.285644313776 34.335371828544 0.000000000000
44 187.575713751683 30.275979227315 0.000000000000
45 121.131191814925 20.585357058234 0.000000000000
46 119.996451755265 26.721152559063 0.000000000000
47 128.608638048972 22.006319053591 0.000000000000
48 130.999434931548 27.330624190188 0.000000000000
49 126.050030552398 32.933258933313 0.000000000000
50 130.980259782532 30.423778180239 0.000000000000
51 80.376341388075 50.000000000000 0.000000000000
52 80.037932387117 38.439566532067 0.000000000000
53 76.247930775181 36.408764146878 0.000000000000
54 181.590769110224 17.045374877147 0.000000000000
55 190.494904033651 15.771573840508 0.000000000000
56 182.069668139177 8.087560700109 0.000000000000
57 189.136495240445 11.738165496275 0.000000000000
58 19.849608539408 0.000000000000 0.000000000000
59 21.561282001073 16.711615307619 0.000000000000
60 26.404530971987 0.000000000000 0.000000000000
61 28.279677075050 5.307844738506 0.000000000000
62 121.204559967039 40.833749980173 0.000000000000
63 110.096402647155 29.086530769319 0.000000000000
64 109.867743580484 32.577377393387 0.000000000000
65 64.385022109587 15.631290924111 0.000000000000
66 55.986370420220 20.405637186686 0.000000000000
67 69.349768710648 25.144440798894 0.000000000000
68 66.680657209663 32.656687644318 0.000000000000
69 96.101683730488 22.576058060161 0.000000000000
70 97.327702244606 21.924236329307 0.000000000000
71 103.498120681215 22.134951590920 0.000000000000
72 95.731917487275 33.640755890307 0.000000000000
73 181.385285806547 45.353630568931 0.000000000000
74 175.135644427492 37.115366593182 0.000000000000
75 175.206507198378 38.763825129167 0.000000000000
76 89.938013919611 24.586387493634 0.000000000000
77 94.332229390691 34.445004260769 0.000000000000
78 39.078654055543 0.000000000000 0.000000000000
79 39.982936481365 4.213749514575 0.000000000000
80 34.719679223567 10.342702185856 0.000000000000
81 78.263625322029 17.565963472917 0.000000000000
82 80.283371104879 9.804079729510 0.000000000000
83 80.255118261084 6.260616768212 0.000000000000
84 65.088367380506 12.920110017922 0.000000000000
85 136.032111398395 50.000000000000 0.000000000000
86 134.804697289150 45.641766883914 0.000000000000
87 117.537458938078 50.000000000000 0.000000000000
88 121.365633614963 42.367941290343 0.000000000000
89 45.944274468180 5.374766114495 0.000000000000
90 200.000000000000 50.000000000000 0.000000000000
91 184.009827993228 50.000000000000 0.000000000000
92 175.913788193414 22.400961887726 0.000000000000
93 169.141182053564 18.497551864757 0.000000000000
94 107.996042912119 34.112810501571 0.000000000000
95 106.268165747254 21.349790919817 0.000000000000
96 49.696418731930 14.492747577571 0.000000000000
97 139.584095943124 15.105014729005 0.000000000000
98 154.633949729795 13.028880033135 0.000000000000
99 143.112207147989 2.189962569290 0.000000000000
100 142.109756293092 3.532936396795 0.000000000000
101 172.453201029476 12.000136274397 0.000000000000
102 178.832837615519 4.809937625562 0.000000000000
103 140.293717491433 23.045787302966 0.000000000000
104 138.810328451943 20.308016292744 0.000000000000
105 140.558788545203 26.409684604687 0.000000000000
106 134.714776689352 32.169968655951 0.000000000000
107 139.934752540836 37.758396601505 0.000000000000
108 146.252675682015 37.526291661540 0.000000000000
109 109.877740129893 15.684564146050 0.000000000000
110 115.620271491650 13.088502021903 0.000000000000
111 83.252466125737 0.000000000000 0.000000000000
112 130.757880005122 16.799512299081 0.000000000000
113 135.632332340723 15.008963409303 0.000000000000
114 200.000000000000 0.000000000000 0.000000000000
115 190.050976923453 0.000000000000 0.000000000000
116 200.000000000000 6.019059233674 0.000000000000
117 193.699868230519 5.942310994192 0.000000000000
118 162.260115484049 42.632593194360 0.000000000000
119 164.531665236061 50.000000000000 0.000000000000
120 162.585689238446 48.181697106238 0.000000000000
121 82.206930672357 26.340956626540 0.000000000000
122 81.497198302762 28.241587437807 0.000000000000
123 88.994613472386 39.423894616824 0.000000000000
124 91.683814614031 40.146118696209 0.000000000000
125 92.871876047438 36.811313600761 0.000000000000
126 42.086975235010 9.794698985669 0.000000000000
127 36.010345737059 12.397462288241 0.000000000000
128 0.000000000000 50.000000000000 0.000000000000
129 0.000000000000 35.913802290723 0.000000000000
130 7.440938532040 37.194483134234 0.000000000000
131 17.792386170180 40.307040458539 0.000000000000
132 18.821032509824 50.000000000000 0.000000000000
133 49.441204272703 43.748360516102 0.000000000000
134 55.213343268050 40.010984504200 0.000000000000
135 102.286247549531 8.906873784897 0.000000000000
136 200.000000000000 18.664499548215 0.000000000000
137 158.229867514711 46.246729429907 0.000000000000
138 79.100884388580 21.723406467296 0.000000000000
139 147.659076284869 50.000000000000 0.000000000000
140 148.828705230589 46.323772430908 0.000000000000
141 86.261945499576 22.826265183313 0.000000000000
142 82.420860095662 23.953520539831 0.000000000000
143 58.319975628979 50.000000000000 0.000000000000
144 179.308615373507 22.243448821057 0.000000000000
145 168.662309610098 15.708098868857 0.000000000000
146 15.574010460708 29.995474402769 0.000000000000
147 16.334012646894 25.654099181069 0.000000000000
148 23.368831437663 23.356679171915 0.000000000000
149 25.081820427103 35.314935592421 0.000000000000
150 102.549273063066 50.000000000000 0.000000000000
151 94.880319987997 50.000000000000 0.000000000000
152 101.879979660825 0.000000000000 0.000000000000
153 102.920028809391 4.149247629664 0.000000000000
154 85.528663304621 0.000000000000 0.000000000000
155 122.396018707390 9.948915856240 0.000000000000
156 43.477749229054 18.436753440753 0.000000000000
157 36.511835132659 16.194538625581 0.000000000000
158 185.178126326948 25.188708034293 0.000000000000
159 30.405737723317 37.125166065653 0.000000000000
160 41.754402509545 32.225357251219 0.000000000000
161 43.158326851306 29.809009961136 0.000000000000
162 46.868030244929 29.011271950367 0.000000000000
163 8.001123625343 16.605816988934 0.000000000000
164 112.671240302045 3.333300464860 0.000000000000
165 112.892636300230 0.000000000000 0.000000000000
166 125.388399363816 0.000000000000 0.000000000000
167 125.951508270819 5.116817923919 0.000000000000
168 0.000000000000 30.983014251876 0.000000000000
169 129.303781251275 5.893653379225 0.000000000000
170 32.405643700055 21.670413398689 0.000000000000
171 54.907236561996 50.000000000000 0.000000000000
172 43.694892932289 50.000000000000 0.000000000000
173 178.819399976261 0.000000000000 0.000000000000
174 160.732858227610 0.000000000000 0.000000000000
175 160.717272081427 10.253196813299 0.000000000000
176 143.588184472351 0.000000000000 0.000000000000
177 0.000000000000 0.000000000000 0.000000000000
178 0.000000000000 5.704827332877 0.000000000000
179 36.162013328642 27.500661631338 0.000000000000
180 0.000000000000 28.409681574587 0.000000000000
181 56.184783700129 0.000000000000 0.000000000000
182 58.528198343948 0.000000000000 0.000000000000
183 60.871612987767 0.000000000000 0.000000000000
184 63.215027631586 0.000000000000 0.000000000000
185 65.558442275405 0.000000000000 0.000000000000
186 67.901856919224 0.000000000000 0.000000000000
187 65.497083592524 9.495238526632 0.000000000000
188 66.446721186628 7.596190821306 0.000000000000
189 67.396358780732 5.697143115980 0.000000000000
190 68.345996374835 3.798095410653 0.000000000000
191 69.295633968939 1.899047705326 0.000000000000
192 55.464682345921 3.610319940383 0.000000000000
193 57.281235076421 5.167113198698 0.000000000000
194 59.097787806921 6.723906457014 0.000000000000
195 60.914340537420 8.280699715329 0.000000000000
196 62.730893267920 9.837492973644 0.000000000000
197 93.976814811608 16.555341934979 0.000000000000
198 92.191834770974 12.025596185768 0.000000000000
199 90.912150357653 13.818610488372 0.000000000000
200 89.632465944331 15.611624790975 0.000000000000
201 89.824755349941 18.822461002351 0.000000000000
202 91.553984129547 18.824558664234 0.000000000000
203 29.121925648842 50.000000000000 0.000000000000
204 26.949171336530 50.000000000000 0.000000000000
205 24.776417024219 50.000000000000 0.000000000000
206 22.603662711907 50.000000000000 0.000000000000
207 32.078454281020 47.968512897076 0.000000000000
208 32.862228600887 45.937025794153 0.000000000000
209 33.646002920753 43.905538691229 0.000000000000
210 33.617076133371 40.809281389942 0.000000000000
211 31.036736936619 41.209581021353 0.000000000000
212 29.269098847115 42.674650851128 0.000000000000
213 27.501460757611 44.139720680902 0.000000000000
214 25.733822668107 45.604790510677 0.000000000000
215 23.966184578603 47.069860340451 0.000000000000
216 22.198546489099 48.534930170226 0.000000000000
217 71.803704607146 50.000000000000 0.000000000000
218 69.283304315080 50.000000000000 0.000000000000
219 66.762904023014 50.000000000000 0.000000000000
220 64.242503730948 50.000000000000 0.000000000000
221 74.108612999872 47.809205580046 0.000000000000
222 73.893121100531 45.618411160091 0.000000000000
223 73.677629201191 43.427616740137 0.000000000000
224 73.462137301851 41.236822320183 0.000000000000
225 73.246645402510 39.046027900228 0.000000000000
226 70.899785354294 36.053750702587 0.000000000000
227 67.761800953057 37.359086792771 0.000000000000
228 66.755184700694 39.465905660643 0.000000000000
229 65.748568448332 41.572724528514 0.000000000000
230 64.741952195969 43.679543396386 0.000000000000
231 63.735335943607 45.786362264257 0.000000000000
232 62.728719691244 47.893181132129 0.000000000000
233 48.434028387977 32.073374997076 0.000000000000
234 47.010779103671 34.084669216618 0.000000000000
235 45.587529819366 36.095963436161 0.000000000000
236 44.164280535061 38.107257655703 0.000000000000
237 42.741031250755 40.118551875245 0.000000000000
238 44.146605630234 43.680421377434 0.000000000000
239 47.479351992448 40.990015816357 0.000000000000
240 48.802073106652 39.351431082506 0.000000000000
241 50.124794220856 37.712846348654 0.000000000000
242 51.447515335060 36.074261614802 0.000000000000
243 52.770236449264 34.435676880951 0.000000000000
244 51.876400463127 30.601798713284 0.000000000000
245 150.023511093219 17.433222201972 0.000000000000
246 147.607653390060 19.869877741229 0.000000000000
247 146.954612656710 21.848543322397 0.000000000000
248 146.548454066946 26.127051937332 0.000000000000
249 147.933650094481 30.210785911408 0.000000000000
250 149.071963978430 31.994676851716 0.000000000000
251 151.134383377093 32.845652241812 0.000000000000
252 152.013128753677 29.423152616980 0.000000000000
253 151.967768615547 26.933568542361 0.000000000000
254 151.922408477417 24.443984467741 0.000000000000
255 151.877048339287 21.954400393121 0.000000000000
256 151.831688201157 19.464816318502 0.000000000000
257 16.361087854226 11.568433306398 0.000000000000
258 16.453333742974 9.282504790382 0.000000000000
259 16.545579631722 6.996576274365 0.000000000000
260 14.563098733960 5.400702853414 0.000000000000
261 12.488371947450 6.090757948479 0.000000000000
262 10.413645160940 6.780813043544 0.000000000000
263 8.338918374431 7.470868138610 0.000000000000
264 6.264191587921 8.160923233675 0.000000000000
265 5.538998244272 10.994647410157 0.000000000000
266 6.888531687132 13.138316491574 0.000000000000
267 10.245759338864 14.925079635347 0.000000000000
268 12.253453547735 14.568173697703 0.000000000000
269 14.261147756607 14.211267760058 0.000000000000
270 156.304970357497 37.040018524142 0.000000000000
271 160.757278618865 36.533503120362 0.000000000000
272 162.793821691819 35.436216937940 0.000000000000
273 164.830364764773 34.338930755518 0.000000000000
274 165.699406789932 31.092208767306 0.000000000000
275 164.531905742138 28.942772961515 0.000000000000
276 158.594231527217 28.158844792625 0.000000000000
277 156.415650648747 29.410142092284 0.000000000000
278 154.237069770277 30.661439391942 0.000000000000
279 152.049741515731 35.113907768762 0.000000000000
280 200.000000000000 24.518962054382 0.000000000000
281 200.000000000000 27.007104225017 0.000000000000
282 200.000000000000 29.495246395651 0.000000000000
283 200.000000000000 31.983388566286 0.000000000000
284 200.000000000000 34.471530736920 0.000000000000
285 200.000000000000 36.959672907555 0.000000000000
286 200.000000000000 39.447815078190 0.000000000000
287 192.228515451021 35.855488912600 0.000000000000
288 194.171386588266 37.375605996656 0.000000000000
289 196.114257725510 38.895723080712 0.000000000000
290 198.057128862755 40.415840164768 0.000000000000
291 197.929285625280 23.405013107676 0.000000000000
292 195.858571250561 24.779206331604 0.000000000000
293 193.787856875841 26.153399555532 0.000000000000
294 191.717142501122 27.527592779459 0.000000000000
295 189.646428126402 28.901786003387 0.000000000000
296 188.930679032730 32.305675527929 0.000000000000
297 130.202502637356 25.555855811322 0.000000000000
298 129.405570343164 23.781087432457 0.000000000000
299 126.116155970956 21.532665055139 0.000000000000
300 123.623673892941 21.059011056686 0.000000000000
301 120.752945128372 22.630622225177 0.000000000000
302 120.374698441818 24.675887392120 0.000000000000
303 121.509846454548 28.274179152625 0.000000000000
304 123.023241153831 29.827205746188 0.000000000000
305 124.536635853115 31.380232339750 0.000000000000
306 127.693440295776 32.096765348955 0.000000000000
307 129.336850039154 31.260271764597 0.000000000000
308 130.989847357040 28.877201185214 0.000000000000
309 78.358929225121 50.000000000000 0.000000000000
310 76.341517062166 50.000000000000 0.000000000000
311 80.308659587883 47.687913306413 0.000000000000
312 80.240977787692 45.375826612827 0.000000000000
313 80.173295987500 43.063739919240 0.000000000000
314 80.105614187309 40.751653225654 0.000000000000
315 78.142931581149 37.424165339472 0.000000000000
316 74.639542139175 36.631998813576 0.000000000000
317 181.949943381939 10.327014244369 0.000000000000
318 181.830218624700 12.566467788628 0.000000000000
319 181.710493867462 14.805921332888 0.000000000000
320 183.816802841081 16.726924617987 0.000000000000
321 186.042836571937 16.408474358828 0.000000000000
322 188.268870302794 16.090024099668 0.000000000000
323 189.815699637048 13.754869668391 0.000000000000
324 187.369788465128 10.825514297234 0.000000000000
325 185.603081689811 9.912863098192 0.000000000000
326 183.836374914494 9.000211899151 0.000000000000
327 22.034582683601 0.000000000000 0.000000000000
328 24.219556827794 0.000000000000 0.000000000000
329 18.779014199762 1.570215919450 0.000000000000
330 17.708419860116 3.140431838899 0.000000000000
331 18.032988644010 14.806779650816 0.000000000000
332 19.797135322541 15.759197479217 0.000000000000
333 22.681014513402 14.810986879434 0.000000000000
334 23.800747025732 12.910358451248 0.000000000000
335 24.920479538061 11.009730023062 0.000000000000
336 26.040212050391 9.109101594877 0.000000000000
337 27.159944562720 7.208473166692 0.000000000000
338 27.654628374029 3.538563159004 0.000000000000
339 27.029579673008 1.769281579502 0.000000000000
340 122.415927613379 38.858627218458 0.000000000000
341 123.627295259718 36.883504456743 0.000000000000
342 124.838662906058 34.908381695028 0.000000000000
343 118.016441933643 27.194228201114 0.000000000000
344 116.036432112021 27.667303843165 0.000000000000
345 114.056422290399 28.140379485217 0.000000000000
346 112.076412468777 28.613455127268 0.000000000000
347 109.982073113819 30.831954081353 0.000000000000
348 111.757212978243 33.953439491185 0.000000000000
349 113.646682376002 35.329501588982 0.000000000000
350 115.536151773762 36.705563686780 0.000000000000
351 117.425621171521 38.081625784578 0.000000000000
352 119.315090569280 39.457687882375 0.000000000000
353 67.347935084909 30.778625932962 0.000000000000
354 68.015212960155 28.900564221606 0.000000000000
355 68.682490835402 27.022502510250 0.000000000000
356 68.356819390436 23.241810823937 0.000000000000
357 67.363870070224 21.339180848981 0.000000000000
358 66.370920750011 19.436550874024 0.000000000000
359 65.377971429799 17.533920899068 0.000000000000
360 62.285359187245 16.824877489755 0.000000000000
361 60.185696264903 18.018464055398 0.000000000000
362 58.086033342562 19.212050621042 0.000000000000
363 55.568200986970 22.552813079156 0.000000000000
364 55.150031553720 24.699988971625 0.000000000000
365 54.731862120471 26.847164864095 0.000000000000
366 54.313692687221 28.994340756564 0.000000000000
367 56.026378913253 31.394045148248 0.000000000000
368 58.157234572535 31.646573647462 0.000000000000
369 60.288090231817 31.899102146676 0.000000000000
370 62.418945891099 32.151630645890 0.000000000000
371 64.549801550381 32.404159145104 0.000000000000
372 101.441314535679 22.064713170382 0.000000000000
373 99.384508390142 21.994474749845 0.000000000000
374 96.027730481845 24.788997626190 0.000000000000
375 95.953777233203 27.001937192219 0.000000000000
376 95.879823984560 29.214876758249 0.000000000000
377 95.805870735918 31.427816324278 0.000000000000
378 97.026284686265 31.723121840409 0.000000000000
379 98.320651885255 29.805487790511 0.000000000000
380 99.615019084245 27.887853740614 0.000000000000
381 100.909386283235 25.970219690716 0.000000000000
382 102.203753482225 24.052585640818 0.000000000000
383 182.868678891085 43.517254112200 0.000000000000
384 184.352071975623 41.680877655469 0.000000000000
385 185.835465060161 39.844501198738 0.000000000000
386 187.318858144700 38.008124742006 0.000000000000
387 188.802251229238 36.171748285275 0.000000000000
388 185.502368864318 31.415877121626 0.000000000000
389 183.429023976953 32.555775015937 0.000000000000
390 181.355679089588 33.695672910249 0.000000000000
391 179.282334202222 34.835570804560 0.000000000000
392 177.208989314857 35.975468698871 0.000000000000
393 176.751201850420 40.411276489108 0.000000000000
394 178.295896502462 42.058727849049 0.000000000000
395 179.840591154505 43.706179208990 0.000000000000
396 94.047127126862 23.246167871319 0.000000000000
397 91.992570523237 23.916277682476 0.000000000000
398 90.816857013827 26.558110847061 0.000000000000
399 91.695700108043 28.529834200488 0.000000000000
400 92.574543202259 30.501557553915 0.000000000000
401 93.453386296475 32.473280907342 0.000000000000
402 28.516884819246 0.000000000000 0.000000000000
403 30.629238666506 0.000000000000 0.000000000000
404 32.741592513765 0.000000000000 0.000000000000
405 34.853946361024 0.000000000000 0.000000000000
406 36.966300208284 0.000000000000 0.000000000000
407 36.035493538016 8.810464018036 0.000000000000
408 37.351307852466 7.278225850216 0.000000000000
409 38.667122166916 5.745987682395 0.000000000000
410 39.530795268454 2.106874757288 0.000000000000
411 29.889677612179 6.566559100343 0.000000000000
412 31.499678149309 7.825273462181 0.000000000000
413 33.109678686438 9.083987824019 0.000000000000
414 78.768561767742 15.625492537065 0.000000000000
415 79.273498213454 13.685021601214 0.000000000000
416 79.778434659166 11.744550665362 0.000000000000
417 80.269244682981 8.032348248861 0.000000000000
418 78.088439563859 7.211972946742 0.000000000000
419 75.921760866633 8.163329125272 0.000000000000
420 73.755082169408 9.114685303802 0.000000000000
421 71.588403472182 10.066041482332 0.000000000000
422 69.421724774957 11.017397660862 0.000000000000
423 67.255046077731 11.968753839392 0.000000000000
424 67.284243704093 13.694418927088 0.000000000000
425 69.480120027680 14.468727836254 0.000000000000
426 71.675996351268 15.243036745420 0.000000000000
427 73.871872674855 16.017345654585 0.000000000000
428 76.067748998442 16.791654563751 0.000000000000
429 95.305457576879 20.375446327712 0.000000000000
430 96.663380861970 20.014184132941 0.000000000000
431 95.999059479335 18.104131936575 0.000000000000
432 95.334738096700 16.194079740208 0.000000000000
433 133.720279840855 50.000000000000 0.000000000000
434 131.408448283316 50.000000000000 0.000000000000
435 129.096616725776 50.000000000000 0.000000000000
436 126.784785168236 50.000000000000 0.000000000000
437 124.472953610697 50.000000000000 0.000000000000
438 122.161122053157 50.000000000000 0.000000000000
439 119.849290495618 50.000000000000 0.000000000000
440 135.418404343772 47.820883441957 0.000000000000
441 132.564853343452 45.096129284986 0.000000000000
442 130.325009397754 44.550491686057 0.000000000000
443 128.085165452057 44.004854087128 0.000000000000
444 125.845321506359 43.459216488200 0.000000000000
445 123.605477560661 42.913578889271 0.000000000000
446 120.408589945742 44.275955967757 0.000000000000
447 119.451546276521 46.183970645171 0.000000000000
448 118.494502607299 48.091985322586 0.000000000000
449 41.539106555671 0.000000000000 0.000000000000
450 43.999559055799 0.000000000000 0.000000000000
451 46.460011555926 0.000000000000 0.000000000000
452 48.920464056054 0.000000000000 0.000000000000
453 51.380916556182 0.000000000000 0.000000000000
454 41.970049143637 4.600755047882 0.000000000000
455 43.957161805908 4.987760581188 0.000000000000
456 47.870238254990 4.544456256388 0.000000000000
457 49.796202041800 3.714146398282 0.000000000000
458 51.722165828611 2.883836540175 0.000000000000
459 200.000000000000 43.951967936618 0.000000000000
460 200.000000000000 45.967978624412 0.000000000000
461 200.000000000000 47.983989312206 0.000000000000
462 197.715689713318 50.000000000000 0.000000000000
463 195.431379426637 50.000000000000 0.000000000000
464 193.147069139955 50.000000000000 0.000000000000
465 190.862758853273 50.000000000000 0.000000000000
466 188.578448566591 50.000000000000 0.000000000000
467 186.294138279910 50.000000000000 0.000000000000
468 182.260133202107 46.902420379287 0.000000000000
469 183.134980597668 48.451210189644 0.000000000000
470 174.220636658451 21.425109381984 0.000000000000
471 172.527485123489 20.449256876241 0.000000000000
472 170.834333588527 19.473404370499 0.000000000000
473 167.696987713759 20.571498187499 0.000000000000
474 166.252793373953 22.645444510241 0.000000000000
475 164.808599034148 24.719390832982 0.000000000000
476 168.934091985168 34.210075078118 0.000000000000
477 171.001276132610 35.178505583139 0.000000000000
478 173.068460280051 36.146936088161 0.000000000000
479 175.265335055146 34.662965808939 0.000000000000
480 175.395025682799 32.210565024697 0.000000000000
481 175.524716310453 29.758164240454 0.000000000000
482 175.654406938107 27.305763456211 0.000000000000
483 175.784097565760 24.853362671969 0.000000000000
484 104.883143214234 21.742371255368 0.000000000000
485 98.184742572244 33.735166812560 0.000000000000
486 100.637567657213 33.829577734813 0.000000000000
487 103.090392742181 33.923988657065 0.000000000000
488 105.543217827150 34.018399579318 0.000000000000
489 109.139343422180 27.152345806944 0.000000000000
490 108.182284197204 25.218160844568 0.000000000000
491 107.225224972229 23.283975882193 0.000000000000
492 51.268906654002 15.970969979850 0.000000000000
493 52.841394576075 17.449192382129 0.000000000000
494 54.413882498148 18.927414784407 0.000000000000
495 64.736694745046 14.275700471016 0.000000000000
496 52.989511134839 4.126730164652 0.000000000000
497 52.330892654257 6.199933647236 0.000000000000
498 51.672274173676 8.273137129819 0.000000000000
499 51.013655693094 10.346340612403 0.000000000000
500 50.355037212512 12.419544094987 0.000000000000
501 141.753245488196 15.801564086769 0.000000000000
502 143.922395033267 16.498113444534 0.000000000000
503 146.091544578339 17.194662802298 0.000000000000
504 153.210138896411 15.002056138509 0.000000000000
505 152.987986503823 11.480463252586 0.000000000000
506 151.342023277850 9.932046472036 0.000000000000
507 149.696060051878 8.383629691487 0.000000000000
508 148.050096825906 6.835212910938 0.000000000000
509 146.404133599934 5.286796130389 0.000000000000
510 144.758170373961 3.738379349839 0.000000000000
511 141.604624223098 5.847352063237 0.000000000000
512 141.099492153105 8.161767729679 0.000000000000
513 140.594360083111 10.476183396121 0.000000000000
514 140.089228013118 12.790599062563 0.000000000000
515 180.451252877348 6.448749162836 0.000000000000
516 177.237928469008 6.607487287771 0.000000000000
517 175.643019322497 8.405036949980 0.000000000000
518 174.048110175987 10.202586612188 0.000000000000
519 174.280714645626 13.009183994947 0.000000000000
520 176.108228261775 14.018231715497 0.000000000000
521 177.935741877925 15.027279436047 0.000000000000
522 179.763255494074 16.036327156597 0.000000000000
523 139.552022971688 21.676901797855 0.000000000000
524 142.296335635408 23.306261169832 0.000000000000
525 144.298953779384 23.566735036698 0.000000000000
526 139.326173446064 16.839348583585 0.000000000000
527 139.068250949003 18.573682438164 0.000000000000
528 144.716486988756 27.754491515629 0.000000000000
529 142.637637766979 27.082088060158 0.000000000000
530 139.097785581240 27.849755617503 0.000000000000
531 137.636782617278 29.289826630319 0.000000000000
532 136.175779653315 30.729897643135 0.000000000000
533 136.019770652223 33.567075642340 0.000000000000
534 137.324764615094 34.964182628728 0.000000000000
535 138.629758577965 36.361289615116 0.000000000000
536 142.040726921229 37.681028288183 0.000000000000
537 144.146701301622 37.603659974862 0.000000000000
538 147.571876408803 36.277050371701 0.000000000000
539 148.891077135591 35.027809081863 0.000000000000
540 140.426253018318 24.727735953827 0.000000000000
541 108.674548669013 17.572973070639 0.000000000000
542 107.471357208134 19.461381995228 0.000000000000
543 119.753461734106 18.711143299151 0.000000000000
544 118.375731653288 16.836929540068 0.000000000000
545 116.998001572469 14.962715780986 0.000000000000
546 113.706094371064 13.953856063285 0.000000000000
547 111.791917250479 14.819210104668 0.000000000000
548 72.413137323492 0.000000000000 0.000000000000
549 74.581003083941 0.000000000000 0.000000000000
550 76.748868844390 0.000000000000 0.000000000000
551 78.916734604839 0.000000000000 0.000000000000
552 81.084600365288 0.000000000000 0.000000000000
553 81.254234215968 4.173744512141 0.000000000000
554 82.253350170853 2.086872256071 0.000000000000
555 130.041466019739 18.535114550584 0.000000000000
556 129.325052034355 20.270716802088 0.000000000000
557 132.561613635627 25.926102610699 0.000000000000
558 134.123792339706 24.521581031210 0.000000000000
559 135.685971043785 23.117059451722 0.000000000000
560 137.248149747864 21.712537872233 0.000000000000
561 137.608214141923 15.056989069154 0.000000000000
562 134.007514895523 15.605813039229 0.000000000000
563 132.382697450322 16.202662669155 0.000000000000
564 200.000000000000 2.006353077891 0.000000000000
565 200.000000000000 4.012706155783 0.000000000000
566 192.538232692590 0.000000000000 0.000000000000
567 195.025488461726 0.000000000000 0.000000000000
568 197.512744230863 0.000000000000 0.000000000000
569 191.267274025808 1.980770331397 0.000000000000
570 192.483571128164 3.961540662795 0.000000000000
571 195.799912153679 5.967893740686 0.000000000000
572 197.899956076840 5.993476487180 0.000000000000
573 165.945549366991 35.119834297350 0.000000000000
574 165.024190896256 36.998024021602 0.000000000000
575 164.102832425520 38.876213745855 0.000000000000
576 163.181473954785 40.754403470107 0.000000000000
577 162.368640068848 44.482294498319 0.000000000000
578 162.477164653647 46.331995802279 0.000000000000
579 163.558677237254 49.090848553119 0.000000000000
580 166.056642659249 48.394832161310 0.000000000000
581 167.581620082437 46.789664322619 0.000000000000
582 169.106597505625 45.184496483929 0.000000000000
583 170.631574928814 43.579328645238 0.000000000000
584 172.156552352002 41.974160806548 0.000000000000
585 173.681529775190 40.368992967857 0.000000000000
586 82.746767497699 30.105305300976 0.000000000000
587 83.996336692637 31.969023164146 0.000000000000
588 85.245905887574 33.832741027315 0.000000000000
589 86.495475082511 35.696458890485 0.000000000000
590 87.745044277449 37.560176753655 0.000000000000
591 90.339214043209 39.785006656517 0.000000000000
592 92.277845330734 38.478716148485 0.000000000000
593 91.094385151591 35.066254105057 0.000000000000
594 89.316894255744 33.321194609354 0.000000000000
595 87.539403359898 31.576135113650 0.000000000000
596 85.761912464051 29.831075617947 0.000000000000
597 83.984421568204 28.086016122243 0.000000000000
598 43.372741646067 8.321388028611 0.000000000000
599 44.658508057123 6.848077071553 0.000000000000
600 38.035888903043 11.529874520717 0.000000000000
601 40.061432069026 10.662286753193 0.000000000000
602 132.847518235942 31.296873418095 0.000000000000
603 0.000000000000 47.652300381787 0.000000000000
604 0.000000000000 45.304600763574 0.000000000000
605 0.000000000000 42.956901145361 0.000000000000
606 0.000000000000 40.609201527149 0.000000000000
607 0.000000000000 38.261501908936 0.000000000000
608 16.468403446096 50.000000000000 0.000000000000
609 14.115774382368 50.000000000000 0.000000000000
610 11.763145318640 50.000000000000 0.000000000000
611 9.410516254912 50.000000000000 0.000000000000
612 7.057887191184 50.000000000000 0.000000000000
613 4.705258127456 50.000000000000 0.000000000000
614 2.352629063728 50.000000000000 0.000000000000
615 15.722096642552 39.684528993678 0.000000000000
616 13.651807114924 39.062017528817 0.000000000000
617 11.581517587296 38.439506063956 0.000000000000
618 9.511228059668 37.816994599095 0.000000000000
619 4.960625688027 36.767589519730 0.000000000000
620 2.480312844013 36.340695905227 0.000000000000
621 18.563870924913 47.576760114635 0.000000000000
622 18.306709340002 45.153520229270 0.000000000000
623 18.049547755091 42.730280343904 0.000000000000
624 47.798917575473 43.188480533155 0.000000000000
625 51.365250604485 42.502568512135 0.000000000000
626 53.289296936268 41.256776508167 0.000000000000
627 54.839881366523 37.606353718500 0.000000000000
628 54.466419464995 35.201722932799 0.000000000000
629 100.082565458222 9.238300809464 0.000000000000
630 97.878883366913 9.569727834031 0.000000000000
631 95.675201275605 9.901154858598 0.000000000000
632 96.330549232051 13.777997960081 0.000000000000
633 98.318072535092 15.292356552028 0.000000000000
634 100.305595838133 16.806715143975 0.000000000000
635 102.293119141173 18.321073735923 0.000000000000
636 104.280642444213 19.835432327870 0.000000000000
637 108.359441613821 14.329026073819 0.000000000000
638 106.841143097748 12.973488001589 0.000000000000
639 105.322844581676 11.617949929358 0.000000000000
640 103.804546065603 10.262411857128 0.000000000000
641 200.000000000000 8.126632619431 0.000000000000
642 200.000000000000 10.234206005188 0.000000000000
643 200.000000000000 12.341779390945 0.000000000000
644 200.000000000000 14.449352776701 0.000000000000
645 200.000000000000 16.556926162458 0.000000000000
646 192.178743900494 7.874262494886 0.000000000000
647 190.657619570470 9.806213995581 0.000000000000
648 192.871178025238 16.494805267435 0.000000000000
649 195.247452016825 17.218036694362 0.000000000000
650 197.623726008413 17.941268121288 0.000000000000
651 161.080322171336 40.965325230501 0.000000000000
652 159.900528858624 39.298057266642 0.000000000000
653 154.757337638209 38.408744082381 0.000000000000
654 155.625470107334 40.368240419263 0.000000000000
655 156.493602576460 42.327736756144 0.000000000000
656 157.361735045585 44.287233093026 0.000000000000
657 160.407778376579 47.214213268072 0.000000000000
658 71.299991846234 24.460233932574 0.000000000000
659 73.250214981821 23.776027066255 0.000000000000
660 75.200438117407 23.091820199935 0.000000000000
661 77.150661252994 22.407613333616 0.000000000000
662 78.682254855305 19.644684970107 0.000000000000
663 162.121295385891 50.000000000000 0.000000000000
664 159.710925535720 50.000000000000 0.000000000000
665 157.300555685550 50.000000000000 0.000000000000
666 154.890185835380 50.000000000000 0.000000000000
667 152.479815985210 50.000000000000 0.000000000000
668 150.069446135039 50.000000000000 0.000000000000
669 155.879576943680 46.265990180157 0.000000000000
670 153.529286372650 46.285250930407 0.000000000000
671 151.178995801620 46.304511680658 0.000000000000
672 148.243890757729 48.161886215454 0.000000000000
673 87.178736034956 20.823314261891 0.000000000000
674 86.738899445783 15.884527220765 0.000000000000
675 85.125017360557 14.364415347951 0.000000000000
676 83.511135275331 12.844303475138 0.000000000000
677 81.897253190105 11.324191602324 0.000000000000
678 80.760872242121 22.838463503564 0.000000000000
679 84.341402797619 23.389892861572 0.000000000000
680 60.021039533930 50.000000000000 0.000000000000
681 55.834669740236 42.008787603360 0.000000000000
682 56.455996212422 44.006590702520 0.000000000000
683 57.077322684607 46.004393801680 0.000000000000
684 57.698649156793 48.002196900840 0.000000000000
685 67.724537207541 33.954477784609 0.000000000000
686 177.611201783461 22.322205354391 0.000000000000
687 180.069333285746 20.510757506420 0.000000000000
688 180.830051197985 18.778066191784 0.000000000000
689 171.189570556350 13.236123805884 0.000000000000
690 169.925940083224 14.472111337370 0.000000000000
691 168.901745831831 17.102825366807 0.000000000000
692 24.739222629215 32.923284308320 0.000000000000
693 24.396624831327 30.531633024219 0.000000000000
694 24.054027033439 28.139981740117 0.000000000000
695 23.711429235551 25.748330456016 0.000000000000
696 21.023891840740 24.122485841633 0.000000000000
697 18.678952243817 24.888292511351 0.000000000000
698 15.954011553801 27.824786791919 0.000000000000
699 16.017685602602 32.057787613923 0.000000000000
700 16.461360744497 34.120100825077 0.000000000000
701 16.905035886391 36.182414036231 0.000000000000
702 17.348711028286 38.244727247385 0.000000000000
703 19.614744734411 39.059014242009 0.000000000000
704 21.437103298641 37.810988025480 0.000000000000
705 23.259461862872 36.562961808951 0.000000000000
706 100.632034794299 50.000000000000 0.000000000000
707 98.714796525531 50.000000000000 0.000000000000
708 96.797558256764 50.000000000000 0.000000000000
709 103.327383041502 47.730401500224 0.000000000000
710 104.105493019938 45.460803000449 0.000000000000
711 104.883602998374 43.191204500673 0.000000000000
712 105.661712976811 40.921606000898 0.000000000000
713 106.439822955247 38.652007501122 0.000000000000
714 107.217932933683 36.382409001347 0.000000000000
715 93.602052719064 35.628158930765 0.000000000000
716 92.323115688824 42.116894956967 0.000000000000
717 92.962416763617 44.087671217725 0.000000000000
718 93.601717838411 46.058447478484 0.000000000000
719 94.241018913204 48.029223739242 0.000000000000
720 146.896683069158 39.725661853882 0.000000000000
721 147.540690456302 41.925032046224 0.000000000000
722 148.184697843446 44.124402238566 0.000000000000
723 87.864565641222 0.000000000000 0.000000000000
724 90.200467977822 0.000000000000 0.000000000000
725 92.536370314423 0.000000000000 0.000000000000
726 94.872272651023 0.000000000000 0.000000000000
727 97.208174987624 0.000000000000 0.000000000000
728 99.544077324224 0.000000000000 0.000000000000
729 102.603138179461 6.528060707280 0.000000000000
730 102.400004235108 2.074623814832 0.000000000000
731 86.852472617900 1.705430313861 0.000000000000
732 88.176281931179 3.410860627722 0.000000000000
733 89.500091244459 5.116290941583 0.000000000000
734 90.823900557738 6.821721255443 0.000000000000
735 92.147709871017 8.527151569304 0.000000000000
736 129.085507745576 15.429393010513 0.000000000000
737 127.413135486029 14.059273721945 0.000000000000
738 125.740763226483 12.689154433376 0.000000000000
739 124.068390966936 11.319035144808 0.000000000000
740 120.137436302143 10.995444578128 0.000000000000
741 117.878853896897 12.041973300015 0.000000000000
742 92.462990221343 50.000000000000 0.000000000000
743 90.045660454690 50.000000000000 0.000000000000
744 87.628330688036 50.000000000000 0.000000000000
745 85.211000921382 50.000000000000 0.000000000000
746 82.793671154729 50.000000000000 0.000000000000
747 86.755443201069 39.177812595635 0.000000000000
748 84.516272929751 38.931730574445 0.000000000000
749 82.277102658434 38.685648553256 0.000000000000
750 45.550639063346 17.122084819692 0.000000000000
751 47.623528897638 15.807416198632 0.000000000000
752 47.794057857700 13.318235429596 0.000000000000
753 45.891696983470 12.143723281620 0.000000000000
754 43.989336109240 10.969211133644 0.000000000000
755 36.261090434859 14.296000456911 0.000000000000
756 38.833806498124 16.941943563972 0.000000000000
757 41.155777863589 17.689348502362 0.000000000000
758 181.265119024654 23.225201892136 0.000000000000
759 183.221622675801 24.206954963214 0.000000000000
760 186.241481868289 23.305281195536 0.000000000000
761 187.304837409629 21.421854356779 0.000000000000
762 188.368192950970 19.538427518022 0.000000000000
763 189.431548492310 17.655000679265 0.000000000000
764 200.000000000000 20.347659715982 0.000000000000
765 185.977322135193 26.884465098634 0.000000000000
766 186.776517943438 28.580222162974 0.000000000000
767 31.605056374720 38.434838628616 0.000000000000
768 28.631098624579 36.521755907909 0.000000000000
769 26.856459525841 35.918345750165 0.000000000000
770 77.560247657076 34.366969969610 0.000000000000
771 78.872564538972 32.325175792342 0.000000000000
772 80.184881420867 30.283381615075 0.000000000000
773 42.456364680426 31.017183606178 0.000000000000
774 41.645247373771 34.701479462111 0.000000000000
775 41.536092237998 37.177601673003 0.000000000000
776 41.426937102224 39.653723883895 0.000000000000
777 48.362653958606 29.536676363950 0.000000000000
778 45.013178548117 29.410140955751 0.000000000000
779 115.039427958909 50.000000000000 0.000000000000
780 112.541396979741 50.000000000000 0.000000000000
781 110.043366000572 50.000000000000 0.000000000000
782 107.545335021403 50.000000000000 0.000000000000
783 105.047304042235 50.000000000000 0.000000000000
784 9.667701429653 18.415473427361 0.000000000000
785 11.334279233963 20.225129865788 0.000000000000
786 13.000857038274 22.034786304215 0.000000000000
787 14.667434842584 23.844442742642 0.000000000000
788 22.766314958800 21.141657883816 0.000000000000
789 22.163798479936 18.926636595718 0.000000000000
790 110.233437428882 3.537287256061 0.000000000000
791 107.795634555718 3.741274047262 0.000000000000
792 105.357831682555 3.945260838463 0.000000000000
793 115.030465253729 11.137461710494 0.000000000000
794 114.440659015808 9.186421399086 0.000000000000
795 113.850852777887 7.235381087677 0.000000000000
796 113.261046539966 5.284340776269 0.000000000000
797 115.391788912947 0.000000000000 0.000000000000
798 117.890941525664 0.000000000000 0.000000000000
799 120.390094138382 0.000000000000 0.000000000000
800 122.889246751099 0.000000000000 0.000000000000
801 123.581181895200 8.338216545466 0.000000000000
802 124.766345083009 6.727517234693 0.000000000000
803 125.763805301818 3.411211949279 0.000000000000
804 125.576102332817 1.705605974640 0.000000000000
805 112.781938301138 1.666650232430 0.000000000000
806 0.000000000000 33.448408271299 0.000000000000
807 14.000582268766 26.415372762613 0.000000000000
808 11.667151890639 27.176646344157 0.000000000000
809 9.333721512511 27.937919925701 0.000000000000
810 7.000291134383 28.699193507244 0.000000000000
811 4.666860756255 29.460467088788 0.000000000000
812 2.333430378128 30.221740670332 0.000000000000
813 9.067552917774 35.754681387941 0.000000000000
814 10.694167303507 34.314879641648 0.000000000000
815 12.320781689241 32.875077895355 0.000000000000
816 13.947396074974 31.435276149062 0.000000000000
817 134.366622122833 13.185901403287 0.000000000000
818 133.100911904944 11.362839397272 0.000000000000
819 131.835201687054 9.539777391256 0.000000000000
820 130.569491469165 7.716715385241 0.000000000000
821 127.627644761047 5.505235651572 0.000000000000
822 181.575057648582 50.000000000000 0.000000000000
823 179.140287303936 50.000000000000 0.000000000000
824 176.705516959290 50.000000000000 0.000000000000
825 174.270746614645 50.000000000000 0.000000000000
826 171.835976269999 50.000000000000 0.000000000000
827 169.401205925353 50.000000000000 0.000000000000
828 166.966435580707 50.000000000000 0.000000000000
829 159.275065015244 25.252161618120 0.000000000000
830 157.777317624800 23.596775743272 0.000000000000
831 156.279570234357 21.941389868425 0.000000000000
832 154.781822843914 20.286003993577 0.000000000000
833 153.284075453470 18.630618118730 0.000000000000
834 104.082510988706 0.000000000000 0.000000000000
835 106.285042316587 0.000000000000 0.000000000000
836 108.487573644468 0.000000000000 0.000000000000
837 110.690104972349 0.000000000000 0.000000000000
838 25.628034503261 22.935112728609 0.000000000000
839 27.887237568859 22.513546285302 0.000000000000
840 30.146440634457 22.091979841996 0.000000000000
841 33.774374177590 19.845121807653 0.000000000000
842 35.143104655124 18.019830216617 0.000000000000
843 52.664767836055 50.000000000000 0.000000000000
844 50.422299110113 50.000000000000 0.000000000000
845 48.179830384172 50.000000000000 0.000000000000
846 45.937361658230 50.000000000000 0.000000000000
847 53.540728489673 48.437090129025 0.000000000000
848 52.174220417350 46.874180258051 0.000000000000
849 50.807712345026 45.311270387076 0.000000000000
850 42.656017898912 46.488161469772 0.000000000000
851 43.175455415600 48.244080734886 0.000000000000
852 139.975427119456 3.926389227200 0.000000000000
853 137.841097945820 4.319842057605 0.000000000000
854 135.706768772183 4.713294888010 0.000000000000
855 133.572439598547 5.106747718415 0.000000000000
856 131.438110424911 5.500200548820 0.000000000000
857 181.065715365699 0.000000000000 0.000000000000
858 183.312030755138 0.000000000000 0.000000000000
859 185.558346144576 0.000000000000 0.000000000000
860 187.804661534015 0.000000000000 0.000000000000
861 178.826118795890 2.404968812781 0.000000000000
862 136.087211102072 43.670924313312 0.000000000000
863 137.369724914993 41.700081742710 0.000000000000
864 138.652238727914 39.729239172107 0.000000000000
865 146.037423580245 0.000000000000 0.000000000000
866 148.486662688139 0.000000000000 0.000000000000
867 150.935901796033 0.000000000000 0.000000000000
868 153.385140903928 0.000000000000 0.000000000000
869 155.834380011822 0.000000000000 0.000000000000
870 158.283619119716 0.000000000000 0.000000000000
871 156.661723847006 12.103652293190 0.000000000000
872 158.689497964216 11.178424553244 0.000000000000
873 160.720389310664 8.202557450639 0.000000000000
874 160.723506539900 6.151918087979 0.000000000000
875 160.726623769137 4.101278725320 0.000000000000
876 160.729740998373 2.050639362660 0.000000000000
877 0.000000000000 3.803218221918 0.000000000000
878 0.000000000000 1.901609110959 0.000000000000
879 2.481201067426 0.000000000000 0.000000000000
880 4.962402134852 0.000000000000 0.000000000000
881 7.443603202278 0.000000000000 0.000000000000
882 9.924804269704 0.000000000000 0.000000000000
883 12.406005337130 0.000000000000 0.000000000000
884 14.887206404556 0.000000000000 0.000000000000
885 17.368407471982 0.000000000000 0.000000000000
886 1.396488267137 6.753544331498 0.000000000000
887 2.792976534274 7.802261330119 0.000000000000
888 38.494117836197 28.270111074604 0.000000000000
889 40.826222343751 29.039560517870 0.000000000000
890 46.189974041754 26.896368248444 0.000000000000
891 45.511917838579 24.781464546521 0.000000000000
892 44.833861635404 22.666560844599 0.000000000000
893 44.155805432229 20.551657142676 0.000000000000
894 33.657766909584 23.613829476239 0.000000000000
895 34.909890119113 25.557245553788 0.000000000000
896 145.333683307574 50.000000000000 0.000000000000
897 143.008290330279 50.000000000000 0.000000000000
898 140.682897352985 50.000000000000 0.000000000000
899 138.357504375690 50.000000000000 0.000000000000
900 56.613606095487 50.000000000000 0.000000000000
901 0.000000000000 26.139196150416 0.000000000000
902 0.000000000000 23.868710726245 0.000000000000
903 0.000000000000 21.598225302074 0.000000000000
904 0.000000000000 19.327739877903 0.000000000000
905 0.000000000000 17.057254453732 0.000000000000
906 0.000000000000 14.786769029561 0.000000000000
907 0.000000000000 12.516283605390 0.000000000000
908 0.000000000000 10.245798181219 0.000000000000
909 0.000000000000 7.975312757048 0.000000000000
910 1.333520604224 26.442370810311 0.000000000000
911 2.667041208448 24.475060046036 0.000000000000
912 4.000561812672 22.507749281760 0.000000000000
913 5.334082416895 20.540438517485 0.000000000000
914 6.667603021119 18.573127753209 0.000000000000
915 88.099979709593 23.706326338474 0.000000000000
916 162.993675946191 0.000000000000 0.000000000000
917 165.254493664773 0.000000000000 0.000000000000
918 167.515311383354 0.000000000000 0.000000000000
919 169.776129101936 0.000000000000 0.000000000000
920 172.036946820517 0.000000000000 0.000000000000
921 174.297764539098 0.000000000000 0.000000000000
922 176.558582257680 0.000000000000 0.000000000000
923 162.703531463595 11.616922327189 0.000000000000
924 164.689790845763 12.980647841078 0.000000000000
925 166.676050227930 14.344373354967 0.000000000000
926 41.214850338062 50.000000000000 0.000000000000
927 38.734807743835 50.000000000000 0.000000000000
928 36.254765149608 50.000000000000 0.000000000000
929 33.774722555381 50.000000000000 0.000000000000
930 38.699830563974 43.027791447525 0.000000000000
931 36.564803902296 42.450921517915 0.000000000000
932 35.010758207577 29.425562518201 0.000000000000
933 33.859503086512 31.350463405064 0.000000000000
934 32.708247965447 33.275364291927 0.000000000000
935 31.556992844382 35.200265178790 0.000000000000
936 34.594380522807 38.240680403507 0.000000000000
937 36.384386019492 36.736849615435 0.000000000000
938 38.174391516176 35.233018827363 0.000000000000
939 39.964397012861 33.729188039291 0.000000000000
940 127.663372502383 0.000000000000 0.000000000000
941 129.938345640950 0.000000000000 0.000000000000
942 132.213318779517 0.000000000000 0.000000000000
943 134.488291918084 0.000000000000 0.000000000000
944 136.763265056650 0.000000000000 0.000000000000
945 139.038238195217 0.000000000000 0.000000000000
946 141.313211333784 0.000000000000 0.000000000000
947 61.831613182957 3.753685436369 0.000000000000
948 62.299923679507 1.538931920578 0.000000000000
949 60.145477124567 2.059183154684 0.000000000000
950 63.550722191242 2.750907929755 0.000000000000
951 59.360508243716 4.411774982096 0.000000000000
952 61.117304579278 6.089925367262 0.000000000000
953 62.640798249923 7.588736691284 0.000000000000
954 64.388827665003 6.951793418926 0.000000000000
955 62.858779454730 5.780748921478 0.000000000000
956 63.949933253965 1.352356096678 0.000000000000
957 64.257498100396 4.550454935595 0.000000000000
958 65.851007944198 5.895914312168 0.000000000000
959 66.341683436987 4.086673439831 0.000000000000
960 57.593507495890 1.386074531733 0.000000000000
961 55.544151370165 1.798953031531 0.000000000000
962 57.564926940638 3.072236472448 0.000000000000
963 67.095023847287 2.091251287351 0.000000000000
964 65.125550492086 2.471940633057 0.000000000000
965 64.375294993403 8.810623110625 0.000000000000
966 90.567139643603 17.358564414565 0.000000000000
967 92.292479405183 17.524571409266 0.000000000000
968 91.746371501604 15.963531526985 0.000000000000
969 92.973435680819 14.151791174680 0.000000000000
970 32.825983354152 41.772157905195 0.000000000000
971 31.421931867425 43.089983548765 0.000000000000
972 24.813363282024 48.469865677493 0.000000000000
973 31.797006368066 44.627923354375 0.000000000000
974 27.465738165701 48.079478721097 0.000000000000
975 29.956762779351 44.350049477262 0.000000000000
976 30.746369078618 46.196947921233 0.000000000000
977 28.333172081725 46.299237156916 0.000000000000
978 29.842973860527 48.102979057646 0.000000000000
979 66.781217492049 43.344673232128 0.000000000000
980 66.018947738307 45.545566176209 0.000000000000
981 68.404735716813 45.163965805276 0.000000000000
982 69.828677126886 41.921375266526 0.000000000000
983 71.897188731357 42.777033388926 0.000000000000
984 71.317506730661 40.177753351464 0.000000000000
985 70.518227627000 44.115250878662 0.000000000000
986 72.037359890369 45.346427642597 0.000000000000
987 67.473398186595 47.618323557872 0.000000000000
988 68.635069041743 43.154604709441 0.000000000000
989 69.316479470178 47.303532460280 0.000000000000
990 67.738823818824 41.580638753092 0.000000000000
991 69.890443650272 37.786933061185 0.000000000000
992 68.865246811731 39.722970517573 0.000000000000
993 70.461501913620 46.001566999840 0.000000000000
994 65.054017954358 47.696876864349 0.000000000000
995 71.729904846468 38.155769077813 0.000000000000
996 72.854393461647 47.751308383090 0.000000000000
997 70.959457272750 47.733805915805 0.000000000000
998 42.569425734062 42.687885050374 0.000000000000
999 50.496013653568 33.757923428682 0.000000000000
1000 52.259227834306 32.453046355163 0.000000000000
1001 50.590716370980 31.841462642559 0.000000000000
1002 44.239697949058 41.861587372984 0.000000000000
1003 46.505360278223 38.630374529568 0.000000000000
1004 45.236846209001 40.376431719203 0.000000000000
1005 47.888458620302 36.885037661066 0.000000000000
1006 49.300215193042 35.434941352887 0.000000000000
1007 48.670156004350 33.992700157335 0.000000000000
1008 150.305469637364 30.845209840915 0.000000000000
1009 148.893548995156 26.668850885691 0.000000000000
1010 150.089902188384 25.215210207961 0.000000000000
1011 148.187378708214 22.396363181263 0.000000000000
1012 148.338630160828 24.626124923414 0.000000000000
1013 150.074141548857 23.197422466507 0.000000000000
1014 149.561240749405 19.009112441286 0.000000000000
1015 149.621202728696 28.684254731977 0.000000000000
1016 149.847662569468 21.009001730465 0.000000000000
1017 11.273129757160 12.618452927993 0.000000000000
1018 11.973776426623 8.234188702256 0.000000000000
1019 8.122405132731 11.027370482228 0.000000000000
1020 14.651188450072 10.276233873203 0.000000000000
1021 14.240844990197 7.975167178823 0.000000000000
1022 9.735243926665 9.197642826686 0.000000000000
1023 11.486228996547 10.341118362918 0.000000000000
1024 9.119025292974 13.057389791542 0.000000000000
1025 13.060976245545 12.893334469128 0.000000000000
1026 9.947206621215 11.248394878274 0.000000000000
1027 14.596939905036 12.316952917165 0.000000000000
1028 7.599951453204 9.370290418271 0.000000000000
1029 13.050224002698 9.573600858331 0.000000000000
1030 13.007957206780 11.268464340600 0.000000000000
1031 151.822208325906 33.457177901902 0.000000000000
1032 157.947861802329 33.514227040926 0.000000000000
1033 155.786270449064 34.993643745298 0.000000000000
1034 158.415491757166 35.602076259667 0.000000000000
1035 157.176776137261 31.495627215069 0.000000000000
1036 159.568736607213 32.236720195312 0.000000000000
1037 155.764062136014 32.857019031985 0.000000000000
1038 153.658149982518 33.635025015310 0.000000000000
1039 163.011796179278 33.025191180770 0.000000000000
1040 164.744965195345 32.449177902789 0.000000000000
1041 163.316350405015 30.547914237254 0.000000000000
1042 160.975833711723 33.900275788531 0.000000000000
1043 161.393704693505 31.470276445890 0.000000000000
1044 161.614555524435 28.993682476901 0.000000000000
1045 159.127275858985 30.294215537963 0.000000000000
1046 195.755614225731 30.994036213827 0.000000000000
1047 197.585289040044 32.053523830279 0.000000000000
1048 197.928657920631 30.273175048145 0.000000000000
1049 194.210739694939 28.790672764258 0.000000000000
1050 194.054531573615 30.884541035530 0.000000000000
1051 196.146754944002 29.061745895117 0.000000000000
1052 192.016542024262 29.804071197265 0.000000000000
1053 192.245097522719 31.733948288941 0.000000000000
1054 194.293066123253 32.655214528164 0.000000000000
1055 195.996735716552 27.109322702454 0.000000000000
1056 192.685039387442 33.812898623734 0.000000000000
1057 194.376795464844 34.764972387636 0.000000000000
1058 198.084289314009 28.051109387708 0.000000000000
1059 190.879756171421 32.621187867220 0.000000000000
1060 196.543419406425 37.268450610546 0.000000000000
1061 198.153913994406 38.010162012972 0.000000000000
1062 198.201839595798 36.021234988451 0.000000000000
1063 197.919210093622 25.751961035442 0.000000000000
1064 196.229702777633 35.422483565309 0.000000000000
1065 190.215702771536 30.940441352010 0.000000000000
1066 198.014515282756 33.865257014572 0.000000000000
1067 196.070260283059 33.239380400189 0.000000000000
1068 129.821368312343 28.272177524149 0.000000000000
1069 123.538428016869 27.780544090396 0.000000000000
1070 128.193974270096 25.378860843748 0.000000000000
1071 127.949307553435 30.291465784451 0.000000000000
1072 122.414145340797 24.184621410816 0.000000000000
1073 127.156290522567 23.617101511200 0.000000000000
1074 126.161897189018 25.503320619443 0.000000000000
1075 127.332660920937 27.158975442916 0.000000000000
1076 124.563499469117 23.398212830344 0.000000000000
1077 121.980359197876 26.208713711040 0.000000000000
1078 124.932247049714 29.403770314915 0.000000000000
1079 129.626685139461 29.647942214889 0.000000000000
1080 124.048585177959 25.615897661222 0.000000000000
1081 126.323837595287 30.830542436806 0.000000000000
1082 125.465863770297 27.390045004724 0.000000000000
1083 126.727093953801 28.989281462035 0.000000000000
1084 128.428391619464 28.501638047624 0.000000000000
1085 129.148820702391 26.923583085413 0.000000000000
1086 122.497091129230 22.371564916251 0.000000000000
1087 76.907728533335 42.142929965624 0.000000000000
1088 77.227276120408 46.350914994668 0.000000000000
1089 75.773327508829 38.895059704923 0.000000000000
1090 75.952620227068 44.478431655371 0.000000000000
1091 77.859704559886 40.055853798299 0.000000000000
1092 78.319665952644 44.263911305025 0.000000000000
1093 75.349144899933 40.787804699227 0.000000000000
1094 75.997735693515 48.135077948835 0.000000000000
1095 78.367929102337 48.273214966009 0.000000000000
1096 75.455083557048 46.484364282771 0.000000000000
1097 78.701252821527 41.949797121126 0.000000000000
1098 75.296894103199 42.821388962087 0.000000000000
1099 78.892901710193 46.390356236988 0.000000000000
1100 74.456060141516 37.799973734755 0.000000000000
1101 75.723472090260 37.500346516175 0.000000000000
1102 184.393649294199 12.911669675953 0.000000000000
1103 184.129172214573 14.677002752363 0.000000000000
1104 186.076034617568 14.284141806450 0.000000000000
1105 187.988732526560 12.387245890231 0.000000000000
1106 185.993176548733 11.928686428218 0.000000000000
1107 187.628502726541 13.688993578592 0.000000000000
1108 183.939644375319 11.102049710219 0.000000000000
1109 182.615491337954 15.164338266329 0.000000000000
1110 19.508710109241 3.242510433932 0.000000000000
1111 23.731147497655 9.089859831342 0.000000000000
1112 25.780762698586 3.289196742147 0.000000000000
1113 18.427867712375 10.664694398728 0.000000000000
1114 19.664922630351 13.872753134417 0.000000000000
1115 18.249652043995 6.170834626628 0.000000000000
1116 23.099170936272 1.633043870616 0.000000000000
1117 26.266053955326 5.166121253067 0.000000000000
1118 24.310058275195 4.580543590628 0.000000000000
1119 24.617628907093 6.700406982679 0.000000000000
1120 22.381712657964 7.345165155159 0.000000000000
1121 21.683959097813 9.347835262521 0.000000000000
1122 20.170327551890 7.296745239548 0.000000000000
1123 21.240838729962 5.704301696988 0.000000000000
1124 20.862719264516 1.670958789343 0.000000000000
1125 21.971937039243 3.791405225778 0.000000000000
1126 17.975733339157 12.802774897005 0.000000000000
1127 21.425627618040 12.972822817637 0.000000000000
1128 22.702530179164 11.098748899432 0.000000000000
1129 20.590700952978 10.953797561434 0.000000000000
1130 18.285132984141 8.308297083770 0.000000000000
1131 25.188175143077 1.549895367583 0.000000000000
1132 22.854612436764 5.594799896932 0.000000000000
1133 19.831597659839 9.314273909200 0.000000000000
1134 24.070020818475 2.968816959350 0.000000000000
1135 19.732343353901 4.981321632570 0.000000000000
1136 21.033835598626 14.795477716852 0.000000000000
1137 19.486202881191 12.214082240193 0.000000000000
1138 18.280296933173 4.472813106904 0.000000000000
1139 117.249315156160 31.864298090522 0.000000000000
1140 116.580361961748 34.012425023661 0.000000000000
1141 118.404976456102 33.329269213522 0.000000000000
1142 115.389619950035 32.227309023489 0.000000000000
1143 111.747821949381 31.794724507271 0.000000000000
1144 113.697531591737 30.366127523178 0.000000000000
1145 111.574709575156 30.095505631518 0.000000000000
1146 122.145472728149 32.478126961989 0.000000000000
1147 123.832135144892 33.443766984101 0.000000000000
1148 115.993289589127 29.890572769238 0.000000000000
1149 113.607660856845 32.943942923004 0.000000000000
1150 114.952095384765 34.243748449036 0.000000000000
1151 122.188328363147 35.318518162279 0.000000000000
1152 119.307728691035 28.998682124569 0.000000000000
1153 117.976464161332 30.234207349335 0.000000000000
1154 119.047765566050 31.242408660984 0.000000000000
1155 121.196421699461 30.619625929548 0.000000000000
1156 120.151687232211 32.408369258409 0.000000000000
1157 117.547241862206 28.734384069763 0.000000000000
1158 120.089859650386 34.349170313650 0.000000000000
1159 117.950013049662 35.704361678619 0.000000000000
1160 119.698680074988 36.856376606959 0.000000000000
1161 121.408313641258 38.034744051164 0.000000000000
1162 64.612943698346 25.021151141131 0.000000000000
1163 66.939756707959 25.367766105022 0.000000000000
1164 65.570157576894 22.895674216732 0.000000000000
1165 63.765701634274 21.019076198973 0.000000000000
1166 65.524525684308 20.738443091850 0.000000000000
1167 63.156308653257 23.061042070920 0.000000000000
1168 65.326180474339 30.819143916668 0.000000000000
1169 65.722083370058 28.977418507296 0.000000000000
1170 63.552017255122 30.218119202401 0.000000000000
1171 57.711417971212 21.408860747858 0.000000000000
1172 58.346124377212 23.145704884659 0.000000000000
1173 59.656711916398 21.867295082099 0.000000000000
1174 65.198176707077 26.919401367605 0.000000000000
1175 61.419125418331 30.428966134498 0.000000000000
1176 61.596258447283 28.504074859992 0.000000000000
1177 63.831725634361 28.241441207356 0.000000000000
1178 59.215573046712 25.150915790178 0.000000000000
1179 57.121125651408 24.314699358840 0.000000000000
1180 60.803716690570 23.579645249822 0.000000000000
1181 62.581899726301 24.892542309246 0.000000000000
1182 61.136869079777 26.222550825745 0.000000000000
1183 63.199660509555 26.578322258613 0.000000000000
1184 59.749335644008 29.971833289150 0.000000000000
1185 56.980506983249 26.163701215878 0.000000000000
1186 63.783921615738 17.553575533014 0.000000000000
1187 64.562284160773 19.047980607746 0.000000000000
1188 66.807940036912 27.329381876607 0.000000000000
1189 62.223180810500 19.023237031001 0.000000000000
1190 61.557752919911 21.348080175591 0.000000000000
1191 56.142040230114 30.171826835517 0.000000000000
1192 57.915133810301 29.618664723768 0.000000000000
1193 56.544278143404 28.235820088028 0.000000000000
1194 59.120171383780 27.733618222502 0.000000000000
1195 59.903465537581 20.146331285498 0.000000000000
1196 100.175510333107 23.975913765913 0.000000000000
1197 97.868897375402 23.546336159209 0.000000000000
1198 98.691143538651 25.470271954857 0.000000000000
1199 97.463917972267 28.112493245619 0.000000000000
1200 97.550317674070 26.652310746500 0.000000000000
1201 180.733863783824 35.539953732856 0.000000000000
1202 178.971241120416 36.831344268159 0.000000000000
1203 181.160169712097 37.054264638743 0.000000000000
1204 177.348362317373 38.260772949847 0.000000000000
1205 178.542505927402 40.252938587927 0.000000000000
1206 183.697775683116 39.124009323133 0.000000000000
1207 185.388381631658 37.568857933290 0.000000000000
1208 183.248850490361 37.308579506593 0.000000000000
1209 184.922374509713 35.588883202716 0.000000000000
1210 181.479815362418 39.080142986730 0.000000000000
1211 180.291684419348 40.563277228316 0.000000000000
1212 182.270985854404 41.196211440169 0.000000000000
1213 187.886142455042 33.921538283845 0.000000000000
1214 186.959706769353 32.283231781360 0.000000000000
1215 185.462456339944 33.814030280038 0.000000000000
1216 186.632776671311 35.842530099181 0.000000000000
1217 180.825520438059 42.732546734609 0.000000000000
1218 182.904801132917 35.090376455604 0.000000000000
1219 179.622446382646 38.475190882518 0.000000000000
1220 93.119641794402 26.356626565327 0.000000000000
1221 93.928913867170 28.492571605775 0.000000000000
1222 94.410814797337 30.627277777293 0.000000000000
1223 94.326044495530 24.932260949738 0.000000000000
1224 94.875782498200 32.504439605280 0.000000000000
1225 34.167406335480 4.195461986969 0.000000000000
1226 30.971056167239 3.256860064249 0.000000000000
1227 36.812698528012 3.407887573768 0.000000000000
1228 34.558406304414 6.747429414263 0.000000000000
1229 31.935938737088 5.678024898754 0.000000000000
1230 33.031593615190 2.261383883744 0.000000000000
1231 29.354867231938 2.019332266295 0.000000000000
1232 36.086410390261 5.418495599201 0.000000000000
1233 35.158152439893 2.137932761488 0.000000000000
1234 29.346700775081 3.838583959698 0.000000000000
1235 37.676535955181 1.844192531787 0.000000000000
1236 31.351707311809 1.629226076112 0.000000000000
1237 32.434922859375 4.141434844033 0.000000000000
1238 30.474069967760 4.999489281969 0.000000000000
1239 38.296045219877 4.054383724705 0.000000000000
1240 33.197817411461 7.235502210879 0.000000000000
1241 34.523162814272 8.418557424879 0.000000000000
1242 35.831873696982 7.304505932330 0.000000000000
1243 35.519991973702 3.736408422539 0.000000000000
1244 33.681547321841 5.595205420586 0.000000000000
1245 75.059117545564 12.748242024323 0.000000000000
1246 77.427520362946 10.051995520083 0.000000000000
1247 72.734883081056 12.669483203776 0.000000000000
1248 77.211985759823 14.087893940644 0.000000000000
1249 77.720499290482 12.076481135131 0.000000000000
1250 75.601491384449 10.527290266902 0.000000000000
1251 68.844352098596 12.822075038981 0.000000000000
1252 75.462899740764 14.945424766628 0.000000000000
1253 78.830458641314 8.929742077254 0.000000000000
1254 70.624246634290 12.714460327937 0.000000000000
1255 73.724968071664 11.009008492802 0.000000000000
1256 73.760953878701 14.324706478946 0.000000000000
1257 77.205846629474 15.716869842274 0.000000000000
1258 78.875622042327 10.520306771317 0.000000000000
1259 123.698126200946 44.753859170934 0.000000000000
1260 125.337999297789 46.022135104782 0.000000000000
1261 126.866804797750 47.467363837143 0.000000000000
1262 126.966608699190 45.505497792816 0.000000000000
1263 128.793108001319 46.505939468389 0.000000000000
1264 128.265796017961 48.501213521782 0.000000000000
1265 120.773889529261 48.286286392926 0.000000000000
1266 121.721624622358 47.010950295345 0.000000000000
1267 122.034509027773 43.955024750887 0.000000000000
1268 121.818833180382 45.476206169409 0.000000000000
1269 123.598603008952 46.677476186357 0.000000000000
1270 122.965251120614 48.430812094456 0.000000000000
1271 130.195100596345 48.291501911512 0.000000000000
1272 132.078179772351 47.856728671145 0.000000000000
1273 130.863113660349 46.469639159369 0.000000000000
1274 133.717282909786 47.283101671002 0.000000000000
1275 125.052531602005 48.269397135089 0.000000000000
1276 49.108494725993 2.227400597347 0.000000000000
1277 47.312459101930 1.371330253072 0.000000000000
1278 46.757017242388 3.078034733513 0.000000000000
1279 45.428333114811 1.680420346965 0.000000000000
1280 44.895722609002 3.291043535437 0.000000000000
1281 43.293310260481 2.462390496922 0.000000000000
1282 41.263239538536 2.676753966982 0.000000000000
1283 198.410943391074 45.301102598319 0.000000000000
1284 196.631147751206 44.527815240202 0.000000000000
1285 197.032182957170 46.571956456600 0.000000000000
1286 195.030264464826 45.694966031731 0.000000000000
1287 189.832912706056 37.340211405974 0.000000000000
1288 191.947823717227 38.312413133189 0.000000000000
1289 193.233953346464 47.271919459887 0.000000000000
1290 195.126018101079 47.996593187676 0.000000000000
1291 192.754029101269 44.586431938409 0.000000000000
1292 194.783030174703 43.917670849178 0.000000000000
1293 183.515541753552 45.459310401589 0.000000000000
1294 184.610643309700 43.985084761403 0.000000000000
1295 186.220970501392 43.456442948817 0.000000000000
1296 189.407387359514 47.916994899077 0.000000000000
1297 191.129778762117 46.335575675434 0.000000000000
1298 189.202474156162 45.596859853490 0.000000000000
1299 191.560036528949 48.403480988336 0.000000000000
1300 184.195451434505 47.450468575377 0.000000000000
1301 186.543498608490 48.210329843741 0.000000000000
1302 188.213456139743 39.470484179375 0.000000000000
1303 187.010923136087 41.368113345950 0.000000000000
1304 189.248737833736 41.034105648339 0.000000000000
1305 187.610510289522 46.425304867639 0.000000000000
1306 185.708726451982 45.679540638004 0.000000000000
1307 188.378988911267 43.255198252066 0.000000000000
1308 187.264469303115 44.769843090692 0.000000000000
1309 193.822100380339 41.896558455089 0.000000000000
1310 196.188820661556 42.400793602629 0.000000000000
1311 195.614340792162 40.612228758325 0.000000000000
1312 193.797305227449 39.634600945027 0.000000000000
1313 190.620792080345 44.237766913403 0.000000000000
1314 190.315238111244 42.289165192993 0.000000000000
1315 191.828470888200 42.646985833711 0.000000000000
1316 198.225176008172 43.034648148210 0.000000000000
1317 196.881259271423 48.440717177836 0.000000000000
1318 191.539980680171 40.593824337922 0.000000000000
1319 190.033839946685 39.227848760829 0.000000000000
1320 198.577153618998 47.752249167053 0.000000000000
1321 170.480166420470 30.413531763734 0.000000000000
1322 168.458945313863 32.014607769558 0.000000000000
1323 170.633215691996 32.983442952726 0.000000000000
1324 168.139883157882 30.146743482365 0.000000000000
1325 172.402934466705 26.312562086839 0.000000000000
1326 173.603048915045 27.732621138893 0.000000000000
1327 173.689652510204 25.198482970908 0.000000000000
1328 170.262388739040 25.829710133516 0.000000000000
1329 170.204784535341 23.376288248232 0.000000000000
1330 168.295322254578 24.218251842813 0.000000000000
1331 171.718776225379 24.372281720149 0.000000000000
1332 174.263277084616 23.101981242152 0.000000000000
1333 169.151495207356 28.391825459028 0.000000000000
1334 173.791172450771 31.447722970374 0.000000000000
1335 172.876012224031 29.764609746060 0.000000000000
1336 171.470571040772 28.056144332883 0.000000000000
1337 173.001779433450 33.822116930784 0.000000000000
1338 172.158328603125 31.683158909875 0.000000000000
1339 166.890288651424 28.747590583953 0.000000000000
1340 172.401026373783 22.710808479590 0.000000000000
1341 167.779083335597 26.582030227447 0.000000000000
1342 166.645639835461 24.997420501798 0.000000000000
1343 168.472207830107 22.287004358714 0.000000000000
1344 165.925277237453 26.886244196566 0.000000000000
1345 170.182572459796 21.052258912219 0.000000000000
1346 104.398567541731 31.846985283569 0.000000000000
1347 107.115847727791 27.090999080142 0.000000000000
1348 104.441720657483 23.503778649917 0.000000000000
1349 108.393363254194 29.901765489482 0.000000000000
1350 101.880128167016 27.982765030497 0.000000000000
1351 104.045748303054 25.321975645877 0.000000000000
1352 108.130735360213 31.613577140424 0.000000000000
1353 106.261252686841 30.317648266794 0.000000000000
1354 101.924180084456 31.833181526562 0.000000000000
1355 99.486957044031 31.813014605672 0.000000000000
1356 100.634305325936 29.885778410873 0.000000000000
1357 103.353140176248 29.707014322860 0.000000000000
1358 105.354466158735 28.303849024951 0.000000000000
1359 106.027977179895 24.820371684707 0.000000000000
1360 105.809833812673 22.880111596739 0.000000000000
1361 103.675938532147 27.241364920162 0.000000000000
1362 107.200553057940 28.768020060471 0.000000000000
1363 105.262882364572 26.579706833197 0.000000000000
1364 106.465963265611 32.381884154335 0.000000000000
1365 108.389102021852 28.399932241272 0.000000000000
1366 102.539823541207 25.986653823220 0.000000000000
1367 56.770518810777 12.442468911770 0.000000000000
1368 61.168530455241 13.022454757979 0.000000000000
1369 55.579250818007 8.779360098187 0.000000000000
1370 56.476998287669 16.140633941287 0.000000000000
1371 53.486427712756 13.892096120565 0.000000000000
1372 58.159929273237 10.567744493084 0.000000000000
1373 59.309405307619 14.389020760780 0.000000000000
1374 53.996730458383 10.421859088000 0.000000000000
1375 54.919407102925 6.162553625850 0.000000000000
1376 62.806548623207 14.587431704246 0.000000000000
1377 54.280090086437 15.670715585581 0.000000000000
1378 63.417635530150 12.940201557472 0.000000000000
1379 58.861527586994 12.550890706614 0.000000000000
1380 60.559302951312 10.483197697602 0.000000000000
1381 53.501286949960 8.252843861759 0.000000000000
1382 60.774497931225 15.495606486586 0.000000000000
1383 58.556704033058 16.634471383645 0.000000000000
1384 56.103816149461 10.579343374444 0.000000000000
1385 51.595702125298 14.047841366017 0.000000000000
1386 56.396803889860 18.097434992379 0.000000000000
1387 57.061171005409 7.262120038926 0.000000000000
1388 52.538843093373 11.879901272972 0.000000000000
1389 55.384127062904 14.091205935358 0.000000000000
1390 57.307350434532 14.417378502212 0.000000000000
1391 54.742488093975 12.255982621047 0.000000000000
1392 54.860834757504 17.264402037206 0.000000000000
1393 62.484761640609 11.535526643731 0.000000000000
1394 58.934223873889 8.647759156750 0.000000000000
1395 52.534446193359 9.790645875410 0.000000000000
1396 52.695438815276 15.317045348429 0.000000000000
1397 57.205851753516 9.094680911128 0.000000000000
1398 145.647396301119 11.614198596512 0.000000000000
1399 149.356386318106 13.629192118280 0.000000000000
1400 144.678580201015 8.303798331377 0.000000000000
1401 146.405987785545 14.130986007064 0.000000000000
1402 143.061140248341 13.113458466625 0.000000000000
1403 147.756052191866 10.788745345575 0.000000000000
1404 148.761783620735 15.661740520994 0.000000000000
1405 143.288459376247 10.525284880962 0.000000000000
1406 150.749157034580 15.223801750322 0.000000000000
1407 147.347670157808 8.763398114404 0.000000000000
1408 151.561792896254 13.349237608008 0.000000000000
1409 144.259837312057 6.052747627000 0.000000000000
1410 147.417193463165 12.716288431104 0.000000000000
1411 144.651736594404 14.925993350058 0.000000000000
1412 150.020778463743 11.699846161049 0.000000000000
1413 146.148063619344 7.048390622822 0.000000000000
1414 142.986198653104 7.778190126451 0.000000000000
1415 141.281419222059 13.703949027398 0.000000000000
1416 141.852626466209 11.816560420180 0.000000000000
1417 145.483792175303 9.897022388178 0.000000000000
1418 143.365924719819 4.512759861564 0.000000000000
1419 147.034638575205 15.676469386286 0.000000000000
1420 153.078242576973 13.178629008654 0.000000000000
1421 149.232516828629 9.913533156910 0.000000000000
1422 144.679039775088 12.924066469844 0.000000000000
1423 147.795197952551 14.362935292745 0.000000000000
1424 180.595611105691 11.574459797892 0.000000000000
1425 180.244570298520 9.806353567689 0.000000000000
1426 178.883460425975 11.668259580464 0.000000000000
1427 177.785303819987 9.556854340837 0.000000000000
1428 179.907769955063 13.603976414393 0.000000000000
1429 174.970109601590 11.923263430108 0.000000000000
1430 177.017381228481 11.890347952625 0.000000000000
1431 175.913022268194 10.419094030995 0.000000000000
1432 178.006428728418 13.376059601733 0.000000000000
1433 179.557744727236 8.101401016336 0.000000000000
1434 142.545666347841 19.574223131995 0.000000000000
1435 145.106171282267 20.272131984008 0.000000000000
1436 141.458485526090 21.482817579721 0.000000000000
1437 140.968720218574 17.991289208238 0.000000000000
1438 143.491370098873 21.719337005495 0.000000000000
1439 140.400579077523 19.934488408119 0.000000000000
1440 144.417299262967 18.321250248553 0.000000000000
1441 145.230535948119 22.246791250432 0.000000000000
1442 146.235976531843 18.830535100931 0.000000000000
1443 142.636844553997 17.488621659603 0.000000000000
1444 143.072565481086 29.143936406680 0.000000000000
1445 139.438252395324 34.489065918547 0.000000000000
1446 146.957912164568 32.088540122543 0.000000000000
1447 142.873901143469 35.786507344599 0.000000000000
1448 139.614422179611 29.835056805706 0.000000000000
1449 145.873677272867 35.911765134712 0.000000000000
1450 140.830472400189 36.022700109603 0.000000000000
1451 141.713534776662 34.190455208855 0.000000000000
1452 143.707874639980 33.911716793789 0.000000000000
1453 142.581032739311 32.403091990683 0.000000000000
1454 140.485515486434 32.672012402487 0.000000000000
1455 138.277304125438 32.876243207372 0.000000000000
1456 144.901768522582 31.929622807894 0.000000000000
1457 144.920363511894 29.793277623132 0.000000000000
1458 145.786281983048 33.987825773134 0.000000000000
1459 141.042846838130 28.540250381737 0.000000000000
1460 141.355117605416 30.797395918017 0.000000000000
1461 147.887568410492 33.674272270164 0.000000000000
1462 138.085139560875 31.013148156058 0.000000000000
1463 143.555196890616 30.856476408039 0.000000000000
1464 136.686008755259 32.103806497529 0.000000000000
1465 147.105634238155 34.985540294533 0.000000000000
1466 144.418876405635 35.331256654764 0.000000000000
1467 146.389489795660 30.567417434433 0.000000000000
1468 139.666710421385 31.300456652825 0.000000000000
1469 144.496461420422 25.722821695997 0.000000000000
1470 142.452405027619 25.135887753533 0.000000000000
1471 113.390137190472 15.637352892186 0.000000000000
1472 114.908964946625 15.435112410508 0.000000000000
1473 109.050489682408 22.973631715845 0.000000000000
1474 108.672130718517 21.138627418131 0.000000000000
1475 110.643990263295 21.646260731783 0.000000000000
1476 110.528818260795 23.581133702551 0.000000000000
1477 110.712639728215 25.451103040466 0.000000000000
1478 112.422243029052 23.934230513775 0.000000000000
1479 112.735369952210 25.683092639996 0.000000000000
1480 115.769658423391 23.924429412168 0.000000000000
1481 114.881453207033 26.064082907346 0.000000000000
1482 116.918061040480 25.510539407000 0.000000000000
1483 112.940315275834 19.912544881128 0.000000000000
1484 111.027077890594 18.089495696507 0.000000000000
1485 110.510947047015 20.008213599214 0.000000000000
1486 113.651687841090 17.661154068983 0.000000000000
1487 112.161236130144 22.263412609585 0.000000000000
1488 109.271212306655 19.254138355944 0.000000000000
1489 114.270784128207 22.242890131143 0.000000000000
1490 114.124609974743 24.383750958907 0.000000000000
1491 116.968243111356 21.549355666775 0.000000000000
1492 115.267413811543 19.750889265503 0.000000000000
1493 117.401641835072 19.136469698954 0.000000000000
1494 116.087597213004 17.307093635705 0.000000000000
1495 119.200977891222 20.876437028306 0.000000000000
1496 118.909956632798 23.074817469420 0.000000000000
1497 113.003486011600 27.127732825694 0.000000000000
1498 118.708076145492 24.920645102303 0.000000000000
1499 111.267772139583 27.137653968641 0.000000000000
1500 117.454799078529 23.795957401840 0.000000000000
1501 111.947712060506 16.378355381679 0.000000000000
1502 68.359141598030 7.448127498963 0.000000000000
1503 67.819434510368 9.441755156597 0.000000000000
1504 69.921680786498 8.610381152274 0.000000000000
1505 79.730453908126 2.469231009344 0.000000000000
1506 77.519368982441 1.887454037544 0.000000000000
1507 78.002981164736 3.722922824298 0.000000000000
1508 75.768746584223 1.550558892168 0.000000000000
1509 74.192325494182 1.964278482553 0.000000000000
1510 75.444913210052 5.931910001732 0.000000000000
1511 77.022724693330 5.125255990247 0.000000000000
1512 75.988958261709 3.514667121603 0.000000000000
1513 74.004070546706 4.132141662199 0.000000000000
1514 70.622919011209 3.407360589272 0.000000000000
1515 70.224896419597 5.831284926946 0.000000000000
1516 72.142464842939 4.434617443245 0.000000000000
1517 73.003038221160 5.937662488466 0.000000000000
1518 72.398037165021 2.588303219350 0.000000000000
1519 72.116483943851 7.857680187946 0.000000000000
1520 79.058991967850 4.827290675164 0.000000000000
1521 74.085400316963 7.438340677598 0.000000000000
1522 71.013305813709 1.591421145828 0.000000000000
1523 133.929349523441 19.895024971441 0.000000000000
1524 136.088883890979 18.007153495263 0.000000000000
1525 131.822243460439 22.083664449611 0.000000000000
1526 133.862905783992 17.722204061355 0.000000000000
1527 135.798394121060 20.068979944225 0.000000000000
1528 133.731520178161 21.806643566497 0.000000000000
1529 132.108877623030 18.576088212689 0.000000000000
1530 131.551719226692 24.027651015868 0.000000000000
1531 130.997877007985 20.311585456517 0.000000000000
1532 137.403248760767 19.212416117894 0.000000000000
1533 137.565324272122 17.022619506026 0.000000000000
1534 135.216290628514 16.473181131824 0.000000000000
1535 130.278449501152 21.534259202007 0.000000000000
1536 134.919883329868 18.923340618071 0.000000000000
1537 133.061183904687 23.354143513264 0.000000000000
1538 132.544508427623 20.779050107720 0.000000000000
1539 135.328375176989 21.535203124301 0.000000000000
1540 130.559013578873 22.917686316135 0.000000000000
1541 136.489816231355 16.021771653972 0.000000000000
1542 196.792324772415 4.014145129580 0.000000000000
1543 198.642814266757 4.478192012852 0.000000000000
1544 198.521790474425 2.351573055826 0.000000000000
1545 196.704650050941 1.949615014679 0.000000000000
1546 194.829430518716 4.529805430618 0.000000000000
1547 194.850682891915 2.700232057895 0.000000000000
1548 193.268632419529 1.746286109696 0.000000000000
1549 165.831933257119 38.548523711780 0.000000000000
1550 163.960440112877 43.487985644582 0.000000000000
1551 171.543172946409 39.761749945470 0.000000000000
1552 168.447966429287 43.098338982811 0.000000000000
1553 169.155253182401 36.312216852833 0.000000000000
1554 165.496076444233 46.585758629492 0.000000000000
1555 163.807430982860 47.367118166962 0.000000000000
1556 173.294182947465 38.301411471242 0.000000000000
1557 167.046460617146 44.777960664335 0.000000000000
1558 166.016028380469 42.756458600724 0.000000000000
1559 167.771683053970 41.036012885012 0.000000000000
1560 171.203352528006 37.405764908746 0.000000000000
1561 169.157769679099 38.733769511632 0.000000000000
1562 169.951453231597 41.363893462785 0.000000000000
1563 165.555103697362 40.469101631811 0.000000000000
1564 167.201111884881 37.196353586575 0.000000000000
1565 163.903186977335 45.438948402868 0.000000000000
1566 165.284438506412 44.609422388400 0.000000000000
1567 164.307565643980 41.903145903126 0.000000000000
1568 167.618877646607 35.253153604756 0.000000000000
1569 164.690098511931 48.287711502177 0.000000000000
1570 167.266574271974 39.257381076993 0.000000000000
1571 85.767870026268 31.772579138898 0.000000000000
1572 87.053302667336 33.458767719158 0.000000000000
1573 90.345116080899 37.399465853885 0.000000000000
1574 88.703927578872 35.409265362990 0.000000000000
1575 90.728120707822 39.046640389426 0.000000000000
1576 40.539550714870 6.393119088674 0.000000000000
1577 38.940686040058 7.389848134912 0.000000000000
1578 40.259379763529 8.539602617087 0.000000000000
1579 38.075128283645 9.201320036627 0.000000000000
1580 41.852506238563 7.796342703446 0.000000000000
1581 42.825554368692 6.420712542032 0.000000000000
1582 36.575307137066 10.456364609895 0.000000000000
1583 135.875955235235 28.773068659881 0.000000000000
1584 136.155642027266 25.519833102217 0.000000000000
1585 139.013451335451 24.046774927094 0.000000000000
1586 132.597507433067 27.752629223196 0.000000000000
1587 138.575390925963 25.758048280685 0.000000000000
1588 134.245454963841 26.516302046809 0.000000000000
1589 137.208685524181 27.278695542394 0.000000000000
1590 132.559157401624 29.476501297175 0.000000000000
1591 134.308658181535 30.028742081307 0.000000000000
1592 137.437070495839 23.814733397395 0.000000000000
1593 138.708882408455 22.859347059509 0.000000000000
1594 134.260415069646 28.207680580701 0.000000000000
1595 135.664962616864 27.265376276170 0.000000000000
1596 8.244253520818 47.798143417614 0.000000000000
1597 10.105542523684 47.680035645391 0.000000000000
1598 8.799668951514 45.815301621379 0.000000000000
1599 1.420816872136 42.043920539091 0.000000000000
1600 1.686031546454 43.989299931782 0.000000000000
1601 3.352580237257 42.358952642087 0.000000000000
1602 3.384229106606 44.689444845165 0.000000000000
1603 7.785278986100 39.676714155016 0.000000000000
1604 5.841069624680 41.655070680463 0.000000000000
1605 8.411203429549 42.090724087931 0.000000000000
1606 7.181941630387 44.091439801678 0.000000000000
1607 5.766731503240 47.779945186922 0.000000000000
1608 3.419354306801 48.278189517168 0.000000000000
1609 4.205824091330 46.699497635411 0.000000000000
1610 16.249987571699 42.256756795902 0.000000000000
1611 15.085638477175 41.004697533581 0.000000000000
1612 11.652182470310 47.246093225035 0.000000000000
1613 13.178732835867 47.646382590343 0.000000000000
1614 12.450003127929 45.683372235034 0.000000000000
1615 14.880154828856 47.537181566468 0.000000000000
1616 14.139885106432 43.105814042738 0.000000000000
1617 12.957668356968 41.612027320186 0.000000000000
1618 16.182480349615 44.135951600746 0.000000000000
1619 14.211136887099 45.411648515523 0.000000000000
1620 16.360220625600 46.093331221211 0.000000000000
1621 10.763488625908 45.220675608319 0.000000000000
1622 12.286481412795 43.679506310737 0.000000000000
1623 10.781063481975 42.454628175180 0.000000000000
1624 11.801134662176 40.365500261346 0.000000000000
1625 5.529245019342 39.074840706030 0.000000000000
1626 3.991627060651 40.216497793118 0.000000000000
1627 9.269478635111 43.985791915401 0.000000000000
1628 9.977989251321 40.228171722341 0.000000000000
1629 7.233308821617 46.115723311361 0.000000000000
1630 5.615053952568 45.451746973287 0.000000000000
1631 16.534909445383 48.534545487687 0.000000000000
1632 5.019247092683 43.601311539420 0.000000000000
1633 1.527119992331 48.607714625261 0.000000000000
1634 1.958563062723 46.581979655414 0.000000000000
1635 1.363330188471 38.322653187159 0.000000000000
1636 2.261296995391 40.332754989824 0.000000000000
1637 3.438371291424 38.477962501092 0.000000000000
1638 52.741969005588 36.676290280061 0.000000000000
1639 52.802967196830 39.026880184658 0.000000000000
1640 49.283001612235 41.637924150368 0.000000000000
1641 50.867196327025 40.265073597840 0.000000000000
1642 107.439359790964 16.101952099105 0.000000000000
1643 105.498416004837 16.272104594775 0.000000000000
1644 106.238591940252 18.274586864605 0.000000000000
1645 104.037653717345 17.328473044800 0.000000000000
1646 102.593777503036 12.954123388268 0.000000000000
1647 103.729027117882 14.892874248518 0.000000000000
1648 104.664435576257 13.081389946259 0.000000000000
1649 106.002395422142 14.488381777387 0.000000000000
1650 103.627509370928 11.763416302413 0.000000000000
1651 100.982634869599 14.538734421706 0.000000000000
1652 100.815506620516 12.528954252224 0.000000000000
1653 99.498135644753 11.132649156686 0.000000000000
1654 97.346677682954 11.567080116758 0.000000000000
1655 98.933640411734 13.123032701447 0.000000000000
1656 101.743551463032 10.919371158490 0.000000000000
1657 95.433394660783 11.548490837347 0.000000000000
1658 102.201100689886 16.384690429755 0.000000000000
1659 192.373215129014 14.588251632331 0.000000000000
1660 194.653383518929 15.456548798313 0.000000000000
1661 194.239086855143 13.277865411417 0.000000000000
1662 197.998856611418 9.266696410932 0.000000000000
1663 197.934077875000 7.264205740586 0.000000000000
1664 198.145298267199 13.249340378230 0.000000000000
1665 198.121708906362 11.338917405699 0.000000000000
1666 196.380869834206 14.161884548707 0.000000000000
1667 196.347623770773 12.438522120555 0.000000000000
1668 194.460340365687 11.387205278217 0.000000000000
1669 192.363324382434 12.535805880333 0.000000000000
1670 195.905742408060 8.211475951615 0.000000000000
1671 194.266907649051 7.482592007764 0.000000000000
1672 192.458879893357 10.456694372304 0.000000000000
1673 190.832724414357 11.749948919336 0.000000000000
1674 196.763628794968 15.978196828757 0.000000000000
1675 198.734823649206 16.392638244032 0.000000000000
1676 198.021587091853 14.765586026773 0.000000000000
1677 194.246209057621 9.342497560403 0.000000000000
1678 196.114057562532 10.420940234040 0.000000000000
1679 160.712489457807 43.651428893711 0.000000000000
1680 159.451382885559 41.962677047058 0.000000000000
1681 157.823936297835 40.473070610406 0.000000000000
1682 161.041912199655 45.282241412048 0.000000000000
1683 159.258501377641 44.671812396921 0.000000000000
1684 156.654025600923 38.802581670594 0.000000000000
1685 157.966694756443 42.827691172367 0.000000000000
1686 72.195395301387 17.547575943055 0.000000000000
1687 71.543809514455 22.521688404844 0.000000000000
1688 75.698894781113 21.156708150081 0.000000000000
1689 68.485070346089 19.815984005056 0.000000000000
1690 66.179220434137 15.497149163278 0.000000000000
1691 67.296107346066 16.668777809766 0.000000000000
1692 76.389354064300 19.184752100091 0.000000000000
1693 74.232671496976 18.233377706350 0.000000000000
1694 72.676317792708 19.566612054670 0.000000000000
1695 69.806993637959 16.659160764533 0.000000000000
1696 69.508070622645 21.430576500484 0.000000000000
1697 73.394524712625 21.560701707013 0.000000000000
1698 70.340476436660 19.084087714550 0.000000000000
1699 70.011692016884 23.359750092147 0.000000000000
1700 77.278824232104 20.672685089832 0.000000000000
1701 71.317005556647 20.795529067312 0.000000000000
1702 68.493490974537 18.184060181451 0.000000000000
1703 74.257944597525 20.055281390367 0.000000000000
1704 67.995283270228 15.178785948618 0.000000000000
1705 154.193681213997 48.146335448139 0.000000000000
1706 151.821721113503 48.156238209284 0.000000000000
1707 156.571495245458 48.136691129250 0.000000000000
1708 158.853396052445 48.351907387404 0.000000000000
1709 150.028551807696 47.789281707261 0.000000000000
1710 84.293466145736 16.399092850215 0.000000000000
1711 85.296527374587 17.840123370953 0.000000000000
1712 80.565614401030 15.468906579257 0.000000000000
1713 86.804018119799 18.466037110096 0.000000000000
1714 81.403299378309 13.602297472366 0.000000000000
1715 83.033376252506 14.910249042766 0.000000000000
1716 83.484615365049 18.427704324518 0.000000000000
1717 80.367506747584 21.184137019964 0.000000000000
1718 82.285755356780 21.857919671273 0.000000000000
1719 81.007766931799 19.856210449754 0.000000000000
1720 82.931108850688 20.114310308953 0.000000000000
1721 81.682068655879 18.640944544395 0.000000000000
1722 82.082361090793 16.967537784094 0.000000000000
1723 85.161637796570 20.023255349169 0.000000000000
1724 84.174513346195 21.665032874210 0.000000000000
1725 80.097907124561 17.695266183831 0.000000000000
1726 55.722521302532 33.778254248808 0.000000000000
1727 57.441779824955 33.519635850594 0.000000000000
1728 56.570554822708 35.927626565348 0.000000000000
1729 58.668705317041 34.929370383731 0.000000000000
1730 59.031854280497 36.532177134770 0.000000000000
1731 66.695495434301 34.860893417364 0.000000000000
1732 64.251204437659 33.869771744385 0.000000000000
1733 62.240228632919 41.075617506228 0.000000000000
1734 62.219638970860 43.062785190640 0.000000000000
1735 63.734012864178 41.982663461632 0.000000000000
1736 62.396349573800 44.711263799180 0.000000000000
1737 64.986355579257 36.073068653196 0.000000000000
1738 62.780817916084 35.328172641289 0.000000000000
1739 63.495809030158 36.889672849986 0.000000000000
1740 58.170894086086 43.255735181020 0.000000000000
1741 58.144775392278 44.964999272851 0.000000000000
1742 59.505284021660 33.441945109965 0.000000000000
1743 60.133050325515 42.350393349287 0.000000000000
1744 64.933005702085 38.130814480045 0.000000000000
1745 58.384632612107 41.626410536936 0.000000000000
1746 60.070405016878 40.416132190573 0.000000000000
1747 64.296411703699 40.161279868998 0.000000000000
1748 62.302472245643 38.835873054676 0.000000000000
1749 57.714143925969 40.101004309098 0.000000000000
1750 59.652723474331 38.500417669043 0.000000000000
1751 57.129089444209 38.043293350479 0.000000000000
1752 61.536250480220 36.800235977112 0.000000000000
1753 60.633802144470 34.992118862905 0.000000000000
1754 61.646357440465 33.613790191852 0.000000000000
1755 60.685819954739 48.250013709013 0.000000000000
1756 61.212580524607 46.450398523454 0.000000000000
1757 59.251568616195 46.573012081077 0.000000000000
1758 59.178907923579 48.583490517416 0.000000000000
1759 60.072240233959 44.577229621163 0.000000000000
1760 170.200696339794 16.339378301841 0.000000000000
1761 171.216493462833 14.880565091353 0.000000000000
1762 172.591142440274 14.108152586631 0.000000000000
1763 172.041937236268 15.933962527712 0.000000000000
1764 172.994581899316 17.138950534832 0.000000000000
1765 174.258071725482 15.538391576908 0.000000000000
1766 179.528886813291 17.772250460733 0.000000000000
1767 179.392521196736 19.349230484541 0.000000000000
1768 172.819985782138 18.702286533333 0.000000000000
1769 174.170823153603 19.644130608002 0.000000000000
1770 170.990637533063 17.598337071397 0.000000000000
1771 176.148282465839 16.238153030407 0.000000000000
1772 174.695206227386 17.881849370827 0.000000000000
1773 176.391330689953 18.145753810301 0.000000000000
1774 178.580625700235 20.679597566706 0.000000000000
1775 177.820221416916 19.109817802340 0.000000000000
1776 177.145809746901 20.864169932478 0.000000000000
1777 177.934348697728 17.043218879545 0.000000000000
1778 175.765402298089 19.924541827665 0.000000000000
1779 22.620002293996 31.514415483761 0.000000000000
1780 22.620668773476 34.012916928596 0.000000000000
1781 18.114118631180 29.269377121825 0.000000000000
1782 18.147548240859 27.025044552027 0.000000000000
1783 22.625953455100 29.338652846556 0.000000000000
1784 21.480941745473 27.790762777507 0.000000000000
1785 20.613532560239 29.948000388627 0.000000000000
1786 19.671395042886 28.109931929015 0.000000000000
1787 20.734962151676 32.304391759656 0.000000000000
1788 20.957183177749 35.843414627041 0.000000000000
1789 20.449141863070 34.173136599041 0.000000000000
1790 18.766050562858 35.220892981114 0.000000000000
1791 19.210672705575 37.279591419061 0.000000000000
1792 18.913052219846 31.357798141249 0.000000000000
1793 17.220318699739 31.008080000609 0.000000000000
1794 17.482726590880 32.359962750485 0.000000000000
1795 18.801215687717 33.256047171569 0.000000000000
1796 20.135079276604 26.343220574353 0.000000000000
1797 22.295700094912 25.916910093590 0.000000000000
1798 101.651404120037 47.914798886074 0.000000000000
1799 99.495496690336 48.460316863269 0.000000000000
1800 93.436483181467 39.841528735180 0.000000000000
1801 93.792609561264 38.169976296616 0.000000000000
1802 95.224347695325 44.658730539786 0.000000000000
1803 95.156660274732 46.525107114353 0.000000000000
1804 96.670708031067 45.989956519912 0.000000000000
1805 97.998256144005 47.250345755187 0.000000000000
1806 96.189099097123 48.092813446012 0.000000000000
1807 97.883710123774 48.780499130904 0.000000000000
1808 100.041114485461 46.767626346672 0.000000000000
1809 102.869705993237 37.306933271912 0.000000000000
1810 101.242103188620 39.178785201177 0.000000000000
1811 103.962026869702 39.429271616826 0.000000000000
1812 101.863581865145 35.448431901245 0.000000000000
1813 100.600306608981 36.659556313746 0.000000000000
1814 103.240711730890 41.322807502221 0.000000000000
1815 96.852386108456 37.055717652229 0.000000000000
1816 98.551410827314 35.821736349204 0.000000000000
1817 96.417828857516 35.230893783573 0.000000000000
1818 102.370245739791 46.293076385493 0.000000000000
1819 101.672934128438 44.305147140602 0.000000000000
1820 98.437470122357 38.371873424123 0.000000000000
1821 102.932927714543 43.249323313757 0.000000000000
1822 98.348052768577 45.413777938056 0.000000000000
1823 100.383231450020 45.273442251951 0.000000000000
1824 100.761896695073 41.966654424841 0.000000000000
1825 99.483810154868 43.587583469924 0.000000000000
1826 97.350075738576 44.056956455978 0.000000000000
1827 96.197337024907 42.673815610906 0.000000000000
1828 94.831379826917 41.192030694116 0.000000000000
1829 94.314464082179 42.952753318276 0.000000000000
1830 97.006744913839 40.621755921337 0.000000000000
1831 98.358049886439 42.025857653168 0.000000000000
1832 99.099205143539 40.320126917112 0.000000000000
1833 94.797016678780 36.612357163343 0.000000000000
1834 104.818471543354 37.423625409015 0.000000000000
1835 106.012049393453 36.044838534515 0.000000000000
1836 104.056808189168 35.679779214716 0.000000000000
1837 95.710134067032 38.945435618687 0.000000000000
1838 152.137750608496 42.626770057250 0.000000000000
1839 150.806904819938 41.677438566369 0.000000000000
1840 150.472277468023 43.945283610638 0.000000000000
1841 152.404042448709 41.183358580131 0.000000000000
1842 148.136016735104 38.015607888653 0.000000000000
1843 149.055226202847 40.171189422458 0.000000000000
1844 149.951339182255 38.053131423123 0.000000000000
1845 149.772222181086 36.150335990220 0.000000000000
1846 153.508856453282 39.887420404944 0.000000000000
1847 152.487529585705 38.216348786480 0.000000000000
1848 151.223212643665 39.713271457514 0.000000000000
1849 151.595226427735 36.786277605416 0.000000000000
1850 154.207034810761 42.088992497647 0.000000000000
1851 152.798493495048 44.238777031463 0.000000000000
1852 155.265615835948 44.181853381507 0.000000000000
1853 149.253019126362 42.278651982715 0.000000000000
1854 95.816399400115 1.440302106071 0.000000000000
1855 93.675684780472 1.785485540734 0.000000000000
1856 95.634546407560 3.406507836467 0.000000000000
1857 97.509420940334 5.174377691842 0.000000000000
1858 97.828698626067 2.496348344166 0.000000000000
1859 91.543799747602 2.178276354039 0.000000000000
1860 91.504119096241 4.569681223706 0.000000000000
1861 93.646252033889 3.979393522095 0.000000000000
1862 93.074802889901 6.218555130458 0.000000000000
1863 96.497887226709 7.591711271496 0.000000000000
1864 98.702668387870 7.486734024083 0.000000000000
1865 95.330822664482 5.563139813895 0.000000000000
1866 90.141590725092 3.299041227140 0.000000000000
1867 99.519735915482 6.100730622084 0.000000000000
1868 100.727517419562 7.245555915583 0.000000000000
1869 101.184760255699 5.217882974856 0.000000000000
1870 100.444884708328 2.009505179261 0.000000000000
1871 101.371762115263 3.420319513164 0.000000000000
1872 99.644786288480 4.065739403404 0.000000000000
1873 89.102113305276 1.614332964597 0.000000000000
1874 94.408742194098 8.049288285731 0.000000000000
1875 96.803867998288 16.283927782939 0.000000000000
1876 98.036920648261 18.051072725803 0.000000000000
1877 101.818593952157 20.615920742752 0.000000000000
1878 100.013858520518 19.344878881575 0.000000000000
1879 98.263608099051 20.284445991045 0.000000000000
1880 123.089500960665 18.632141831504 0.000000000000
1881 125.300366274090 19.188192544015 0.000000000000
1882 127.418926908767 19.737666281790 0.000000000000
1883 126.605113756924 17.671357641913 0.000000000000
1884 120.916965285247 17.781927006488 0.000000000000
1885 118.177871733349 14.243191117502 0.000000000000
1886 120.572971540966 15.286294197432 0.000000000000
1887 119.621400244824 13.242731864610 0.000000000000
1888 121.270885648312 13.363429012772 0.000000000000
1889 128.600815309936 17.772063999037 0.000000000000
1890 122.920565154363 14.788936823417 0.000000000000
1891 125.180325300296 14.421247265517 0.000000000000
1892 123.102055043703 12.503737587751 0.000000000000
1893 122.578934007531 16.639696112541 0.000000000000
1894 126.971760699069 15.960687407293 0.000000000000
1895 124.933672236572 16.525693606795 0.000000000000
1896 81.894759326829 48.272764960274 0.000000000000
1897 82.059841862318 46.244770155274 0.000000000000
1898 87.603039513994 41.707424745749 0.000000000000
1899 85.310764820902 41.081269355524 0.000000000000
1900 85.553005615178 43.353878701614 0.000000000000
1901 87.402554282509 44.244732008428 0.000000000000
1902 90.914568421468 43.949960181207 0.000000000000
1903 90.767606065129 46.226786344345 0.000000000000
1904 91.854485302943 45.338782914408 0.000000000000
1905 91.227332501631 48.196550940298 0.000000000000
1906 89.388849046046 47.755898177064 0.000000000000
1907 92.082657037492 46.817212766197 0.000000000000
1908 85.947817898965 47.945564445888 0.000000000000
1909 87.526420458815 46.809738696931 0.000000000000
1910 85.653226756140 45.609924463312 0.000000000000
1911 82.056480684312 43.943091514025 0.000000000000
1912 83.898855073927 44.849481711235 0.000000000000
1913 83.935282641142 47.431141339683 0.000000000000
1914 93.082672750013 48.183572487370 0.000000000000
1915 83.532978904931 40.789160544970 0.000000000000
1916 82.064336397345 39.907690200534 0.000000000000
1917 83.639408719900 42.560225219598 0.000000000000
1918 89.204739046855 43.113951150467 0.000000000000
1919 89.137744107977 45.302313080808 0.000000000000
1920 90.151872114395 41.463321571991 0.000000000000
1921 81.916117316525 41.848381772812 0.000000000000
1922 38.270764277692 14.801445469809 0.000000000000
1923 39.558768643953 13.034739614722 0.000000000000
1924 37.632881533513 13.219998212417 0.000000000000
1925 40.826203423042 15.121452345253 0.000000000000
1926 42.976859713454 16.302015976139 0.000000000000
1927 42.694309759909 14.384965235829 0.000000000000
1928 43.763873608291 13.060199714100 0.000000000000
1929 44.156478941782 15.057491512943 0.000000000000
1930 45.796712561307 14.418191822526 0.000000000000
1931 41.531881191500 12.958779823698 0.000000000000
1932 42.286699644778 11.489035279090 0.000000000000
1933 185.239345953702 21.634985410900 0.000000000000
1934 181.972219513672 20.296086630735 0.000000000000
1935 185.115165688747 18.241813962994 0.000000000000
1936 183.052775303542 22.103042711446 0.000000000000
1937 182.852900653960 18.545242004661 0.000000000000
1938 187.459050405131 17.876787376757 0.000000000000
1939 184.129546253764 20.095344618234 0.000000000000
1940 186.348074719459 19.787067382915 0.000000000000
1941 184.586670425656 23.287794463078 0.000000000000
1942 181.147647129358 21.656341342422 0.000000000000
1943 192.364473273572 20.784984488292 0.000000000000
1944 190.277796786240 19.482456354408 0.000000000000
1945 189.630125543176 21.275051009201 0.000000000000
1946 191.496594960592 18.091557145618 0.000000000000
1947 194.549956569790 22.307984028972 0.000000000000
1948 193.171586360900 23.769089760266 0.000000000000
1949 191.508023755528 25.355349713436 0.000000000000
1950 189.508555808241 24.942679787294 0.000000000000
1951 189.798851904724 26.974588167318 0.000000000000
1952 190.960636440110 23.233614443761 0.000000000000
1953 188.504816398534 23.188968893942 0.000000000000
1954 188.118362539859 26.341822788025 0.000000000000
1955 195.222741107788 19.954316398607 0.000000000000
1956 193.539669152539 18.360522243799 0.000000000000
1957 187.254777512844 24.975320966287 0.000000000000
1958 196.132410870050 22.252323174439 0.000000000000
1959 198.775751916170 20.534059402668 0.000000000000
1960 197.101499863326 20.815096039101 0.000000000000
1961 187.982199400216 27.993143907942 0.000000000000
1962 22.448877125921 43.823077883972 0.000000000000
1963 21.835140180497 45.975423185043 0.000000000000
1964 23.990478626898 44.697394330268 0.000000000000
1965 23.961245034327 42.592252981967 0.000000000000
1966 22.023028375454 41.934423674848 0.000000000000
1967 20.038062955582 43.641278967610 0.000000000000
1968 19.868607534496 46.074503203866 0.000000000000
1969 29.189948607386 38.310497121595 0.000000000000
1970 26.908944060250 37.424108458240 0.000000000000
1971 27.844883737914 38.355558725343 0.000000000000
1972 20.335223952880 47.986917398907 0.000000000000
1973 28.480897530542 40.353633580471 0.000000000000
1974 30.587125366451 39.196371268211 0.000000000000
1975 23.878770351917 40.566005302840 0.000000000000
1976 21.606540932991 39.829497887198 0.000000000000
1977 26.013529866813 39.167798558501 0.000000000000
1978 25.198748510017 37.157083309022 0.000000000000
1979 23.615499084822 38.469043419150 0.000000000000
1980 25.704364495076 43.359073359828 0.000000000000
1981 25.938849235592 41.374068638863 0.000000000000
1982 19.581068188131 41.194252897931 0.000000000000
1983 27.594288134878 42.205648049572 0.000000000000
1984 47.705766323151 8.513241197851 0.000000000000
1985 49.758947647466 6.391168091100 0.000000000000
1986 45.519401822250 8.661402865913 0.000000000000
1987 48.376694787595 10.880235359775 0.000000000000
1988 47.497611453290 6.453409671683 0.000000000000
1989 51.319543861395 4.663162968289 0.000000000000
1990 49.763091070123 8.854417740915 0.000000000000
1991 46.146398932814 10.225617535273 0.000000000000
1992 46.237545803344 7.304009905580 0.000000000000
1993 44.252027434024 9.512334360859 0.000000000000
1994 82.480425351181 5.929240040113 0.000000000000
1995 88.685049924912 7.115458593579 0.000000000000
1996 85.450862530367 12.215118258660 0.000000000000
1997 89.999196628910 11.813864126307 0.000000000000
1998 86.066624948182 3.977238831165 0.000000000000
1999 82.321962765751 9.151496189373 0.000000000000
2000 88.421830397720 13.752642780502 0.000000000000
2001 83.561076581620 3.995568182363 0.000000000000
2002 84.680349131417 5.858520293426 0.000000000000
2003 86.735350879238 6.222556938434 0.000000000000
2004 85.738029662982 8.002159575362 0.000000000000
2005 87.676502788215 9.185962083850 0.000000000000
2006 84.585775624819 1.960851597243 0.000000000000
2007 83.936227365921 10.802031373240 0.000000000000
2008 87.558498040953 11.581516876531 0.000000000000
2009 89.942350968080 8.708640442627 0.000000000000
2010 83.602076351533 7.584591995038 0.000000000000
2011 85.819996909412 10.136091877530 0.000000000000
2012 91.128950789696 10.270339564832 0.000000000000
2013 81.831830129835 7.536372774413 0.000000000000
2014 89.021093314902 10.314203181822 0.000000000000
2015 84.487963302281 9.057228503767 0.000000000000
2016 87.237751989989 7.682632998123 0.000000000000
2017 86.563359370035 13.550763113026 0.000000000000
2018 87.910236637539 5.047348963587 0.000000000000
2019 70.042280335743 28.514953490093 0.000000000000
2020 74.850458854774 25.163683959959 0.000000000000
2021 73.403590017045 35.100420116904 0.000000000000
2022 69.576113838109 33.680078173252 0.000000000000
2023 76.537848940344 32.379039642950 0.000000000000
2024 80.206069921787 26.676625770216 0.000000000000
2025 78.835191200457 23.711896553435 0.000000000000
2026 71.784526177233 33.805097886562 0.000000000000
2027 70.585491824057 31.995989975828 0.000000000000
2028 72.771987710904 31.932453417057 0.000000000000
2029 70.838295668463 26.485988917153 0.000000000000
2030 72.296110169843 28.252374058019 0.000000000000
2031 76.858231441949 24.498129442017 0.000000000000
2032 76.392586384860 26.602660948136 0.000000000000
2033 74.375842085834 27.299765184125 0.000000000000
2034 75.940419218179 28.663479351733 0.000000000000
2035 78.023949665517 27.750593090540 0.000000000000
2036 77.816523196270 30.046739640001 0.000000000000
2037 69.276803580723 30.409515378022 0.000000000000
2038 72.848637008945 25.840138391740 0.000000000000
2039 74.162105075425 29.029903119461 0.000000000000
2040 75.491148617245 34.608759242015 0.000000000000
2041 80.659211891519 24.782947786145 0.000000000000
2042 71.281642878679 30.154012130527 0.000000000000
2043 78.446904517857 25.768142116728 0.000000000000
2044 68.400678650044 32.210240373687 0.000000000000
2045 74.939334371751 30.742311001624 0.000000000000
2046 74.269880125438 33.000589516229 0.000000000000
2047 79.545724501440 28.599785510728 0.000000000000
2048 73.004089825653 30.124207411812 0.000000000000
2049 70.158062669206 34.835745840333 0.000000000000
2050 43.408812246684 32.319851413131 0.000000000000
2051 46.440973875488 30.567730483421 0.000000000000
2052 44.695253467458 33.999373593510 0.000000000000
2053 44.343323053438 30.915760140644 0.000000000000
2054 45.582282118605 32.370644424246 0.000000000000
2055 43.320944250439 36.058898934634 0.000000000000
2056 43.058346788243 33.867417162317 0.000000000000
2057 42.559859531175 38.463199559632 0.000000000000
2058 107.108036702565 48.292103832526 0.000000000000
2059 109.532285967644 48.070520349686 0.000000000000
2060 107.802686329061 46.297827166792 0.000000000000
2061 114.387994726367 39.184354668959 0.000000000000
2062 113.332652464518 37.112306953664 0.000000000000
2063 111.967047295954 38.519297866772 0.000000000000
2064 109.752317482587 37.338250708268 0.000000000000
2065 108.303949440510 38.609155860617 0.000000000000
2066 114.014933776648 47.896349628827 0.000000000000
2067 115.882403820700 48.235496878930 0.000000000000
2068 111.943844051952 47.832101305451 0.000000000000
2069 106.719533518107 42.593127473432 0.000000000000
2070 106.284530539302 44.771894210662 0.000000000000
2071 108.705380775737 43.660540863041 0.000000000000
2072 117.176553490624 45.038415952305 0.000000000000
2073 115.489990351881 46.066399107437 0.000000000000
2074 117.338742580850 47.269377984405 0.000000000000
2075 111.679036008713 36.219895333761 0.000000000000
2076 110.043697709710 39.625795954119 0.000000000000
2077 108.065976121323 41.047316138228 0.000000000000
2078 113.192539496706 45.244100481146 0.000000000000
2079 115.320420221839 44.242310045302 0.000000000000
2080 110.329089767748 45.823698118687 0.000000000000
2081 118.083283816323 40.455473274190 0.000000000000
2082 116.397864315877 40.827815449807 0.000000000000
2083 117.743750844517 42.002492099505 0.000000000000
2084 112.209154648283 41.033762176035 0.000000000000
2085 111.454261947351 43.284729718509 0.000000000000
2086 110.115585177871 41.748697176362 0.000000000000
2087 114.173821817762 42.197579495783 0.000000000000
2088 119.534092180419 41.907745154687 0.000000000000
2089 105.612572279101 47.092171618442 0.000000000000
2090 109.711714315971 35.097363738253 0.000000000000
2091 118.623871181256 43.963591551001 0.000000000000
2092 116.572713587795 43.045367406620 0.000000000000
2093 16.755510879415 19.283086834271 0.000000000000
2094 13.886129119309 17.603931730801 0.000000000000
2095 19.102969023526 21.372761413530 0.000000000000
2096 19.416211569129 18.564612610738 0.000000000000
2097 16.048093468541 16.373308095505 0.000000000000
2098 17.051694415717 21.858612903818 0.000000000000
2099 11.605677367157 16.585613337082 0.000000000000
2100 14.161662258376 19.817674444976 0.000000000000
2101 17.988655225496 17.067448343999 0.000000000000
2102 9.551665378202 16.362793792343 0.000000000000
2103 13.916761620101 15.732283048374 0.000000000000
2104 20.906651225297 22.129641421427 0.000000000000
2105 12.241230267961 18.583074352159 0.000000000000
2106 18.956609951889 23.047495738275 0.000000000000
2107 14.963587297096 21.708412105015 0.000000000000
2108 15.514008876265 18.044035331765 0.000000000000
2109 20.459326997359 20.327473763439 0.000000000000
2110 18.480182977244 20.060031048136 0.000000000000
2111 16.975500962236 23.913180337888 0.000000000000
2112 20.170301849552 17.178045470248 0.000000000000
2113 15.578465517221 15.022932447840 0.000000000000
2114 107.255924246061 10.980833880027 0.000000000000
2115 112.456105423361 8.721688428731 0.000000000000
2116 106.827696128002 5.891928107365 0.000000000000
2117 112.085345522177 12.756163794232 0.000000000000
2118 104.223616270662 8.171288416254 0.000000000000
2119 109.110233958870 5.747059009663 0.000000000000
2120 108.229533147832 7.678093427692 0.000000000000
2121 110.543332619486 7.774857646042 0.000000000000
2122 109.116442448927 9.881009590509 0.000000000000
2123 112.768259923740 10.731237143510 0.000000000000
2124 105.703122537112 9.691399802758 0.000000000000
2125 108.774222762132 12.336371952258 0.000000000000
2126 110.675995674357 11.520005392769 0.000000000000
2127 111.316670916587 5.556787800247 0.000000000000
2128 110.260777158810 13.574223577299 0.000000000000
2129 104.682978610791 5.997723456847 0.000000000000
2130 106.222663538651 7.792679198155 0.000000000000
2131 113.724861089933 12.243100042264 0.000000000000
2132 111.107415006826 9.741705980228 0.000000000000
2133 112.246002010377 7.036031272158 0.000000000000
2134 107.347588952856 9.279979760335 0.000000000000
2135 115.587132101203 8.360308418236 0.000000000000
2136 116.358419016230 10.227610472291 0.000000000000
2137 117.085053211681 8.406159832219 0.000000000000
2138 120.877673555955 7.403105700056 0.000000000000
2139 122.913414322119 6.617740946771 0.000000000000
2140 121.481423340471 5.383192129027 0.000000000000
2141 124.701431996956 3.175546929209 0.000000000000
2142 123.522332462811 4.745624758160 0.000000000000
2143 118.866498142644 9.372446624081 0.000000000000
2144 121.231513623036 2.097426022672 0.000000000000
2145 120.242180050946 3.871990071254 0.000000000000
2146 121.749510915874 3.977822127811 0.000000000000
2147 123.069839685511 2.581491870850 0.000000000000
2148 117.033765261889 2.157048558871 0.000000000000
2149 115.380796073473 2.461101817222 0.000000000000
2150 119.072587263992 2.115886097141 0.000000000000
2151 119.583428713890 5.682869135759 0.000000000000
2152 117.759317973585 5.601958110590 0.000000000000
2153 118.315562532481 3.942636945261 0.000000000000
2154 118.546006752452 7.215648651619 0.000000000000
2155 124.325003927959 1.492529098409 0.000000000000
2156 121.171761724913 9.211625867665 0.000000000000
2157 113.920844386780 1.883835227257 0.000000000000
2158 114.406666430844 3.841958849030 0.000000000000
2159 114.858747086229 5.689186355218 0.000000000000
2160 116.150915262780 4.422666493602 0.000000000000
2161 116.200676606321 6.745969326707 0.000000000000
2162 2.418770913216 32.581421805702 0.000000000000
2163 1.803549747456 34.517633481839 0.000000000000
2164 3.663155832132 34.623126210066 0.000000000000
2165 4.610340414242 32.924805591767 0.000000000000
2166 10.293604011469 32.346714838840 0.000000000000
2167 8.154435203668 33.821589383372 0.000000000000
2168 13.157550010901 29.512900285084 0.000000000000
2169 14.070661252680 28.185036121694 0.000000000000
2170 5.816251256817 34.355702593232 0.000000000000
2171 8.301896948807 31.585382877302 0.000000000000
2172 6.420989695091 32.418295643249 0.000000000000
2173 6.675127823483 30.500614276720 0.000000000000
2174 11.416850395471 29.183167380710 0.000000000000
2175 12.269229990934 31.101801312111 0.000000000000
2176 10.021112932658 30.381557923254 0.000000000000
2177 8.266430070368 29.820933702044 0.000000000000
2178 7.087960719665 35.578809203702 0.000000000000
2179 4.520919996736 31.351224179426 0.000000000000
2180 125.831238299688 10.570194314921 0.000000000000
2181 130.860772741070 11.388552740658 0.000000000000
2182 128.577489714598 7.569628891000 0.000000000000
2183 132.678219231168 14.497104670136 0.000000000000
2184 129.703200236995 9.551997814757 0.000000000000
2185 128.764623213801 11.621687137661 0.000000000000
2186 126.661283028659 7.136652798867 0.000000000000
2187 129.881139449819 13.402936305179 0.000000000000
2188 131.149139934747 14.859394312383 0.000000000000
2189 127.623160180514 9.506763841364 0.000000000000
2190 125.480399819414 8.668469398200 0.000000000000
2191 132.082515911889 12.900601503544 0.000000000000
2192 124.419190429413 9.731471653891 0.000000000000
2193 127.090622255690 11.815386894672 0.000000000000
2194 169.900412179392 47.013335143586 0.000000000000
2195 171.478334449970 45.481636297916 0.000000000000
2196 168.374089460091 48.334629160339 0.000000000000
2197 170.401815075492 48.600135630948 0.000000000000
2198 172.460016502739 47.689448965767 0.000000000000
2199 174.921984698547 47.887537479617 0.000000000000
2200 173.809444306235 45.775519387859 0.000000000000
2201 174.931755289458 43.984339963707 0.000000000000
2202 174.528501577204 41.689058862291 0.000000000000
2203 172.924586237128 43.684424276070 0.000000000000
2204 176.518966786505 47.951927173334 0.000000000000
2205 178.644056742011 48.030658692480 0.000000000000
2206 180.894915743509 47.240329242694 0.000000000000
2207 180.677859600064 48.744439623290 0.000000000000
2208 176.047378337854 42.636392403579 0.000000000000
2209 177.376068164211 44.366868102948 0.000000000000
2210 179.267178512656 45.959616002531 0.000000000000
2211 177.482460330671 46.314491942037 0.000000000000
2212 175.767217021871 45.908329350740 0.000000000000
2213 153.851269026837 22.164749147536 0.000000000000
2214 155.082793763935 23.900436930510 0.000000000000
2215 158.191257451652 26.054918180847 0.000000000000
2216 156.395117295564 25.190206262038 0.000000000000
2217 156.333000841401 27.223973176057 0.000000000000
2218 153.163970502114 20.462279231840 0.000000000000
2219 154.271079812371 26.065516203558 0.000000000000
2220 154.168475693263 28.375255097760 0.000000000000
2221 104.728519111005 1.939862459118 0.000000000000
2222 106.991657467616 1.912244853265 0.000000000000
2223 109.295343495364 1.847071774749 0.000000000000
2224 111.134412899956 2.076861945620 0.000000000000
2225 26.304672759039 15.581780110160 0.000000000000
2226 26.243843267189 13.141614051392 0.000000000000
2227 24.654338466521 14.557096218017 0.000000000000
2228 32.125124379370 15.187630892253 0.000000000000
2229 30.622888123338 16.720663546987 0.000000000000
2230 32.930649775260 17.341536937220 0.000000000000
2231 30.155208120922 14.660291044045 0.000000000000
2232 28.207929990281 14.744879750019 0.000000000000
2233 29.143968038480 12.512503378212 0.000000000000
2234 33.893516989068 13.696922332982 0.000000000000
2235 31.672974492071 13.018411744573 0.000000000000
2236 27.125160441774 18.959908135161 0.000000000000
2237 26.566032296251 20.904882107153 0.000000000000
2238 28.746868634045 20.056605588239 0.000000000000
2239 24.163764097094 16.164990309166 0.000000000000
2240 26.038032523115 17.549238372499 0.000000000000
2241 28.262334749883 17.284926283234 0.000000000000
2242 30.094023415886 18.524599208214 0.000000000000
2243 31.713757364657 18.509663751337 0.000000000000
2244 34.204649908802 15.766311448263 0.000000000000
2245 24.782020287626 21.496409872027 0.000000000000
2246 24.789344428063 19.543644241868 0.000000000000
2247 29.158363796366 15.777656950899 0.000000000000
2248 27.297174824932 10.928777766378 0.000000000000
2249 23.743244305856 17.779224965374 0.000000000000
2250 31.148267810770 10.518766062222 0.000000000000
2251 29.282377785988 10.574783228533 0.000000000000
2252 33.425743819363 11.509708739702 0.000000000000
2253 29.903453703741 9.106694058335 0.000000000000
2254 29.147954839411 7.551629271035 0.000000000000
2255 28.155297933466 9.294931100156 0.000000000000
2256 31.146851321115 20.116397266021 0.000000000000
2257 12.526987688211 34.770005737677 0.000000000000
2258 11.116750719160 36.435225008461 0.000000000000
2259 13.116014154697 37.016778562861 0.000000000000
2260 14.770350262864 35.646990946903 0.000000000000
2261 15.048671555726 37.746926091353 0.000000000000
2262 14.360994943853 33.547216370626 0.000000000000
2263 46.275111924028 44.427143556837 0.000000000000
2264 46.565470370005 46.632882981876 0.000000000000
2265 48.278884182698 45.028837009245 0.000000000000
2266 47.379262023219 48.431364897656 0.000000000000
2267 48.784888608953 46.864884080421 0.000000000000
2268 44.371896271351 45.497296687615 0.000000000000
2269 44.451591422702 47.022928535112 0.000000000000
2270 49.184522087005 48.560866627264 0.000000000000
2271 50.493480608875 47.224082538543 0.000000000000
2272 51.413336424845 48.516036592147 0.000000000000
2273 45.200672303674 48.388542858255 0.000000000000
2274 136.548676638387 8.806976056629 0.000000000000
2275 137.165247603179 12.080898081724 0.000000000000
2276 134.038470554679 7.846291859081 0.000000000000
2277 138.533114923896 7.075899238624 0.000000000000
2278 135.436340684503 10.830605499737 0.000000000000
2279 135.948701984004 6.852799422985 0.000000000000
2280 138.280946531850 10.286168200968 0.000000000000
2281 132.290742746871 7.141946580563 0.000000000000
2282 134.191920293913 9.677298040795 0.000000000000
2283 138.311896736149 13.425576814440 0.000000000000
2284 136.616862588961 13.751665755582 0.000000000000
2285 139.169881150518 8.813236497003 0.000000000000
2286 139.832184948938 5.699229583825 0.000000000000
2287 137.322182450529 5.905547451881 0.000000000000
2288 138.771390494740 11.841836991049 0.000000000000
2289 188.520620875849 9.809638505960 0.000000000000
2290 186.907808087060 8.790431272915 0.000000000000
2291 191.709829443354 5.840911793877 0.000000000000
2292 190.584730526153 4.601582921696 0.000000000000
2293 190.335438965516 6.911156296781 0.000000000000
2294 185.213659643992 2.638540290712 0.000000000000
2295 183.964481950945 4.553314222649 0.000000000000
2296 186.098927865670 4.490736077759 0.000000000000
2297 183.546540420120 2.069986639651 0.000000000000
2298 182.059543755466 3.505583509753 0.000000000000
2299 182.072543861607 5.569281936915 0.000000000000
2300 181.171180270603 1.722481814791 0.000000000000
2301 180.568912862310 4.076833809644 0.000000000000
2302 188.330821235536 5.441754651309 0.000000000000
2303 189.381448358542 3.473363794018 0.000000000000
2304 186.900001859858 2.078664553142 0.000000000000
2305 188.913778595169 1.816832567265 0.000000000000
2306 187.810637442706 3.525878508861 0.000000000000
2307 186.553026275048 6.654076915588 0.000000000000
2308 183.321403584396 6.743650216501 0.000000000000
2309 188.550889168247 7.902211939689 0.000000000000
2310 184.915923920559 6.078051145838 0.000000000000
2311 185.080907290107 7.762865698623 0.000000000000
2312 128.186262575242 41.446968466845 0.000000000000
2313 130.090149659360 40.367936887107 0.000000000000
2314 128.397436713570 39.473173361904 0.000000000000
2315 129.392670612765 37.921251087381 0.000000000000
2316 125.626645426495 36.456496855746 0.000000000000
2317 124.940325007415 38.286056554247 0.000000000000
2318 127.179722166368 37.519597690994 0.000000000000
2319 126.388361169581 40.012430459976 0.000000000000
2320 133.561808306670 41.231530615187 0.000000000000
2321 131.995660379767 40.274206408261 0.000000000000
2322 131.662826056021 42.507292907178 0.000000000000
2323 126.707088377890 42.135538935244 0.000000000000
2324 135.216021285146 42.017406769463 0.000000000000
2325 135.205695526180 40.297523257811 0.000000000000
2326 133.972977558530 43.418904567955 0.000000000000
2327 136.643672645122 39.239253040213 0.000000000000
2328 135.006980015711 38.693198965468 0.000000000000
2329 136.038414272756 37.644126068148 0.000000000000
2330 135.899276164390 35.902956280174 0.000000000000
2331 134.082652855229 34.811966924003 0.000000000000
2332 134.385207652798 37.051529297372 0.000000000000
2333 130.672362683384 35.960169806024 0.000000000000
2334 129.635999265848 33.565103362987 0.000000000000
2335 128.626849814183 35.631428311359 0.000000000000
2336 132.116021559084 33.830582263627 0.000000000000
2337 131.346089947840 38.289750530343 0.000000000000
2338 132.550320157097 36.487939837134 0.000000000000
2339 124.403998408947 39.985682643568 0.000000000000
2340 125.030331186423 41.754225172120 0.000000000000
2341 123.004321391902 41.118967532322 0.000000000000
2342 126.715949337033 35.232945736716 0.000000000000
2343 133.435965998009 38.903668415939 0.000000000000
2344 131.032685312657 32.227995112487 0.000000000000
2345 137.588982473170 37.371349049828 0.000000000000
2346 127.973785156697 33.948510933858 0.000000000000
2347 129.449374078995 42.687877069712 0.000000000000
2348 133.956147998366 33.135293380803 0.000000000000
2349 147.877644714916 4.706723357119 0.000000000000
2350 149.620441386736 4.745204390039 0.000000000000
2351 150.783307956101 6.554851510594 0.000000000000
2352 146.684797807688 3.457883790457 0.000000000000
2353 148.564457497883 3.159406318361 0.000000000000
2354 158.659687273356 7.324753236475 0.000000000000
2355 157.385390885722 9.698431419656 0.000000000000
2356 159.143757410312 9.247360237380 0.000000000000
2357 155.181585857765 10.530199450294 0.000000000000
2358 155.976092961678 7.806198747351 0.000000000000
2359 152.555914412452 2.148349863940 0.000000000000
2360 151.977696254885 4.531530171630 0.000000000000
2361 153.928135905539 4.340133122839 0.000000000000
2362 153.503429859401 6.678648188881 0.000000000000
2363 151.852123325665 8.154883686042 0.000000000000
2364 150.469445065368 2.683502067502 0.000000000000
2365 153.473873631030 9.097073299532 0.000000000000
2366 155.939977998968 4.008494256280 0.000000000000
2367 155.349855593956 5.705646784726 0.000000000000
2368 157.163071210783 5.531035335902 0.000000000000
2369 147.255779326775 1.727066322609 0.000000000000
2370 145.210146484693 1.775432314311 0.000000000000
2371 159.068616329189 4.829040204677 0.000000000000
2372 159.209390924204 2.353854705062 0.000000000000
2373 157.929418257752 3.511401137322 0.000000000000
2374 156.994859750465 1.984623505238 0.000000000000
2375 149.162259044218 1.516521661044 0.000000000000
2376 154.670309461038 2.125858812495 0.000000000000
2377 3.055416110516 6.012160426239 0.000000000000
2378 6.119904820948 1.876671227834 0.000000000000
2379 10.859635856683 4.663703544615 0.000000000000
2380 1.645529551997 2.887463611784 0.000000000000
2381 6.768070864058 6.092621985545 0.000000000000
2382 15.122243227620 3.407876568380 0.000000000000
2383 11.087823158575 2.324242728850 0.000000000000
2384 8.523471355363 1.979086666090 0.000000000000
2385 1.582363679306 4.824976064066 0.000000000000
2386 3.371052294802 3.998122007475 0.000000000000
2387 3.530234287963 1.827166775057 0.000000000000
2388 4.719537718878 6.980725989468 0.000000000000
2389 8.824160489464 5.446935458695 0.000000000000
2390 12.936531705161 3.958649862293 0.000000000000
2391 16.232609704078 1.686940577556 0.000000000000
2392 13.698531080137 1.887236548706 0.000000000000
2393 7.119448378297 3.825801721633 0.000000000000
2394 4.987412496426 4.997756358865 0.000000000000
2395 9.383586604574 3.683828333415 0.000000000000
2396 1.531392981477 1.323247899560 0.000000000000
2397 4.987135928920 3.239961448074 0.000000000000
2398 35.107183363539 21.918164261246 0.000000000000
2399 35.722041433146 20.064572969221 0.000000000000
2400 42.352565890654 27.850426905424 0.000000000000
2401 44.540677557674 28.158422575836 0.000000000000
2402 43.661989769282 25.973317433895 0.000000000000
2403 43.584946186396 23.417634702930 0.000000000000
2404 38.594624245163 19.748131484510 0.000000000000
2405 36.998045389129 18.698173975720 0.000000000000
2406 41.627772178337 24.384716605933 0.000000000000
2407 41.528015844429 26.215873128814 0.000000000000
2408 41.718330264544 22.148091643958 0.000000000000
2409 40.533112215562 27.374479391839 0.000000000000
2410 39.464639168308 25.496425306980 0.000000000000
2411 38.583120278388 21.907532511684 0.000000000000
2412 39.819017254170 23.032157892965 0.000000000000
2413 39.996917392971 20.971893823658 0.000000000000
2414 41.757871145769 19.810855559005 0.000000000000
2415 40.067799425931 19.032434586943 0.000000000000
2416 37.523324279590 23.284287462764 0.000000000000
2417 37.088056495279 20.936810444409 0.000000000000
2418 35.579076549530 24.012114269746 0.000000000000
2419 37.022176880230 25.686807549870 0.000000000000
2420 177.516042584146 31.526273831221 0.000000000000
2421 177.555670402603 29.037594285649 0.000000000000
2422 179.482412825950 28.084705835092 0.000000000000
2423 180.977272441717 29.568413728761 0.000000000000
2424 181.285986022792 27.362340297796 0.000000000000
2425 179.599403463134 26.153923615303 0.000000000000
2426 177.688001709187 26.760441874074 0.000000000000
2427 181.320909741410 31.750394356546 0.000000000000
2428 182.841013692334 30.661755743398 0.000000000000
2429 182.979504686703 28.783176543016 0.000000000000
2430 182.986629812744 26.623574661993 0.000000000000
2431 184.790020712430 27.675458814197 0.000000000000
2432 181.368638149871 25.362688711591 0.000000000000
2433 184.842023369555 29.992606384271 0.000000000000
2434 177.450545044591 33.774892825825 0.000000000000
2435 179.670780334227 32.897011637892 0.000000000000
2436 179.422828268915 30.778505762775 0.000000000000
2437 179.513399744874 24.228864974342 0.000000000000
2438 177.697186953431 23.529357514951 0.000000000000
2439 178.052019059569 25.127301380220 0.000000000000
2440 137.529531162369 47.971179548787 0.000000000000
2441 139.469066386887 48.333294508318 0.000000000000
2442 138.784903842320 46.156277433668 0.000000000000
2443 140.605811232366 46.123039879848 0.000000000000
2444 141.329972289020 39.930202988393 0.000000000000
2445 142.701729889769 39.189374596844 0.000000000000
2446 137.130047842427 45.613139565784 0.000000000000
2447 147.071405125158 45.778750296563 0.000000000000
2448 142.079728120244 48.015832947151 0.000000000000
2449 143.984461897782 46.923759877160 0.000000000000
2450 144.455294637326 48.436080904480 0.000000000000
2451 139.306796407023 44.541627144723 0.000000000000
2452 141.341050908247 43.947168316863 0.000000000000
2453 144.824651189779 39.365510731024 0.000000000000
2454 140.000173803479 41.920819267674 0.000000000000
2455 143.270786314310 43.962501619126 0.000000000000
2456 142.785622510225 45.729271849153 0.000000000000
2457 142.462885786340 42.257995070407 0.000000000000
2458 137.978790813299 43.489318404502 0.000000000000
2459 146.469427560861 48.516876017038 0.000000000000
2460 145.856176620830 47.160016599424 0.000000000000
2461 144.912579746122 45.142746285848 0.000000000000
2462 145.365456634110 41.192945011373 0.000000000000
2463 146.402380565845 43.759678023071 0.000000000000
2464 143.585519557744 40.772357476665 0.000000000000
2465 144.791471294396 42.716179361816 0.000000000000
2466 54.766269697665 44.494123810153 0.000000000000
2467 54.792903693143 42.494712125676 0.000000000000
2468 53.197846304218 43.191009625655 0.000000000000
2469 55.737214178538 48.193221919449 0.000000000000
2470 52.769264106242 44.805884157815 0.000000000000
2471 54.304285268710 46.462152353817 0.000000000000
2472 1.929753344223 11.484009827803 0.000000000000
2473 1.755967781400 13.627390126997 0.000000000000
2474 3.945618759782 12.821121441067 0.000000000000
2475 3.119469104191 14.574702323946 0.000000000000
2476 1.302432520033 8.476087031236 0.000000000000
2477 2.322697806841 9.603518527557 0.000000000000
2478 1.509124753825 20.608528744854 0.000000000000
2479 1.893920600862 22.263703037518 0.000000000000
2480 3.186795830226 20.523944124139 0.000000000000
2481 4.221404678657 18.009943457058 0.000000000000
2482 2.161680731628 19.213301622577 0.000000000000
2483 3.721559641105 10.761976466228 0.000000000000
2484 1.891078554252 17.596350913543 0.000000000000
2485 6.446963263288 16.129333028836 0.000000000000
2486 4.665051516150 15.166807440762 0.000000000000
2487 3.368321614624 16.327427818292 0.000000000000
2488 1.595064300602 15.642438251692 0.000000000000
2489 89.333260177262 31.380007109316 0.000000000000
2490 91.115796175334 31.853506175444 0.000000000000
2491 90.503291954937 30.128963053631 0.000000000000
2492 88.173052891310 29.779242550876 0.000000000000
2493 89.134417317209 28.168843167290 0.000000000000
2494 86.178502955585 25.033617872640 0.000000000000
2495 85.232885974344 26.446457885025 0.000000000000
2496 86.736080419158 27.579919709572 0.000000000000
2497 88.516392267926 25.744719481200 0.000000000000
2498 92.783308657893 35.133228464351 0.000000000000
2499 92.015999980683 33.715411424402 0.000000000000
2500 84.060834020881 25.541743649322 0.000000000000
2501 169.587757849646 12.794604661017 0.000000000000
2502 168.071219352265 13.478768601268 0.000000000000
2503 176.183228773306 5.014334667114 0.000000000000
2504 176.832217444706 3.163225060796 0.000000000000
2505 162.938133475470 3.292363264422 0.000000000000
2506 162.041270669940 1.896075899790 0.000000000000
2507 162.988165052892 4.915041390073 0.000000000000
2508 174.547399149929 3.549778568036 0.000000000000
2509 174.189290427127 5.426723465323 0.000000000000
2510 172.762355329630 4.227721503404 0.000000000000
2511 162.941136561117 9.825047052307 0.000000000000
2512 164.658762932909 10.551343679806 0.000000000000
2513 166.480058545337 11.902444180823 0.000000000000
2514 175.361190785737 1.773439674479 0.000000000000
2515 172.988901748893 2.160160999034 0.000000000000
2516 171.063825510399 3.851772050463 0.000000000000
2517 171.137734267152 1.652308476281 0.000000000000
2518 169.822868154016 2.249609331909 0.000000000000
2519 163.539003186037 6.763859211847 0.000000000000
2520 162.174665521306 8.279927947633 0.000000000000
2521 164.406685448690 8.482989069724 0.000000000000
2522 165.193707025894 5.563582840822 0.000000000000
2523 164.808016298971 3.617246238934 0.000000000000
2524 171.844253063520 8.252189973461 0.000000000000
2525 173.744767004940 7.533176755088 0.000000000000
2526 172.092687301824 6.106170105235 0.000000000000
2527 168.680764544153 4.039648900183 0.000000000000
2528 168.455887400301 1.704317231169 0.000000000000
2529 171.669602351812 10.169296200036 0.000000000000
2530 169.548884143943 8.975125135754 0.000000000000
2531 169.961467402616 6.526785032465 0.000000000000
2532 166.813649682462 9.176762090945 0.000000000000
2533 168.324633238842 11.295763563362 0.000000000000
2534 165.747289451307 7.189696035226 0.000000000000
2535 166.484363939677 2.232327920477 0.000000000000
2536 166.576576861348 4.349747396931 0.000000000000
2537 167.503191301675 6.545906776047 0.000000000000
2538 170.462274861678 11.411841606742 0.000000000000
2539 164.126591544055 1.932174123757 0.000000000000
2540 177.242529547853 1.426891016803 0.000000000000
2541 175.459699500205 6.528856033757 0.000000000000
2542 39.906983372068 48.232377414702 0.000000000000
2543 41.924001360429 48.317545825305 0.000000000000
2544 40.895808205643 46.940655332468 0.000000000000
2545 39.459456473461 46.505130891696 0.000000000000
2546 37.741186000533 47.736526949010 0.000000000000
2547 36.456484396419 46.151820508852 0.000000000000
2548 34.959958228698 48.120407861376 0.000000000000
2549 34.819389250797 45.630765859031 0.000000000000
2550 36.172272107230 44.039036439543 0.000000000000
2551 38.589616529707 45.232365483045 0.000000000000
2552 40.762056119266 45.583869459796 0.000000000000
2553 35.979385242423 34.887628081390 0.000000000000
2554 34.824890680285 33.294504556920 0.000000000000
2555 34.106689953153 35.543010855030 0.000000000000
2556 32.512205407417 37.381412053862 0.000000000000
2557 38.773583506080 30.378676545788 0.000000000000
2558 38.587214089079 32.589750986615 0.000000000000
2559 40.393697356284 31.496619495793 0.000000000000
2560 37.458062730089 31.490843116989 0.000000000000
2561 36.759152412987 33.210159894465 0.000000000000
2562 35.773026136647 31.127763304344 0.000000000000
2563 36.882186693205 29.385173999470 0.000000000000
2564 88.700546627450 20.538131034781 0.000000000000
2565 87.849786626858 21.986370908816 0.000000000000
2566 89.375225834249 22.261724781757 0.000000000000
2567 92.468255797051 20.473447809998 0.000000000000
2568 93.003852094307 22.060892605635 0.000000000000
2569 90.457178674475 20.460009578171 0.000000000000
2570 91.205849447507 22.293123336668 0.000000000000
2571 39.959263140549 41.623835102747 0.000000000000
2572 39.181246587940 39.991281927832 0.000000000000
2573 38.294925397055 41.335705885309 0.000000000000
2574 39.136937205624 37.765622384755 0.000000000000
2575 37.043191856943 39.549071210353 0.000000000000
2576 40.176412014311 35.894200265806 0.000000000000
2577 34.842267447026 40.444752883600 0.000000000000
2578 162.919566082224 37.360932840268 0.000000000000
2579 161.990333685226 38.964739278956 0.000000000000
2580 10.679718030194 22.665921928021 0.000000000000
2581 12.411453272429 24.480794504857 0.000000000000
2582 10.452975564114 24.747596947492 0.000000000000
2583 6.050836651326 23.729371879987 0.000000000000
2584 4.691473075273 25.054180125780 0.000000000000
2585 8.176649545508 23.535033210873 0.000000000000
2586 8.999693093172 21.148969124198 0.000000000000
2587 7.468148385860 20.121710858690 0.000000000000
2588 6.671661984239 21.930545478832 0.000000000000
2589 3.426756421010 26.329358959480 0.000000000000
2590 9.329905100133 25.879588759922 0.000000000000
2591 7.019026987893 26.000747371384 0.000000000000
2592 4.984615370286 27.282793216034 0.000000000000
2593 1.353095512474 28.840556427623 0.000000000000
2594 3.098526580018 28.145974831011 0.000000000000
2595 49.433306557628 28.445225703787 0.000000000000
2596 52.340295241940 19.564490044843 0.000000000000
2597 47.100489126308 23.080324742721 0.000000000000
2598 53.071553493139 25.245353000417 0.000000000000
2599 47.581167534093 18.084098185334 0.000000000000
2600 52.158233332519 28.298567173833 0.000000000000
2601 53.922926577853 21.077774696431 0.000000000000
2602 51.814180907756 21.674497049810 0.000000000000
2603 50.285263826658 20.212388929448 0.000000000000
2604 49.706589880504 22.271575546837 0.000000000000
2605 51.321794874155 23.781132541360 0.000000000000
2606 49.183810769947 24.386869649444 0.000000000000
2607 47.960509904809 20.405412041733 0.000000000000
2608 51.020717782177 25.744972110281 0.000000000000
2609 48.681970350143 26.461811652132 0.000000000000
2610 53.474781398932 23.171926556466 0.000000000000
2611 50.907046507807 18.107376759866 0.000000000000
2612 48.027881535263 28.003196469894 0.000000000000
2613 45.830694529830 19.234416530330 0.000000000000
2614 47.333632425346 25.121367767852 0.000000000000
2615 49.395178682321 16.877869881855 0.000000000000
2616 45.961725994888 21.177044405319 0.000000000000
2617 51.027790229902 29.071523821598 0.000000000000
2618 50.908119306003 27.507996749981 0.000000000000
2619 53.126697583650 27.025880038253 0.000000000000
2620 49.245310570371 18.756623853998 0.000000000000
2621 52.775581641073 29.564559126624 0.000000000000
2622 166.995559470113 16.427221790665 0.000000000000
2623 167.212434764122 18.522247674629 0.000000000000
2624 158.826137745315 13.175749006999 0.000000000000
2625 156.994963650464 14.531032295898 0.000000000000
2626 159.601437511526 15.819528486848 0.000000000000
2627 157.936640901490 19.583414614956 0.000000000000
2628 158.859663863070 21.478046429482 0.000000000000
2629 160.010765887736 19.509333020087 0.000000000000
2630 163.639842103359 22.395306815177 0.000000000000
2631 165.385741640676 20.487805424283 0.000000000000
2632 163.337248275200 19.978624789615 0.000000000000
2633 161.293213815646 21.302187337901 0.000000000000
2634 161.752900389861 23.145770711038 0.000000000000
2635 162.977364940894 18.210649278314 0.000000000000
2636 161.573935275837 19.429216468252 0.000000000000
2637 161.256303596112 17.366198922709 0.000000000000
2638 160.684929659432 13.480831545574 0.000000000000
2639 165.153391874791 18.046583413766 0.000000000000
2640 157.104805761778 17.262467345082 0.000000000000
2641 155.083688759600 15.781947012836 0.000000000000
2642 153.560105624737 16.878938747057 0.000000000000
2643 160.324273786875 11.941024850560 0.000000000000
2644 162.532224424368 24.771673991219 0.000000000000
2645 159.144837949941 17.896934361670 0.000000000000
2646 160.854787918809 24.668690939428 0.000000000000
2647 156.220201727190 19.412316667875 0.000000000000
2648 159.969197549896 23.228965210018 0.000000000000
2649 154.998168894414 17.988307517335 0.000000000000
2650 165.311306676925 15.959421769710 0.000000000000
2651 161.969267789852 14.850933056274 0.000000000000
2652 164.131335930592 14.367773629295 0.000000000000
2653 163.438068557467 16.454343419537 0.000000000000
2654 83.243656730766 34.971943710370 0.000000000000
2655 81.882927209668 33.706655632212 0.000000000000
2656 78.816131932880 36.031027217519 0.000000000000
2657 80.989867415870 35.662551861254 0.000000000000
2658 79.917881780887 33.884145455832 0.000000000000
2659 81.266893190122 32.045614493431 0.000000000000
2660 85.768825644991 37.309895072593 0.000000000000
2661 83.654809599335 36.950160095819 0.000000000000
2662 82.040673758304 36.941974150553 0.000000000000
2663 84.895076418260 35.740500335607 0.000000000000
2664 128.471820872568 3.865247372969 0.000000000000
2665 131.118366439049 1.848758476802 0.000000000000
2666 127.297863390354 2.461540589711 0.000000000000
2667 134.478098709641 3.388238344772 0.000000000000
2668 138.114183520751 2.209977043804 0.000000000000
2669 140.418663589255 1.828486795671 0.000000000000
2670 129.071455412608 1.813955660642 0.000000000000
2671 132.294509558722 3.562515407751 0.000000000000
2672 135.888480502547 1.818513451745 0.000000000000
2673 127.022528519321 4.072010697490 0.000000000000
2674 133.186697208335 1.754662825431 0.000000000000
2675 130.440367970346 3.609563543201 0.000000000000
2676 136.552110404538 3.313264883391 0.000000000000
2677 141.961165073231 1.301618106226 0.000000000000
2678 28.065675903183 34.345205343016 0.000000000000
2679 29.735904385233 35.457632006589 0.000000000000
2680 30.285646711348 33.641136502608 0.000000000000
2681 31.001763181515 26.676484374904 0.000000000000
2682 33.688951649147 27.383252330497 0.000000000000
2683 32.961073048190 25.430470804025 0.000000000000
2684 31.546993381590 23.921542284698 0.000000000000
2685 28.983172655125 24.610233475624 0.000000000000
2686 29.784681943445 30.294788581559 0.000000000000
2687 31.136036408749 31.705887901475 0.000000000000
2688 31.935279438595 29.353324523168 0.000000000000
2689 28.511022761095 31.862464293850 0.000000000000
2690 26.446004160657 32.407248614097 0.000000000000
2691 26.076012414586 24.506134485368 0.000000000000
2692 25.615125085758 26.444282015620 0.000000000000
2693 29.649810495836 28.333509148456 0.000000000000
2694 28.028844949798 29.588001477393 0.000000000000
2695 27.338256415889 25.934757264488 0.000000000000
2696 28.885505056487 26.627189840035 0.000000000000
2697 27.511278000979 27.620832167593 0.000000000000
2698 26.002456079121 28.778177104599 0.000000000000
2699 26.713820418312 30.638237568303 0.000000000000
2700 26.249658420809 34.142667146875 0.000000000000
$EndNodes
$Elements
6225
181 1 2 3 1 3 181
182 1 2 3 1 181 182
183 1 2 3 1 182 183
184 1 2 3 1 183 184
185 1 2 3 1 184 185
186 1 2 3 1 185 186
187 1 2 3 1 186 1
188 1 2 10 2 2 187
189 1 2 10 2 187 188
190 1 2 10 2 188 189
191 1 2 10 2 189 190
192 1 2 10 2 190 191
193 1 2 10 2 191 1
194 1 2 10 3 3 4
195 1 2 10 4 4 192
196 1 2 10 4 192 193
197 1 2 10 4 193 194
198 1 2 10 4 194 195
199 1 2 10 4 195 196
200 1 2 10 4 196 2
201 1 2 10 5 5 197
202 1 2 10 5 197 6
203 1 2 10 6 6 7
204 1 2 10 7 7 8
205 1 2 10 8 8 198
206 1 2 10 8 198 199
207 1 2 10 8 199 200
208 1 2 10 8 200 9
209 1 2 10 9 9 10
210 1 2 10 10 10 201
211 1 2 10 10 201 202
212 1 2 10 10 202 5
213 1 2 4 11 12 203
214 1 2 4 11 203 204
215 1 2 4 11 204 205
216 1 2 4 11 205 206
217 1 2 4 11 206 11
218 1 2 10 12 12 207
219 1 2 10 12 207 208
220 1 2 10 12 208 209
221 1 2 10 12 209 13
222 1 2 10 13 13 210
223 1 2 10 13 210 14
224 1 2 10 14 14 211
225 1 2 10 14 211 212
226 1 2 10 14 212 213
227 1 2 10 14 213 214
228 1 2 10 14 214 215
229 1 2 10 14 215 216
230 1 2 10 14 216 11
231 1 2 4 15 15 217
232 1 2 4 15 217 218
233 1 2 4 15 218 219
234 1 2 4 15 219 220
235 1 2 4 15 220 16
236 1 2 10 16 15 221
237 1 2 10 16 221 222
238 1 2 10 16 222 223
239 1 2 10 16 223 224
240 1 2 10 16 224 225
241 1 2 10 16 225 17
242 1 2 10 17 17 226
243 1 2 10 17 226 18
244 1 2 10 18 18 227
245 1 2 10 18 227 228
246 1 2 10 18 228 229
247 1 2 10 18 229 230
248 1 2 10 18 230 231
249 1 2 10 18 231 232
250 1 2 10 18 232 16
251 1 2 10 19 24 233
252 1 2 10 19 233 234
253 1 2 10 19 234 235
254 1 2 10 19 235 236
255 1 2 10 19 236 237
256 1 2 10 19 237 19
257 1 2 10 20 19 21
258 1 2 10 21 21 22
259 1 2 10 22 22 238
260 1 2 10 22 238 20
261 1 2 10 23 20 239
262 1 2 10 23 239 240
263 1 2 10 23 240 241
264 1 2 10 23 241 242
265 1 2 10 23 242 243
266 1 2 10 23 243 23
267 1 2 10 24 23 25
268 1 2 10 25 25 244
269 1 2 10 25 244 24
270 1 2 10 26 28 245
271 1 2 10 26 245 29
272 1 2 10 27 29 246
273 1 2 10 27 246 247
274 1 2 10 27 247 26
275 1 2 10 28 26 248
276 1 2 10 28 248 27
277 1 2 10 29 27 249
278 1 2 10 29 249 250
279 1 2 10 29 250 30
280 1 2 10 30 30 251
281 1 2 10 30 251 31
282 1 2 10 31 31 252
283 1 2 10 31 252 253
284 1 2 10 31 253 254
285 1 2 10 31 254 255
286 1 2 10 31 255 256
287 1 2 10 31 256 28
288 1 2 10 32 33 257
289 1 2 10 32 257 258
290 1 2 10 32 258 259
291 1 2 10 32 259 32
292 1 2 10 33 32 260
293 1 2 10 33 260 261
294 1 2 10 33 261 262
295 1 2 10 33 262 263
296 1 2 10 33 263 264
297 1 2 10 33 264 34
298 1 2 10 34 34 265
299 1 2 10 34 265 266
300 1 2 10 34 266 35
301 1 2 10 35 35 267
302 1 2 10 35 267 268
303 1 2 10 35 268 269
304 1 2 10 35 269 33
305 1 2 10 36 37 270
306 1 2 10 36 270 36
307 1 2 10 37 36 271
308 1 2 10 37 271 272
309 1 2 10 37 272 273
310 1 2 10 37 273 38
311 1 2 10 38 38 274
312 1 2 10 38 274 275
313 1 2 10 38 275 40
314 1 2 10 39 40 39
315 1 2 10 40 39 276
316 1 2 10 40 276 277
317 1 2 10 40 277 278
318 1 2 10 40 278 31
319 1 2 10 41 30 279
320 1 2 10 41 279 37
321 1 2 2 42 41 280
322 1 2 2 42 280 281
323 1 2 2 42 281 282
324 1 2 2 42 282 283
325 1 2 2 42 283 284
326 1 2 2 42 284 285
327 1 2 2 42 285 286
328 1 2 2 42 286 42
329 1 2 10 43 43 287
330 1 2 10 43 287 288
331 1 2 10 43 288 289
332 1 2 10 43 289 290
333 1 2 10 43 290 42
334 1 2 10 44 41 291
335 1 2 10 44 291 292
336 1 2 10 44 292 293
337 1 2 10 44 293 294
338 1 2 10 44 294 295
339 1 2 10 44 295 44
340 1 2 10 45 44 296
341 1 2 10 45 296 43
342 1 2 10 46 48 297
343 1 2 10 46 297 298
344 1 2 10 46 298 47
345 1 2 10 47 47 299
346 1 2 10 47 299 300
347 1 2 10 47 300 45
348 1 2 10 48 45 301
349 1 2 10 48 301 302
350 1 2 10 48 302 46
351 1 2 10 49 46 303
352 1 2 10 49 303 304
353 1 2 10 49 304 305
354 1 2 10 49 305 49
355 1 2 10 50 49 306
356 1 2 10 50 306 307
357 1 2 10 50 307 50
358 1 2 10 51 50 308
359 1 2 10 51 308 48
360 1 2 4 52 51 309
361 1 2 4 52 309 310
362 1 2 4 52 310 15
363 1 2 10 53 51 311
364 1 2 10 53 311 312
365 1 2 10 53 312 313
366 1 2 10 53 313 314
367 1 2 10 53 314 52
368 1 2 10 54 52 315
369 1 2 10 54 315 53
370 1 2 10 55 53 316
371 1 2 10 55 316 17
372 1 2 10 56 56 317
373 1 2 10 56 317 318
374 1 2 10 56 318 319
375 1 2 10 56 319 54
376 1 2 10 57 54 320
377 1 2 10 57 320 321
378 1 2 10 57 321 322
379 1 2 10 57 322 55
380 1 2 10 58 55 323
381 1 2 10 58 323 57
382 1 2 10 59 57 324
383 1 2 10 59 324 325
384 1 2 10 59 325 326
385 1 2 10 59 326 56
386 1 2 3 60 58 327
387 1 2 3 60 327 328
388 1 2 3 60 328 60
389 1 2 10 61 58 329
390 1 2 10 61 329 330
391 1 2 10 61 330 32
392 1 2 10 62 33 331
393 1 2 10 62 331 332
394 1 2 10 62 332 59
395 1 2 10 63 59 333
396 1 2 10 63 333 334
397 1 2 10 63 334 335
398 1 2 10 63 335 336
399 1 2 10 63 336 337
400 1 2 10 63 337 61
401 1 2 10 64 61 338
402 1 2 10 64 338 339
403 1 2 10 64 339 60
404 1 2 10 65 62 340
405 1 2 10 65 340 341
406 1 2 10 65 341 342
407 1 2 10 65 342 49
408 1 2 10 66 46 343
409 1 2 10 66 343 344
410 1 2 10 66 344 345
411 1 2 10 66 345 346
412 1 2 10 66 346 63
413 1 2 10 67 63 347
414 1 2 10 67 347 64
415 1 2 10 68 64 348
416 1 2 10 68 348 349
417 1 2 10 68 349 350
418 1 2 10 68 350 351
419 1 2 10 68 351 352
420 1 2 10 68 352 62
421 1 2 10 69 68 353
422 1 2 10 69 353 354
423 1 2 10 69 354 355
424 1 2 10 69 355 67
425 1 2 10 70 67 356
426 1 2 10 70 356 357
427 1 2 10 70 357 358
428 1 2 10 70 358 359
429 1 2 10 70 359 65
430 1 2 10 71 65 360
431 1 2 10 71 360 361
432 1 2 10 71 361 362
433 1 2 10 71 362 66
434 1 2 10 72 66 363
435 1 2 10 72 363 364
436 1 2 10 72 364 365
437 1 2 10 72 365 366
438 1 2 10 72 366 25
439 1 2 10 73 25 367
440 1 2 10 73 367 368
441 1 2 10 73 368 369
442 1 2 10 73 369 370
443 1 2 10 73 370 371
444 1 2 10 73 371 68
445 1 2 10 74 71 372
446 1 2 10 74 372 373
447 1 2 10 74 373 70
448 1 2 10 75 70 69
449 1 2 10 76 69 374
450 1 2 10 76 374 375
451 1 2 10 76 375 376
452 1 2 10 76 376 377
453 1 2 10 76 377 72
454 1 2 10 77 72 378
455 1 2 10 77 378 379
456 1 2 10 77 379 380
457 1 2 10 77 380 381
458 1 2 10 77 381 382
459 1 2 10 77 382 71
460 1 2 10 78 73 383
461 1 2 10 78 383 384
462 1 2 10 78 384 385
463 1 2 10 78 385 386
464 1 2 10 78 386 387
465 1 2 10 78 387 43
466 1 2 10 79 44 388
467 1 2 10 79 388 389
468 1 2 10 79 389 390
469 1 2 10 79 390 391
470 1 2 10 79 391 392
471 1 2 10 79 392 74
472 1 2 10 80 74 75
473 1 2 10 81 75 393
474 1 2 10 81 393 394
475 1 2 10 81 394 395
476 1 2 10 81 395 73
477 1 2 10 82 69 396
478 1 2 10 82 396 397
479 1 2 10 82 397 76
480 1 2 10 83 76 398
481 1 2 10 83 398 399
482 1 2 10 83 399 400
483 1 2 10 83 400 401
484 1 2 10 83 401 77
485 1 2 10 84 77 72
486 1 2 3 85 60 402
487 1 2 3 85 402 403
488 1 2 3 85 403 404
489 1 2 3 85 404 405
490 1 2 3 85 405 406
491 1 2 3 85 406 78
492 1 2 10 86 80 407
493 1 2 10 86 407 408
494 1 2 10 86 408 409
495 1 2 10 86 409 79
496 1 2 10 87 79 410
497 1 2 10 87 410 78
498 1 2 10 88 61 411
499 1 2 10 88 411 412
500 1 2 10 88 412 413
501 1 2 10 88 413 80
502 1 2 10 89 81 414
503 1 2 10 89 414 415
504 1 2 10 89 415 416
505 1 2 10 89 416 82
506 1 2 10 90 82 417
507 1 2 10 90 417 83
508 1 2 10 91 83 418
509 1 2 10 91 418 419
510 1 2 10 91 419 420
511 1 2 10 91 420 421
512 1 2 10 91 421 422
513 1 2 10 91 422 423
514 1 2 10 91 423 84
515 1 2 10 92 84 424
516 1 2 10 92 424 425
517 1 2 10 92 425 426
518 1 2 10 92 426 427
519 1 2 10 92 427 428
520 1 2 10 92 428 81
521 1 2 10 93 5 429
522 1 2 10 93 429 70
523 1 2 10 94 70 430
524 1 2 10 94 430 431
525 1 2 10 94 431 432
526 1 2 10 94 432 6
527 1 2 4 95 85 433
528 1 2 4 95 433 434
529 1 2 4 95 434 435
530 1 2 4 95 435 436
531 1 2 4 95 436 437
532 1 2 4 95 437 438
533 1 2 4 95 438 439
534 1 2 4 95 439 87
535 1 2 10 96 85 440
536 1 2 10 96 440 86
537 1 2 10 97 86 441
538 1 2 10 97 441 442
539 1 2 10 97 442 443
540 1 2 10 97 443 444
541 1 2 10 97 444 445
542 1 2 10 97 445 88
543 1 2 10 98 88 446
544 1 2 10 98 446 447
545 1 2 10 98 447 448
546 1 2 10 98 448 87
547 1 2 3 99 78 449
548 1 2 3 99 449 450
549 1 2 3 99 450 451
550 1 2 3 99 451 452
551 1 2 3 99 452 453
552 1 2 3 99 453 3
553 1 2 10 100 79 454
554 1 2 10 100 454 455
555 1 2 10 100 455 89
556 1 2 10 101 89 456
557 1 2 10 101 456 457
558 1 2 10 101 457 458
559 1 2 10 101 458 4
560 1 2 2 102 42 459
561 1 2 2 102 459 460
562 1 2 2 102 460 461
563 1 2 2 102 461 90
564 1 2 4 103 90 462
565 1 2 4 103 462 463
566 1 2 4 103 463 464
567 1 2 4 103 464 465
568 1 2 4 103 465 466
569 1 2 4 103 466 467
570 1 2 4 103 467 91
571 1 2 10 104 73 468
572 1 2 10 104 468 469
573 1 2 10 104 469 91
574 1 2 10 105 92 470
575 1 2 10 105 470 471
576 1 2 10 105 471 472
577 1 2 10 105 472 93
578 1 2 10 106 93 473
579 1 2 10 106 473 474
580 1 2 10 106 474 475
581 1 2 10 106 475 40
582 1 2 10 107 38 476
583 1 2 10 107 476 477
584 1 2 10 107 477 478
585 1 2 10 107 478 74
586 1 2 10 108 74 479
587 1 2 10 108 479 480
588 1 2 10 108 480 481
589 1 2 10 108 481 482
590 1 2 10 108 482 483
591 1 2 10 108 483 92
592 1 2 10 109 95 484
593 1 2 10 109 484 71
594 1 2 10 110 72 485
595 1 2 10 110 485 486
596 1 2 10 110 486 487
597 1 2 10 110 487 488
598 1 2 10 110 488 94
599 1 2 10 111 94 64
600 1 2 10 112 63 489
601 1 2 10 112 489 490
602 1 2 10 112 490 491
603 1 2 10 112 491 95
604 1 2 10 113 96 492
605 1 2 10 113 492 493
606 1 2 10 113 493 494
607 1 2 10 113 494 66
608 1 2 10 114 65 495
609 1 2 10 114 495 84
610 1 2 10 115 84 2
611 1 2 10 116 4 496
612 1 2 10 116 496 497
613 1 2 10 116 497 498
614 1 2 10 116 498 499
615 1 2 10 116 499 500
616 1 2 10 116 500 96
617 1 2 10 117 97 501
618 1 2 10 117 501 502
619 1 2 10 117 502 503
620 1 2 10 117 503 29
621 1 2 10 118 28 504
622 1 2 10 118 504 98
623 1 2 10 119 98 505
624 1 2 10 119 505 506
625 1 2 10 119 506 507
626 1 2 10 119 507 508
627 1 2 10 119 508 509
628 1 2 10 119 509 510
629 1 2 10 119 510 99
630 1 2 10 120 99 100
631 1 2 10 121 100 511
632 1 2 10 121 511 512
633 1 2 10 121 512 513
634 1 2 10 121 513 514
635 1 2 10 121 514 97
636 1 2 10 122 56 515
637 1 2 10 122 515 102
638 1 2 10 123 102 516
639 1 2 10 123 516 517
640 1 2 10 123 517 518
641 1 2 10 123 518 101
642 1 2 10 124 101 519
643 1 2 10 124 519 520
644 1 2 10 124 520 521
645 1 2 10 124 521 522
646 1 2 10 124 522 54
647 1 2 10 125 104 523
648 1 2 10 125 523 103
649 1 2 10 126 103 524
650 1 2 10 126 524 525
651 1 2 10 126 525 26
652 1 2 10 127 97 526
653 1 2 10 127 526 527
654 1 2 10 127 527 104
655 1 2 10 128 27 528
656 1 2 10 128 528 529
657 1 2 10 128 529 105
658 1 2 10 129 105 530
659 1 2 10 129 530 531
660 1 2 10 129 531 532
661 1 2 10 129 532 106
662 1 2 10 130 106 533
663 1 2 10 130 533 534
664 1 2 10 130 534 535
665 1 2 10 130 535 107
666 1 2 10 131 107 536
667 1 2 10 131 536 537
668 1 2 10 131 537 108
669 1 2 10 132 108 538
670 1 2 10 132 538 539
671 1 2 10 132 539 30
672 1 2 10 133 103 540
673 1 2 10 133 540 105
674 1 2 10 134 109 541
675 1 2 10 134 541 542
676 1 2 10 134 542 95
677 1 2 10 135 45 543
678 1 2 10 135 543 544
679 1 2 10 135 544 545
680 1 2 10 135 545 110
681 1 2 10 136 110 546
682 1 2 10 136 546 547
683 1 2 10 136 547 109
684 1 2 3 137 1 548
685 1 2 3 137 548 549
686 1 2 3 137 549 550
687 1 2 3 137 550 551
688 1 2 3 137 551 552
689 1 2 3 137 552 111
690 1 2 10 138 83 553
691 1 2 10 138 553 554
692 1 2 10 138 554 111
693 1 2 10 139 112 555
694 1 2 10 139 555 556
695 1 2 10 139 556 47
696 1 2 10 140 48 557
697 1 2 10 140 557 558
698 1 2 10 140 558 559
699 1 2 10 140 559 560
700 1 2 10 140 560 104
701 1 2 10 141 97 561
702 1 2 10 141 561 113
703 1 2 10 142 113 562
704 1 2 10 142 562 563
705 1 2 10 142 563 112
706 1 2 2 143 114 564
707 1 2 2 143 564 565
708 1 2 2 143 565 116
709 1 2 3 144 115 566
710 1 2 3 144 566 567
711 1 2 3 144 567 568
712 1 2 3 144 568 114
713 1 2 10 145 115 569
714 1 2 10 145 569 570
715 1 2 10 145 570 117
716 1 2 10 146 117 571
717 1 2 10 146 571 572
718 1 2 10 146 572 116
719 1 2 10 147 38 573
720 1 2 10 147 573 574
721 1 2 10 147 574 575
722 1 2 10 147 575 576
723 1 2 10 147 576 118
724 1 2 10 148 118 577
725 1 2 10 148 577 578
726 1 2 10 148 578 120
727 1 2 10 149 120 579
728 1 2 10 149 579 119
729 1 2 10 150 119 580
730 1 2 10 150 580 581
731 1 2 10 150 581 582
732 1 2 10 150 582 583
733 1 2 10 150 583 584
734 1 2 10 150 584 585
735 1 2 10 150 585 75
736 1 2 10 151 121 122
737 1 2 10 152 122 586
738 1 2 10 152 586 587
739 1 2 10 152 587 588
740 1 2 10 152 588 589
741 1 2 10 152 589 590
742 1 2 10 152 590 123
743 1 2 10 153 123 591
744 1 2 10 153 591 124
745 1 2 10 154 124 592
746 1 2 10 154 592 125
747 1 2 10 155 125 593
748 1 2 10 155 593 594
749 1 2 10 155 594 595
750 1 2 10 155 595 596
751 1 2 10 155 596 597
752 1 2 10 155 597 121
753 1 2 10 156 126 598
754 1 2 10 156 598 599
755 1 2 10 156 599 89
756 1 2 10 157 80 127
757 1 2 10 158 127 600
758 1 2 10 158 600 601
759 1 2 10 158 601 126
760 1 2 10 159 50 602
761 1 2 10 159 602 106
762 1 2 1 160 128 603
763 1 2 1 160 603 604
764 1 2 1 160 604 605
765 1 2 1 160 605 606
766 1 2 1 160 606 607
767 1 2 1 160 607 129
768 1 2 4 161 132 608
769 1 2 4 161 608 609
770 1 2 4 161 609 610
771 1 2 4 161 610 611
772 1 2 4 161 611 612
773 1 2 4 161 612 613
774 1 2 4 161 613 614
775 1 2 4 161 614 128
776 1 2 10 162 131 615
777 1 2 10 162 615 616
778 1 2 10 162 616 617
779 1 2 10 162 617 618
780 1 2 10 162 618 130
781 1 2 10 163 130 619
782 1 2 10 163 619 620
783 1 2 10 163 620 129
784 1 2 10 164 132 621
785 1 2 10 164 621 622
786 1 2 10 164 622 623
787 1 2 10 164 623 131
788 1 2 10 165 20 624
789 1 2 10 165 624 133
790 1 2 10 166 133 625
791 1 2 10 166 625 626
792 1 2 10 166 626 134
793 1 2 10 167 134 627
794 1 2 10 167 627 628
795 1 2 10 167 628 23
796 1 2 10 168 135 629
797 1 2 10 168 629 630
798 1 2 10 168 630 631
799 1 2 10 168 631 8
800 1 2 10 169 7 632
801 1 2 10 169 632 633
802 1 2 10 169 633 634
803 1 2 10 169 634 635
804 1 2 10 169 635 636
805 1 2 10 169 636 95
806 1 2 10 170 109 637
807 1 2 10 170 637 638
808 1 2 10 170 638 639
809 1 2 10 170 639 640
810 1 2 10 170 640 135
811 1 2 2 171 116 641
812 1 2 2 171 641 642
813 1 2 2 171 642 643
814 1 2 2 171 643 644
815 1 2 2 171 644 645
816 1 2 2 171 645 136
817 1 2 10 172 117 646
818 1 2 10 172 646 647
819 1 2 10 172 647 57
820 1 2 10 173 55 648
821 1 2 10 173 648 649
822 1 2 10 173 649 650
823 1 2 10 173 650 136
824 1 2 10 174 118 651
825 1 2 10 174 651 652
826 1 2 10 174 652 36
827 1 2 10 175 37 653
828 1 2 10 175 653 654
829 1 2 10 175 654 655
830 1 2 10 175 655 656
831 1 2 10 175 656 137
832 1 2 10 176 137 657
833 1 2 10 176 657 120
834 1 2 10 177 67 658
835 1 2 10 177 658 659
836 1 2 10 177 659 660
837 1 2 10 177 660 661
838 1 2 10 177 661 138
839 1 2 10 178 138 662
840 1 2 10 178 662 81
841 1 2 4 179 119 663
842 1 2 4 179 663 664
843 1 2 4 179 664 665
844 1 2 4 179 665 666
845 1 2 4 179 666 667
846 1 2 4 179 667 668
847 1 2 4 179 668 139
848 1 2 10 180 137 669
849 1 2 10 180 669 670
850 1 2 10 180 670 671
851 1 2 10 180 671 140
852 1 2 10 181 140 672
853 1 2 10 181 672 139
854 1 2 10 182 141 673
855 1 2 10 182 673 10
856 1 2 10 183 9 674
857 1 2 10 183 674 675
858 1 2 10 183 675 676
859 1 2 10 183 676 677
860 1 2 10 183 677 82
861 1 2 10 184 138 678
862 1 2 10 184 678 142
863 1 2 10 185 142 679
864 1 2 10 185 679 141
865 1 2 4 186 16 680
866 1 2 4 186 680 143
867 1 2 10 187 134 681
868 1 2 10 187 681 682
869 1 2 10 187 682 683
870 1 2 10 187 683 684
871 1 2 10 187 684 143
872 1 2 10 188 18 685
873 1 2 10 188 685 68
874 1 2 10 189 92 686
875 1 2 10 189 686 144
876 1 2 10 190 144 687
877 1 2 10 190 687 688
878 1 2 10 190 688 54
879 1 2 10 191 101 689
880 1 2 10 191 689 690
881 1 2 10 191 690 145
882 1 2 10 192 145 691
883 1 2 10 192 691 93
884 1 2 10 193 149 692
885 1 2 10 193 692 693
886 1 2 10 193 693 694
887 1 2 10 193 694 695
888 1 2 10 193 695 148
889 1 2 10 194 148 696
890 1 2 10 194 696 697
891 1 2 10 194 697 147
892 1 2 10 195 147 698
893 1 2 10 195 698 146
894 1 2 10 196 146 699
895 1 2 10 196 699 700
896 1 2 10 196 700 701
897 1 2 10 196 701 702
898 1 2 10 196 702 131
899 1 2 10 197 131 703
900 1 2 10 197 703 704
901 1 2 10 197 704 705
902 1 2 10 197 705 149
903 1 2 4 198 150 706
904 1 2 4 198 706 707
905 1 2 4 198 707 708
906 1 2 4 198 708 151
907 1 2 10 199 150 709
908 1 2 10 199 709 710
909 1 2 10 199 710 711
910 1 2 10 199 711 712
911 1 2 10 199 712 713
912 1 2 10 199 713 714
913 1 2 10 199 714 94
914 1 2 10 200 77 715
915 1 2 10 200 715 125
916 1 2 10 201 124 716
917 1 2 10 201 716 717
918 1 2 10 201 717 718
919 1 2 10 201 718 719
920 1 2 10 201 719 151
921 1 2 10 202 108 720
922 1 2 10 202 720 721
923 1 2 10 202 721 722
924 1 2 10 202 722 140
925 1 2 3 203 154 723
926 1 2 3 203 723 724
927 1 2 3 203 724 725
928 1 2 3 203 725 726
929 1 2 3 203 726 727
930 1 2 3 203 727 728
931 1 2 3 203 728 152
932 1 2 10 204 135 729
933 1 2 10 204 729 153
934 1 2 10 205 153 730
935 1 2 10 205 730 152
936 1 2 10 206 154 731
937 1 2 10 206 731 732
938 1 2 10 206 732 733
939 1 2 10 206 733 734
940 1 2 10 206 734 735
941 1 2 10 206 735 8
942 1 2 10 207 112 736
943 1 2 10 207 736 737
944 1 2 10 207 737 738
945 1 2 10 207 738 739
946 1 2 10 207 739 155
947 1 2 10 208 155 740
948 1 2 10 208 740 741
949 1 2 10 208 741 110
950 1 2 4 209 151 742
951 1 2 4 209 742 743
952 1 2 4 209 743 744
953 1 2 4 209 744 745
954 1 2 4 209 745 746
955 1 2 4 209 746 51
956 1 2 10 210 123 747
957 1 2 10 210 747 748
958 1 2 10 210 748 749
959 1 2 10 210 749 52
960 1 2 10 211 156 750
961 1 2 10 211 750 751
962 1 2 10 211 751 96
963 1 2 10 212 96 752
964 1 2 10 212 752 753
965 1 2 10 212 753 754
966 1 2 10 212 754 126
967 1 2 10 213 127 755
968 1 2 10 213 755 157
969 1 2 10 214 157 756
970 1 2 10 214 756 757
971 1 2 10 214 757 156
972 1 2 10 215 144 758
973 1 2 10 215 758 759
974 1 2 10 215 759 158
975 1 2 10 216 158 760
976 1 2 10 216 760 761
977 1 2 10 216 761 762
978 1 2 10 216 762 763
979 1 2 10 216 763 55
980 1 2 2 217 136 764
981 1 2 2 217 764 41
982 1 2 10 218 158 765
983 1 2 10 218 765 766
984 1 2 10 218 766 44
985 1 2 4 219 11 132
986 1 2 10 220 14 767
987 1 2 10 220 767 159
988 1 2 10 221 159 768
989 1 2 10 221 768 769
990 1 2 10 221 769 149
991 1 2 3 222 111 154
992 1 2 10 223 53 770
993 1 2 10 223 770 771
994 1 2 10 223 771 772
995 1 2 10 223 772 122
996 1 2 10 224 121 142
997 1 2 10 225 161 773
998 1 2 10 225 773 160
999 1 2 10 226 160 774
1000 1 2 10 226 774 775
1001 1 2 10 226 775 776
1002 1 2 10 226 776 19
1003 1 2 10 227 24 777
1004 1 2 10 227 777 162
1005 1 2 10 228 162 778
1006 1 2 10 228 778 161
1007 1 2 4 229 87 779
1008 1 2 4 229 779 780
1009 1 2 4 229 780 781
1010 1 2 4 229 781 782
1011 1 2 4 229 782 783
1012 1 2 4 229 783 150
1013 1 2 10 230 88 62
1014 1 2 10 231 35 163
1015 1 2 10 232 163 784
1016 1 2 10 232 784 785
1017 1 2 10 232 785 786
1018 1 2 10 232 786 787
1019 1 2 10 232 787 147
1020 1 2 10 233 148 788
1021 1 2 10 233 788 789
1022 1 2 10 233 789 59
1023 1 2 10 234 164 790
1024 1 2 10 234 790 791
1025 1 2 10 234 791 792
1026 1 2 10 234 792 153
1027 1 2 10 235 110 793
1028 1 2 10 235 793 794
1029 1 2 10 235 794 795
1030 1 2 10 235 795 796
1031 1 2 10 235 796 164
1032 1 2 3 236 165 797
1033 1 2 3 236 797 798
1034 1 2 3 236 798 799
1035 1 2 3 236 799 800
1036 1 2 3 236 800 166
1037 1 2 10 237 155 801
1038 1 2 10 237 801 802
1039 1 2 10 237 802 167
1040 1 2 10 238 167 803
1041 1 2 10 238 803 804
1042 1 2 10 238 804 166
1043 1 2 10 239 165 805
1044 1 2 10 239 805 164
1045 1 2 1 240 129 806
1046 1 2 1 240 806 168
1047 1 2 10 241 147 807
1048 1 2 10 241 807 808
1049 1 2 10 241 808 809
1050 1 2 10 241 809 810
1051 1 2 10 241 810 811
1052 1 2 10 241 811 812
1053 1 2 10 241 812 168
1054 1 2 10 242 130 813
1055 1 2 10 242 813 814
1056 1 2 10 242 814 815
1057 1 2 10 242 815 816
1058 1 2 10 242 816 146
1059 1 2 10 243 113 817
1060 1 2 10 243 817 818
1061 1 2 10 243 818 819
1062 1 2 10 243 819 820
1063 1 2 10 243 820 169
1064 1 2 10 244 169 821
1065 1 2 10 244 821 167
1066 1 2 4 245 91 822
1067 1 2 4 245 822 823
1068 1 2 4 245 823 824
1069 1 2 4 245 824 825
1070 1 2 4 245 825 826
1071 1 2 4 245 826 827
1072 1 2 4 245 827 828
1073 1 2 4 245 828 119
1074 1 2 10 246 39 829
1075 1 2 10 246 829 830
1076 1 2 10 246 830 831
1077 1 2 10 246 831 832
1078 1 2 10 246 832 833
1079 1 2 10 246 833 28
1080 1 2 3 247 152 834
1081 1 2 3 247 834 835
1082 1 2 3 247 835 836
1083 1 2 3 247 836 837
1084 1 2 3 247 837 165
1085 1 2 10 248 148 838
1086 1 2 10 248 838 839
1087 1 2 10 248 839 840
1088 1 2 10 248 840 170
1089 1 2 10 249 170 841
1090 1 2 10 249 841 842
1091 1 2 10 249 842 157
1092 1 2 4 250 171 843
1093 1 2 4 250 843 844
1094 1 2 4 250 844 845
1095 1 2 4 250 845 846
1096 1 2 4 250 846 172
1097 1 2 10 251 171 847
1098 1 2 10 251 847 848
1099 1 2 10 251 848 849
1100 1 2 10 251 849 133
1101 1 2 10 252 22 850
1102 1 2 10 252 850 851
1103 1 2 10 252 851 172
1104 1 2 10 253 100 852
1105 1 2 10 253 852 853
1106 1 2 10 253 853 854
1107 1 2 10 253 854 855
1108 1 2 10 253 855 856
1109 1 2 10 253 856 169
1110 1 2 3 254 173 857
1111 1 2 3 254 857 858
1112 1 2 3 254 858 859
1113 1 2 3 254 859 860
1114 1 2 3 254 860 115
1115 1 2 10 255 173 861
1116 1 2 10 255 861 102
1117 1 2 10 256 86 862
1118 1 2 10 256 862 863
1119 1 2 10 256 863 864
1120 1 2 10 256 864 107
1121 1 2 3 257 176 865
1122 1 2 3 257 865 866
1123 1 2 3 257 866 867
1124 1 2 3 257 867 868
1125 1 2 3 257 868 869
1126 1 2 3 257 869 870
1127 1 2 3 257 870 174
1128 1 2 10 258 98 871
1129 1 2 10 258 871 872
1130 1 2 10 258 872 175
1131 1 2 10 259 175 873
1132 1 2 10 259 873 874
1133 1 2 10 259 874 875
1134 1 2 10 259 875 876
1135 1 2 10 259 876 174
1136 1 2 10 260 176 99
1137 1 2 1 261 178 877
1138 1 2 1 261 877 878
1139 1 2 1 261 878 177
1140 1 2 3 262 177 879
1141 1 2 3 262 879 880
1142 1 2 3 262 880 881
1143 1 2 3 262 881 882
1144 1 2 3 262 882 883
1145 1 2 3 262 883 884
1146 1 2 3 262 884 885
1147 1 2 3 262 885 58
1148 1 2 10 263 178 886
1149 1 2 10 263 886 887
1150 1 2 10 263 887 34
1151 1 2 10 264 179 888
1152 1 2 10 264 888 889
1153 1 2 10 264 889 161
1154 1 2 10 265 162 890
1155 1 2 10 265 890 891
1156 1 2 10 265 891 892
1157 1 2 10 265 892 893
1158 1 2 10 265 893 156
1159 1 2 10 266 170 894
1160 1 2 10 266 894 895
1161 1 2 10 266 895 179
1162 1 2 4 267 139 896
1163 1 2 4 267 896 897
1164 1 2 4 267 897 898
1165 1 2 4 267 898 899
1166 1 2 4 267 899 85
1167 1 2 4 268 143 900
1168 1 2 4 268 900 171
1169 1 2 1 269 180 901
1170 1 2 1 269 901 902
1171 1 2 1 269 902 903
1172 1 2 1 269 903 904
1173 1 2 1 269 904 905
1174 1 2 1 269 905 906
1175 1 2 1 269 906 907
1176 1 2 1 269 907 908
1177 1 2 1 269 908 909
1178 1 2 1 269 909 178
1179 1 2 10 270 180 910
1180 1 2 10 270 910 911
1181 1 2 10 270 911 912
1182 1 2 10 270 912 913
1183 1 2 10 270 913 914
1184 1 2 10 270 914 163
1185 1 2 10 271 76 915
1186 1 2 10 271 915 141
1187 1 2 3 272 174 916
1188 1 2 3 272 916 917
1189 1 2 3 272 917 918
1190 1 2 3 272 918 919
1191 1 2 3 272 919 920
1192 1 2 3 272 920 921
1193 1 2 3 272 921 922
1194 1 2 3 272 922 173
1195 1 2 10 273 175 923
1196 1 2 10 273 923 924
1197 1 2 10 273 924 925
1198 1 2 10 273 925 145
1199 1 2 4 274 172 926
1200 1 2 4 274 926 927
1201 1 2 4 274 927 928
1202 1 2 4 274 928 929
1203 1 2 4 274 929 12
1204 1 2 10 275 21 930
1205 1 2 10 275 930 931
1206 1 2 10 275 931 13
1207 1 2 10 276 179 932
1208 1 2 10 276 932 933
1209 1 2 10 276 933 934
1210 1 2 10 276 934 935
1211 1 2 10 276 935 159
1212 1 2 10 277 14 936
1213 1 2 10 277 936 937
1214 1 2 10 277 937 938
1215 1 2 10 277 938 939
1216 1 2 10 277 939 160
1217 1 2 1 278 168 180
1218 1 2 3 279 166 940
1219 1 2 3 279 940 941
1220 1 2 3 279 941 942
1221 1 2 3 279 942 943
1222 1 2 3 279 943 944
1223 1 2 3 279 944 945
1224 1 2 3 279 945 946
1225 1 2 3 279 946 176
1226 2 2 1000 1 947 948 949
1227 2 2 1000 1 947 950 948
1228 2 2 1000 1 947 951 952
1229 2 2 1000 1 953 954 955
1230 2 2 1000 1 1 186 191
1231 2 2 1000 1 951 947 949
1232 2 2 1000 1 952 194 195
1233 2 2 1000 1 950 956 948
1234 2 2 1000 1 956 184 948
1235 2 2 1000 1 951 194 952
1236 2 2 1000 1 951 193 194
1237 2 2 1000 1 957 958 959
1238 2 2 1000 1 958 189 959
1239 2 2 1000 1 960 961 962
1240 2 2 1000 1 961 192 962
1241 2 2 1000 1 959 963 964
1242 2 2 1000 1 963 959 190
1243 2 2 1000 1 952 953 955
1244 2 2 1000 1 947 952 955
1245 2 2 1000 1 953 952 195
1246 2 2 1000 1 953 195 196
1247 2 2 1000 1 964 950 957
1248 2 2 1000 1 965 188 954
1249 2 2 1000 1 957 947 955
1250 2 2 1000 1 962 193 951
1251 2 2 1000 1 957 950 947
1252 2 2 1000 1 963 185 964
1253 2 2 1000 1 949 960 962
1254 2 2 1000 1 959 189 190
1255 2 2 1000 1 4 961 3
1256 2 2 1000 1 961 181 3
1257 2 2 1000 1 2 965 196
1258 2 2 1000 1 2 187 965
1259 2 2 1000 1 949 962 951
1260 2 2 1000 1 949 182 960
1261 2 2 1000 1 183 182 949
1262 2 2 1000 1 963 191 186
1263 2 2 1000 1 190 191 963
1264 2 2 1000 1 953 965 954
1265 2 2 1000 1 965 953 196
1266 2 2 1000 1 949 948 183
1267 2 2 1000 1 184 183 948
1268 2 2 1000 1 961 960 181
1269 2 2 1000 1 961 4 192
1270 2 2 1000 1 965 187 188
1271 2 2 1000 1 964 957 959
1272 2 2 1000 1 958 188 189
1273 2 2 1000 1 182 181 960
1274 2 2 1000 1 958 957 954
1275 2 2 1000 1 963 186 185
1276 2 2 1000 1 954 957 955
1277 2 2 1000 1 964 185 956
1278 2 2 1000 1 962 192 193
1279 2 2 1000 1 956 950 964
1280 2 2 1000 1 956 185 184
1281 2 2 1000 1 954 188 958
1282 2 2 1000 2 966 967 968
1283 2 2 1000 2 966 202 967
1284 2 2 1000 2 201 966 9
1285 2 2 1000 2 9 966 200
1286 2 2 1000 2 8 198 7
1287 2 2 1000 2 969 7 198
1288 2 2 1000 2 969 198 199
1289 2 2 1000 2 197 968 967
1290 2 2 1000 2 202 5 967
1291 2 2 1000 2 10 201 9
1292 2 2 1000 2 967 5 197
1293 2 2 1000 2 968 199 200
1294 2 2 1000 2 6 7 969
1295 2 2 1000 2 969 968 197
1296 2 2 1000 2 199 968 969
1297 2 2 1000 2 197 6 969
1298 2 2 1000 2 966 201 202
1299 2 2 1000 2 966 968 200
1300 2 2 1000 3 206 216 11
1301 2 2 1000 3 209 970 971
1302 2 2 1000 3 209 13 970
1303 2 2 1000 3 970 211 971
1304 2 2 1000 3 206 972 216
1305 2 2 1000 3 973 209 971
1306 2 2 1000 3 206 205 972
1307 2 2 1000 3 972 204 974
1308 2 2 1000 3 973 971 975
1309 2 2 1000 3 971 212 975
1310 2 2 1000 3 976 973 975
1311 2 2 1000 3 976 208 973
1312 2 2 1000 3 976 975 977
1313 2 2 1000 3 975 213 977
1314 2 2 1000 3 971 211 212
1315 2 2 1000 3 214 215 972
1316 2 2 1000 3 974 978 977
1317 2 2 1000 3 213 214 977
1318 2 2 1000 3 974 203 978
1319 2 2 1000 3 216 972 215
1320 2 2 1000 3 972 974 214
1321 2 2 1000 3 970 13 210
1322 2 2 1000 3 977 978 976
1323 2 2 1000 3 976 207 208
1324 2 2 1000 3 976 978 207
1325 2 2 1000 3 970 14 211
1326 2 2 1000 3 975 212 213
1327 2 2 1000 3 210 14 970
1328 2 2 1000 3 974 204 203
1329 2 2 1000 3 974 977 214
1330 2 2 1000 3 978 12 207
1331 2 2 1000 3 203 12 978
1332 2 2 1000 3 208 209 973
1333 2 2 1000 3 972 205 204
1334 2 2 1000 4 220 232 16
1335 2 2 1000 4 979 980 981
1336 2 2 1000 4 982 983 984
1337 2 2 1000 4 982 985 983
1338 2 2 1000 4 985 986 983
1339 2 2 1000 4 986 223 983
1340 2 2 1000 4 987 981 980
1341 2 2 1000 4 981 988 979
1342 2 2 1000 4 218 989 987
1343 2 2 1000 4 990 229 979
1344 2 2 1000 4 991 227 992
1345 2 2 1000 4 991 18 227
1346 2 2 1000 4 226 18 991
1347 2 2 1000 4 992 227 228
1348 2 2 1000 4 985 993 986
1349 2 2 1000 4 987 994 219
1350 2 2 1000 4 979 230 980
1351 2 2 1000 4 985 981 993
1352 2 2 1000 4 985 988 981
1353 2 2 1000 4 984 992 982
1354 2 2 1000 4 220 219 994
1355 2 2 1000 4 988 990 979
1356 2 2 1000 4 980 994 987
1357 2 2 1000 4 994 980 231
1358 2 2 1000 4 991 984 995
1359 2 2 1000 4 996 986 997
1360 2 2 1000 4 996 222 986
1361 2 2 1000 4 984 991 992
1362 2 2 1000 4 980 230 231
1363 2 2 1000 4 982 992 990
1364 2 2 1000 4 224 225 984
1365 2 2 1000 4 221 996 15
1366 2 2 1000 4 996 217 15
1367 2 2 1000 4 984 225 995
1368 2 2 1000 4 984 983 224
1369 2 2 1000 4 990 988 982
1370 2 2 1000 4 228 990 992
1371 2 2 1000 4 996 221 222
1372 2 2 1000 4 996 997 217
1373 2 2 1000 4 985 982 988
1374 2 2 1000 4 222 223 986
1375 2 2 1000 4 218 997 989
1376 2 2 1000 4 981 987 989
1377 2 2 1000 4 979 229 230
1378 2 2 1000 4 223 224 983
1379 2 2 1000 4 995 17 226
1380 2 2 1000 4 987 219 218
1381 2 2 1000 4 231 232 994
1382 2 2 1000 4 225 17 995
1383 2 2 1000 4 226 991 995
1384 2 2 1000 4 218 217 997
1385 2 2 1000 4 994 232 220
1386 2 2 1000 4 990 228 229
1387 2 2 1000 4 993 989 997
1388 2 2 1000 4 997 986 993
1389 2 2 1000 4 981 989 993
1390 2 2 1000 5 238 998 22
1391 2 2 1000 5 999 1000 1001
1392 2 2 1000 5 999 243 1000
1393 2 2 1000 5 22 998 21
1394 2 2 1000 5 998 19 21
1395 2 2 1000 5 24 1001 244
1396 2 2 1000 5 233 1001 24
1397 2 2 1000 5 998 1002 237
1398 2 2 1000 5 238 1002 998
1399 2 2 1000 5 237 19 998
1400 2 2 1000 5 1003 1004 239
1401 2 2 1000 5 236 1004 1003
1402 2 2 1000 5 240 1005 1003
1403 2 2 1000 5 1003 1005 235
1404 2 2 1000 5 1002 1004 237
1405 2 2 1000 5 1002 238 20
1406 2 2 1000 5 20 1004 1002
1407 2 2 1000 5 1000 25 244
1408 2 2 1000 5 244 1001 1000
1409 2 2 1000 5 242 243 999
1410 2 2 1000 5 234 1006 1007
1411 2 2 1000 5 243 23 1000
1412 2 2 1000 5 23 25 1000
1413 2 2 1000 5 1006 1005 241
1414 2 2 1000 5 233 999 1001
1415 2 2 1000 5 234 1005 1006
1416 2 2 1000 5 242 999 1006
1417 2 2 1000 5 1006 241 242
1418 2 2 1000 5 999 233 1007
1419 2 2 1000 5 1003 235 236
1420 2 2 1000 5 1003 239 240
1421 2 2 1000 5 1004 20 239
1422 2 2 1000 5 1004 236 237
1423 2 2 1000 5 1005 234 235
1424 2 2 1000 5 1005 240 241
1425 2 2 1000 5 1007 233 234
1426 2 2 1000 5 1007 1006 999
1427 2 2 1000 6 245 256 28
1428 2 2 1000 6 31 1008 251
1429 2 2 1000 6 1009 253 1010
1430 2 2 1000 6 246 247 1011
1431 2 2 1000 6 1008 250 251
1432 2 2 1000 6 1012 1010 1013
1433 2 2 1000 6 1010 254 1013
1434 2 2 1000 6 1008 31 252
1435 2 2 1000 6 1012 1011 26
1436 2 2 1000 6 1012 1009 1010
1437 2 2 1000 6 1012 248 1009
1438 2 2 1000 6 248 27 1009
1439 2 2 1000 6 30 251 250
1440 2 2 1000 6 246 1014 29
1441 2 2 1000 6 29 1014 245
1442 2 2 1000 6 27 1015 1009
1443 2 2 1000 6 1011 247 26
1444 2 2 1000 6 1009 1015 253
1445 2 2 1000 6 254 255 1013
1446 2 2 1000 6 1015 27 249
1447 2 2 1000 6 26 248 1012
1448 2 2 1000 6 1008 1015 249
1449 2 2 1000 6 252 1015 1008
1450 2 2 1000 6 249 250 1008
1451 2 2 1000 6 246 1016 1014
1452 2 2 1000 6 256 245 1014
1453 2 2 1000 6 1010 253 254
1454 2 2 1000 6 1014 1016 256
1455 2 2 1000 6 1015 252 253
1456 2 2 1000 6 1013 1016 1011
1457 2 2 1000 6 255 256 1016
1458 2 2 1000 6 246 1011 1016
1459 2 2 1000 6 1016 1013 255
1460 2 2 1000 6 1011 1012 1013
1461 2 2 1000 7 1023 1017 1030
1462 2 2 1000 7 1017 1025 1030
1463 2 2 1000 7 264 265 1028
1464 2 2 1000 7 34 265 264
1465 2 2 1000 7 1020 258 1021
1466 2 2 1000 7 1017 1023 1026
1467 2 2 1000 7 1022 1019 1026
1468 2 2 1000 7 259 260 1021
1469 2 2 1000 7 258 259 1021
1470 2 2 1000 7 261 1018 1021
1471 2 2 1000 7 265 1019 1028
1472 2 2 1000 7 32 260 259
1473 2 2 1000 7 260 261 1021
1474 2 2 1000 7 1019 1022 1028
1475 2 2 1000 7 1020 1021 1029
1476 2 2 1000 7 1019 1024 1026
1477 2 2 1000 7 265 266 1019
1478 2 2 1000 7 1019 266 1024
1479 2 2 1000 7 1023 1022 1026
1480 2 2 1000 7 257 258 1020
1481 2 2 1000 7 1018 1022 1023
1482 2 2 1000 7 261 262 1018
1483 2 2 1000 7 1018 262 1022
1484 2 2 1000 7 267 268 1017
1485 2 2 1000 7 262 263 1022
1486 2 2 1000 7 266 35 1024
1487 2 2 1000 7 268 269 1025
1488 2 2 1000 7 1017 268 1025
1489 2 2 1000 7 1021 1018 1029
1490 2 2 1000 7 35 267 1024
1491 2 2 1000 7 33 257 1027
1492 2 2 1000 7 1024 1017 1026
1493 2 2 1000 7 267 1017 1024
1494 2 2 1000 7 269 33 1027
1495 2 2 1000 7 1022 263 1028
1496 2 2 1000 7 257 1020 1027
1497 2 2 1000 7 1027 1020 1030
1498 2 2 1000 7 1025 1027 1030
1499 2 2 1000 7 1025 269 1027
1500 2 2 1000 7 263 264 1028
1501 2 2 1000 7 1018 1023 1029
1502 2 2 1000 7 1020 1029 1030
1503 2 2 1000 7 1029 1023 1030
1504 2 2 1000 8 279 1031 30
1505 2 2 1000 8 1031 251 30
1506 2 2 1000 8 1032 1033 1034
1507 2 2 1000 8 1035 1032 1036
1508 2 2 1000 8 1032 1037 1033
1509 2 2 1000 8 270 1034 1033
1510 2 2 1000 8 1035 278 1037
1511 2 2 1000 8 1038 31 1031
1512 2 2 1000 8 1039 1040 1041
1513 2 2 1000 8 277 278 1035
1514 2 2 1000 8 1040 274 1041
1515 2 2 1000 8 1040 1039 273
1516 2 2 1000 8 1042 1043 1036
1517 2 2 1000 8 1042 1039 1043
1518 2 2 1000 8 1039 1042 272
1519 2 2 1000 8 1042 1032 1034
1520 2 2 1000 8 37 270 1033
1521 2 2 1000 8 1039 272 273
1522 2 2 1000 8 274 275 1041
1523 2 2 1000 8 1036 1032 1042
1524 2 2 1000 8 271 1042 1034
1525 2 2 1000 8 1044 40 39
1526 2 2 1000 8 1041 275 1044
1527 2 2 1000 8 275 40 1044
1528 2 2 1000 8 1045 1035 1036
1529 2 2 1000 8 1035 1045 277
1530 2 2 1000 8 1045 276 277
1531 2 2 1000 8 1037 1038 1033
1532 2 2 1000 8 37 1033 1038
1533 2 2 1000 8 1038 1037 278
1534 2 2 1000 8 31 1038 278
1535 2 2 1000 8 1044 1045 1043
1536 2 2 1000 8 39 276 1044
1537 2 2 1000 8 276 1045 1044
1538 2 2 1000 8 270 36 1034
1539 2 2 1000 8 1035 1037 1032
1540 2 2 1000 8 1038 279 37
1541 2 2 1000 8 1041 1044 1043
1542 2 2 1000 8 1043 1039 1041
1543 2 2 1000 8 1040 38 274
1544 2 2 1000 8 273 38 1040
1545 2 2 1000 8 1036 1043 1045
1546 2 2 1000 8 1042 271 272
1547 2 2 1000 8 1034 36 271
1548 2 2 1000 8 1031 31 251
1549 2 2 1000 8 1031 279 1038
1550 2 2 1000 9 1046 1047 1048
1551 2 2 1000 9 1046 1049 1050
1552 2 2 1000 9 1051 1046 1048
1553 2 2 1000 9 1046 1051 1049
1554 2 2 1000 9 42 286 290
1555 2 2 1000 9 283 1048 1047
1556 2 2 1000 9 283 282 1048
1557 2 2 1000 9 1049 1052 1050
1558 2 2 1000 9 1052 1053 1050
1559 2 2 1000 9 1054 1046 1050
1560 2 2 1000 9 1055 293 1049
1561 2 2 1000 9 1054 1056 1057
1562 2 2 1000 9 1051 1055 1049
1563 2 2 1000 9 1049 293 294
1564 2 2 1000 9 1048 1058 1051
1565 2 2 1000 9 1048 282 1058
1566 2 2 1000 9 282 281 1058
1567 2 2 1000 9 296 43 1059
1568 2 2 1000 9 41 291 280
1569 2 2 1000 9 1060 1061 1062
1570 2 2 1000 9 1061 285 1062
1571 2 2 1000 9 1058 1063 1055
1572 2 2 1000 9 292 293 1055
1573 2 2 1000 9 292 1055 1063
1574 2 2 1000 9 1058 281 1063
1575 2 2 1000 9 1064 1060 1062
1576 2 2 1000 9 1064 288 1060
1577 2 2 1000 9 1053 1059 1056
1578 2 2 1000 9 1059 43 1056
1579 2 2 1000 9 1052 295 1065
1580 2 2 1000 9 294 295 1052
1581 2 2 1000 9 1059 1053 1065
1582 2 2 1000 9 1052 1065 1053
1583 2 2 1000 9 1057 288 1064
1584 2 2 1000 9 1056 287 1057
1585 2 2 1000 9 287 288 1057
1586 2 2 1000 9 1061 290 286
1587 2 2 1000 9 289 290 1061
1588 2 2 1000 9 1063 291 292
1589 2 2 1000 9 280 291 1063
1590 2 2 1000 9 1055 1051 1058
1591 2 2 1000 9 296 1059 1065
1592 2 2 1000 9 1066 1067 1064
1593 2 2 1000 9 1064 1062 1066
1594 2 2 1000 9 1066 1062 284
1595 2 2 1000 9 1066 1047 1067
1596 2 2 1000 9 283 1047 1066
1597 2 2 1000 9 1066 284 283
1598 2 2 1000 9 1067 1054 1057
1599 2 2 1000 9 1062 285 284
1600 2 2 1000 9 1057 1064 1067
1601 2 2 1000 9 1053 1054 1050
1602 2 2 1000 9 1065 44 296
1603 2 2 1000 9 295 44 1065
1604 2 2 1000 9 1061 1060 289
1605 2 2 1000 9 288 289 1060
1606 2 2 1000 9 1061 286 285
1607 2 2 1000 9 1046 1054 1067
1608 2 2 1000 9 1067 1047 1046
1609 2 2 1000 9 1052 1049 294
1610 2 2 1000 9 281 280 1063
1611 2 2 1000 9 1056 1054 1053
1612 2 2 1000 9 1056 43 287
1613 2 2 1000 10 299 300 1076
1614 2 2 1000 10 1076 300 1086
1615 2 2 1000 10 298 47 1073
1616 2 2 1000 10 1070 298 1073
1617 2 2 1000 10 1072 1076 1086
1618 2 2 1000 10 1084 1068 1085
1619 2 2 1000 10 1075 1084 1085
1620 2 2 1000 10 47 299 1073
1621 2 2 1000 10 1076 1072 1080
1622 2 2 1000 10 302 46 1077
1623 2 2 1000 10 48 297 1085
1624 2 2 1000 10 1070 1074 1075
1625 2 2 1000 10 1072 302 1077
1626 2 2 1000 10 1070 1073 1074
1627 2 2 1000 10 304 305 1078
1628 2 2 1000 10 1078 1081 1083
1629 2 2 1000 10 1072 1077 1080
1630 2 2 1000 10 46 303 1077
1631 2 2 1000 10 1069 304 1078
1632 2 2 1000 10 1081 1071 1083
1633 2 2 1000 10 297 298 1070
1634 2 2 1000 10 303 304 1069
1635 2 2 1000 10 1073 299 1076
1636 2 2 1000 10 1074 1080 1082
1637 2 2 1000 10 306 307 1071
1638 2 2 1000 10 1074 1073 1076
1639 2 2 1000 10 303 1069 1077
1640 2 2 1000 10 1068 48 1085
1641 2 2 1000 10 1071 307 1079
1642 2 2 1000 10 307 50 1079
1643 2 2 1000 10 305 49 1081
1644 2 2 1000 10 301 302 1072
1645 2 2 1000 10 1080 1069 1082
1646 2 2 1000 10 1078 305 1081
1647 2 2 1000 10 1077 1069 1080
1648 2 2 1000 10 300 45 1086
1649 2 2 1000 10 49 306 1081
1650 2 2 1000 10 1074 1076 1080
1651 2 2 1000 10 1075 1074 1082
1652 2 2 1000 10 1070 1075 1085
1653 2 2 1000 10 50 308 1079
1654 2 2 1000 10 308 48 1068
1655 2 2 1000 10 45 301 1086
1656 2 2 1000 10 306 1071 1081
1657 2 2 1000 10 1069 1078 1082
1658 2 2 1000 10 1071 1079 1084
1659 2 2 1000 10 1075 1082 1083
1660 2 2 1000 10 308 1068 1079
1661 2 2 1000 10 297 1070 1085
1662 2 2 1000 10 1082 1078 1083
1663 2 2 1000 10 1075 1083 1084
1664 2 2 1000 10 301 1072 1086
1665 2 2 1000 10 1083 1071 1084
1666 2 2 1000 10 1079 1068 1084
1667 2 2 1000 11 310 309 1095
1668 2 2 1000 11 1094 310 1095
1669 2 2 1000 11 315 53 1101
1670 2 2 1000 11 1089 315 1101
1671 2 2 1000 11 315 1089 1091
1672 2 2 1000 11 223 222 1090
1673 2 2 1000 11 1090 1088 1092
1674 2 2 1000 11 1089 225 1093
1675 2 2 1000 11 1087 1090 1092
1676 2 2 1000 11 1087 1091 1093
1677 2 2 1000 11 1091 1089 1093
1678 2 2 1000 11 223 1090 1098
1679 2 2 1000 11 1092 1088 1099
1680 2 2 1000 11 309 51 1095
1681 2 2 1000 11 225 224 1093
1682 2 2 1000 11 52 315 1091
1683 2 2 1000 11 51 311 1095
1684 2 2 1000 11 314 52 1091
1685 2 2 1000 11 1087 1092 1097
1686 2 2 1000 11 225 1089 1100
1687 2 2 1000 11 1093 224 1098
1688 2 2 1000 11 1088 1094 1095
1689 2 2 1000 11 15 310 1094
1690 2 2 1000 11 17 225 1100
1691 2 2 1000 11 224 223 1098
1692 2 2 1000 11 221 15 1094
1693 2 2 1000 11 1090 222 1096
1694 2 2 1000 11 1088 1090 1096
1695 2 2 1000 11 1090 1087 1098
1696 2 2 1000 11 1091 1087 1097
1697 2 2 1000 11 312 313 1092
1698 2 2 1000 11 314 1091 1097
1699 2 2 1000 11 1092 313 1097
1700 2 2 1000 11 312 1092 1099
1701 2 2 1000 11 222 221 1096
1702 2 2 1000 11 1100 1089 1101
1703 2 2 1000 11 313 314 1097
1704 2 2 1000 11 311 312 1099
1705 2 2 1000 11 1087 1093 1098
1706 2 2 1000 11 316 17 1100
1707 2 2 1000 11 53 316 1101
1708 2 2 1000 11 221 1094 1096
1709 2 2 1000 11 1094 1088 1096
1710 2 2 1000 11 316 1100 1101
1711 2 2 1000 11 1095 311 1099
1712 2 2 1000 11 1088 1095 1099
1713 2 2 1000 12 1102 1103 1104
1714 2 2 1000 12 1104 321 322
1715 2 2 1000 12 1105 1106 1107
1716 2 2 1000 12 1105 324 1106
1717 2 2 1000 12 1107 1106 1104
1718 2 2 1000 12 317 326 56
1719 2 2 1000 12 1104 1103 321
1720 2 2 1000 12 1106 325 1108
1721 2 2 1000 12 55 323 322
1722 2 2 1000 12 1102 1106 1108
1723 2 2 1000 12 320 1109 54
1724 2 2 1000 12 1109 319 54
1725 2 2 1000 12 1102 1104 1106
1726 2 2 1000 12 324 325 1106
1727 2 2 1000 12 325 326 1108
1728 2 2 1000 12 1108 326 317
1729 2 2 1000 12 318 1102 1108
1730 2 2 1000 12 318 319 1109
1731 2 2 1000 12 320 1103 1109
1732 2 2 1000 12 1108 317 318
1733 2 2 1000 12 1105 1107 323
1734 2 2 1000 12 1105 57 324
1735 2 2 1000 12 1103 320 321
1736 2 2 1000 12 1103 1102 318
1737 2 2 1000 12 322 323 1107
1738 2 2 1000 12 323 57 1105
1739 2 2 1000 12 1109 1103 318
1740 2 2 1000 12 1107 1104 322
1741 2 2 1000 13 1111 336 1119
1742 2 2 1000 13 336 337 1119
1743 2 2 1000 13 1122 1123 1135
1744 2 2 1000 13 1115 1122 1135
1745 2 2 1000 13 1125 1118 1134
1746 2 2 1000 13 1125 1110 1135
1747 2 2 1000 13 1111 1119 1120
1748 2 2 1000 13 1118 1125 1132
1749 2 2 1000 13 1123 1125 1135
1750 2 2 1000 13 338 1112 1117
1751 2 2 1000 13 337 1117 1119
1752 2 2 1000 13 61 338 1117
1753 2 2 1000 13 1122 1115 1130
1754 2 2 1000 13 1124 1110 1125
1755 2 2 1000 13 1117 1112 1118
1756 2 2 1000 13 58 329 1124
1757 2 2 1000 13 1116 1125 1134
1758 2 2 1000 13 329 1110 1124
1759 2 2 1000 13 337 61 1117
1760 2 2 1000 13 32 259 1115
1761 2 2 1000 13 1116 1124 1125
1762 2 2 1000 13 335 1111 1128
1763 2 2 1000 13 1125 1123 1132
1764 2 2 1000 13 1116 327 1124
1765 2 2 1000 13 328 327 1116
1766 2 2 1000 13 327 58 1124
1767 2 2 1000 13 1111 1120 1121
1768 2 2 1000 13 1122 1120 1123
1769 2 2 1000 13 1111 1121 1128
1770 2 2 1000 13 335 336 1111
1771 2 2 1000 13 258 257 1113
1772 2 2 1000 13 1121 1120 1122
1773 2 2 1000 13 1113 257 1126
1774 2 2 1000 13 1117 1118 1119
1775 2 2 1000 13 338 339 1112
1776 2 2 1000 13 328 1116 1131
1777 2 2 1000 13 258 1113 1130
1778 2 2 1000 13 329 330 1110
1779 2 2 1000 13 334 335 1128
1780 2 2 1000 13 1115 259 1130
1781 2 2 1000 13 257 33 1126
1782 2 2 1000 13 331 332 1114
1783 2 2 1000 13 333 334 1127
1784 2 2 1000 13 60 328 1131
1785 2 2 1000 13 1120 1119 1132
1786 2 2 1000 13 1114 1127 1137
1787 2 2 1000 13 33 331 1126
1788 2 2 1000 13 339 60 1131
1789 2 2 1000 13 259 258 1130
1790 2 2 1000 13 1127 1129 1137
1791 2 2 1000 13 1127 1128 1129
1792 2 2 1000 13 1127 334 1128
1793 2 2 1000 13 331 1114 1126
1794 2 2 1000 13 1128 1121 1129
1795 2 2 1000 13 59 333 1136
1796 2 2 1000 13 1119 1118 1132
1797 2 2 1000 13 1131 1116 1134
1798 2 2 1000 13 1112 339 1131
1799 2 2 1000 13 332 59 1136
1800 2 2 1000 13 1130 1113 1133
1801 2 2 1000 13 1113 1126 1137
1802 2 2 1000 13 1113 1129 1133
1803 2 2 1000 13 1123 1120 1132
1804 2 2 1000 13 1129 1113 1137
1805 2 2 1000 13 1110 330 1138
1806 2 2 1000 13 32 1115 1138
1807 2 2 1000 13 1118 1112 1134
1808 2 2 1000 13 1122 1130 1133
1809 2 2 1000 13 1121 1122 1133
1810 2 2 1000 13 1127 1114 1136
1811 2 2 1000 13 1135 1110 1138
1812 2 2 1000 13 1129 1121 1133
1813 2 2 1000 13 333 1127 1136
1814 2 2 1000 13 1112 1131 1134
1815 2 2 1000 13 1114 332 1136
1816 2 2 1000 13 330 32 1138
1817 2 2 1000 13 1126 1114 1137
1818 2 2 1000 13 1115 1135 1138
1819 2 2 1000 14 1139 1140 1141
1820 2 2 1000 14 1139 1142 1140
1821 2 2 1000 14 1143 1144 1145
1822 2 2 1000 14 1144 346 1145
1823 2 2 1000 14 305 1146 1147
1824 2 2 1000 14 1147 49 305
1825 2 2 1000 14 342 49 1147
1826 2 2 1000 14 1148 1142 1139
1827 2 2 1000 14 1148 1144 1142
1828 2 2 1000 14 1149 1142 1144
1829 2 2 1000 14 345 346 1144
1830 2 2 1000 14 1149 349 1150
1831 2 2 1000 14 1149 348 349
1832 2 2 1000 14 1147 1151 342
1833 2 2 1000 14 342 1151 341
1834 2 2 1000 14 1152 1153 1154
1835 2 2 1000 14 1152 1154 1155
1836 2 2 1000 14 1156 1146 1155
1837 2 2 1000 14 1157 1148 1153
1838 2 2 1000 14 1148 1139 1153
1839 2 2 1000 14 1152 1155 303
1840 2 2 1000 14 1158 1159 1160
1841 2 2 1000 14 1154 1156 1155
1842 2 2 1000 14 1160 1151 1158
1843 2 2 1000 14 1152 1157 1153
1844 2 2 1000 14 1152 343 1157
1845 2 2 1000 14 1146 304 1155
1846 2 2 1000 14 305 304 1146
1847 2 2 1000 14 1146 1151 1147
1848 2 2 1000 14 1156 1158 1146
1849 2 2 1000 14 1158 1151 1146
1850 2 2 1000 14 64 1143 347
1851 2 2 1000 14 1161 1151 1160
1852 2 2 1000 14 1161 341 1151
1853 2 2 1000 14 62 1161 352
1854 2 2 1000 14 62 340 1161
1855 2 2 1000 14 347 1143 1145
1856 2 2 1000 14 348 1143 64
1857 2 2 1000 14 1150 1140 1142
1858 2 2 1000 14 1150 350 1140
1859 2 2 1000 14 1150 349 350
1860 2 2 1000 14 1140 1159 1141
1861 2 2 1000 14 1159 1158 1141
1862 2 2 1000 14 1141 1158 1156
1863 2 2 1000 14 1154 1141 1156
1864 2 2 1000 14 1144 1148 345
1865 2 2 1000 14 345 1148 344
1866 2 2 1000 14 351 1160 1159
1867 2 2 1000 14 1144 1143 1149
1868 2 2 1000 14 1142 1149 1150
1869 2 2 1000 14 1154 1139 1141
1870 2 2 1000 14 1159 350 351
1871 2 2 1000 14 348 1149 1143
1872 2 2 1000 14 343 344 1157
1873 2 2 1000 14 350 1159 1140
1874 2 2 1000 14 304 303 1155
1875 2 2 1000 14 1153 1139 1154
1876 2 2 1000 14 351 352 1160
1877 2 2 1000 14 1145 63 347
1878 2 2 1000 14 346 63 1145
1879 2 2 1000 14 1152 46 343
1880 2 2 1000 14 1148 1157 344
1881 2 2 1000 14 303 46 1152
1882 2 2 1000 14 1161 1160 352
1883 2 2 1000 14 1161 340 341
1884 2 2 1000 15 1162 1163 1164
1885 2 2 1000 15 1163 356 1164
1886 2 2 1000 15 1165 1164 1166
1887 2 2 1000 15 1164 357 1166
1888 2 2 1000 15 1164 1165 1167
1889 2 2 1000 15 1168 1169 1170
1890 2 2 1000 15 1170 371 1168
1891 2 2 1000 15 370 371 1170
1892 2 2 1000 15 1171 1172 1173
1893 2 2 1000 15 1171 363 1172
1894 2 2 1000 15 1174 1163 1162
1895 2 2 1000 15 1163 67 356
1896 2 2 1000 15 1175 1170 1176
1897 2 2 1000 15 1170 1177 1176
1898 2 2 1000 15 1178 1172 1179
1899 2 2 1000 15 1178 1180 1172
1900 2 2 1000 15 1181 1180 1182
1901 2 2 1000 15 1167 1180 1181
1902 2 2 1000 15 1182 1180 1178
1903 2 2 1000 15 1181 1183 1162
1904 2 2 1000 15 1176 1184 1175
1905 2 2 1000 15 1184 369 1175
1906 2 2 1000 15 1162 1167 1181
1907 2 2 1000 15 1182 1183 1181
1908 2 2 1000 15 1179 1185 1178
1909 2 2 1000 15 1179 364 1185
1910 2 2 1000 15 1186 1187 359
1911 2 2 1000 15 1187 358 359
1912 2 2 1000 15 1188 355 1163
1913 2 2 1000 15 355 67 1163
1914 2 2 1000 15 1166 1187 1165
1915 2 2 1000 15 1189 1165 1187
1916 2 2 1000 15 1190 1165 1189
1917 2 2 1000 15 1191 368 1192
1918 2 2 1000 15 1174 1169 1188
1919 2 2 1000 15 1166 358 1187
1920 2 2 1000 15 1177 1169 1174
1921 2 2 1000 15 353 1169 1168
1922 2 2 1000 15 367 1191 25
1923 2 2 1000 15 1191 366 25
1924 2 2 1000 15 360 1186 65
1925 2 2 1000 15 1186 359 65
1926 2 2 1000 15 1169 354 1188
1927 2 2 1000 15 353 354 1169
1928 2 2 1000 15 1192 368 1184
1929 2 2 1000 15 1184 368 369
1930 2 2 1000 15 1193 1191 1192
1931 2 2 1000 15 1191 1193 366
1932 2 2 1000 15 365 366 1193
1933 2 2 1000 15 1188 354 355
1934 2 2 1000 15 1170 1169 1177
1935 2 2 1000 15 371 68 1168
1936 2 2 1000 15 1168 68 353
1937 2 2 1000 15 1174 1188 1163
1938 2 2 1000 15 1194 1185 1193
1939 2 2 1000 15 1193 1185 365
1940 2 2 1000 15 1190 1189 1195
1941 2 2 1000 15 361 1195 1189
1942 2 2 1000 15 1187 1186 1189
1943 2 2 1000 15 360 1189 1186
1944 2 2 1000 15 1189 360 361
1945 2 2 1000 15 1195 362 1171
1946 2 2 1000 15 1171 1173 1195
1947 2 2 1000 15 1192 1194 1193
1948 2 2 1000 15 1195 1173 1190
1949 2 2 1000 15 1195 361 362
1950 2 2 1000 15 1190 1167 1165
1951 2 2 1000 15 1174 1183 1177
1952 2 2 1000 15 1173 1180 1190
1953 2 2 1000 15 369 370 1175
1954 2 2 1000 15 1183 1174 1162
1955 2 2 1000 15 363 1179 1172
1956 2 2 1000 15 1180 1173 1172
1957 2 2 1000 15 357 358 1166
1958 2 2 1000 15 1179 363 364
1959 2 2 1000 15 1167 1190 1180
1960 2 2 1000 15 1182 1176 1183
1961 2 2 1000 15 1182 1178 1194
1962 2 2 1000 15 1194 1176 1182
1963 2 2 1000 15 1170 1175 370
1964 2 2 1000 15 1191 367 368
1965 2 2 1000 15 1164 356 357
1966 2 2 1000 15 1176 1177 1183
1967 2 2 1000 15 1184 1176 1194
1968 2 2 1000 15 1194 1192 1184
1969 2 2 1000 15 1164 1167 1162
1970 2 2 1000 15 364 365 1185
1971 2 2 1000 15 1171 66 363
1972 2 2 1000 15 1194 1178 1185
1973 2 2 1000 15 362 66 1171
1974 2 2 1000 16 1196 1197 1198
1975 2 2 1000 16 373 1197 1196
1976 2 2 1000 16 382 372 1196
1977 2 2 1000 16 1196 372 373
1978 2 2 1000 16 1199 376 379
1979 2 2 1000 16 372 382 71
1980 2 2 1000 16 375 376 1199
1981 2 2 1000 16 374 1197 69
1982 2 2 1000 16 377 378 376
1983 2 2 1000 16 69 1197 70
1984 2 2 1000 16 72 378 377
1985 2 2 1000 16 380 1200 1199
1986 2 2 1000 16 378 379 376
1987 2 2 1000 16 1199 379 380
1988 2 2 1000 16 1199 1200 375
1989 2 2 1000 16 1198 380 381
1990 2 2 1000 16 381 382 1196
1991 2 2 1000 16 374 375 1200
1992 2 2 1000 16 380 1198 1200
1993 2 2 1000 16 1196 1198 381
1994 2 2 1000 16 1200 1198 374
1995 2 2 1000 16 373 70 1197
1996 2 2 1000 16 374 1198 1197
1997 2 2 1000 17 1201 1202 1203
1998 2 2 1000 17 1201 391 1202
1999 2 2 1000 17 392 74 1204
2000 2 2 1000 17 1204 74 75
2001 2 2 1000 17 1204 393 1205
2002 2 2 1000 17 1204 75 393
2003 2 2 1000 17 1206 1207 1208
2004 2 2 1000 17 1207 1209 1208
2005 2 2 1000 17 385 1207 1206
2006 2 2 1000 17 1210 1211 1212
2007 2 2 1000 17 1212 1206 1210
2008 2 2 1000 17 384 1206 1212
2009 2 2 1000 17 1213 1214 1215
2010 2 2 1000 17 1215 1216 1213
2011 2 2 1000 17 1216 1215 1209
2012 2 2 1000 17 1214 388 1215
2013 2 2 1000 17 1212 1211 1217
2014 2 2 1000 17 1211 394 1217
2015 2 2 1000 17 1206 1208 1210
2016 2 2 1000 17 1215 1218 1209
2017 2 2 1000 17 1204 1202 392
2018 2 2 1000 17 1202 391 392
2019 2 2 1000 17 1218 389 390
2020 2 2 1000 17 388 389 1215
2021 2 2 1000 17 389 1218 1215
2022 2 2 1000 17 1204 1205 1219
2023 2 2 1000 17 73 1217 395
2024 2 2 1000 17 73 383 1217
2025 2 2 1000 17 1213 43 296
2026 2 2 1000 17 1216 387 1213
2027 2 2 1000 17 387 43 1213
2028 2 2 1000 17 1203 1218 1201
2029 2 2 1000 17 1203 1208 1218
2030 2 2 1000 17 1208 1209 1218
2031 2 2 1000 17 390 1201 1218
2032 2 2 1000 17 1207 385 386
2033 2 2 1000 17 394 395 1217
2034 2 2 1000 17 383 1212 1217
2035 2 2 1000 17 1216 386 387
2036 2 2 1000 17 1207 1216 1209
2037 2 2 1000 17 386 1216 1207
2038 2 2 1000 17 1206 384 385
2039 2 2 1000 17 1203 1219 1210
2040 2 2 1000 17 1210 1219 1211
2041 2 2 1000 17 1202 1204 1219
2042 2 2 1000 17 1219 1203 1202
2043 2 2 1000 17 1210 1208 1203
2044 2 2 1000 17 1214 1213 296
2045 2 2 1000 17 1214 44 388
2046 2 2 1000 17 1212 383 384
2047 2 2 1000 17 1201 390 391
2048 2 2 1000 17 394 1211 1205
2049 2 2 1000 17 1205 1211 1219
2050 2 2 1000 17 1205 393 394
2051 2 2 1000 17 296 44 1214
2052 2 2 1000 18 375 1220 1221
2053 2 2 1000 18 397 398 1220
2054 2 2 1000 18 1220 375 1223
2055 2 2 1000 18 398 399 1220
2056 2 2 1000 18 1220 399 1221
2057 2 2 1000 18 76 398 397
2058 2 2 1000 18 399 400 1221
2059 2 2 1000 18 1221 400 1222
2060 2 2 1000 18 396 374 69
2061 2 2 1000 18 397 1220 1223
2062 2 2 1000 18 375 374 1223
2063 2 2 1000 18 396 397 1223
2064 2 2 1000 18 376 375 1221
2065 2 2 1000 18 72 377 1224
2066 2 2 1000 18 77 72 1224
2067 2 2 1000 18 1222 401 1224
2068 2 2 1000 18 374 396 1223
2069 2 2 1000 18 401 77 1224
2070 2 2 1000 18 400 401 1222
2071 2 2 1000 18 376 1221 1222
2072 2 2 1000 18 377 1222 1224
2073 2 2 1000 18 377 376 1222
2074 2 2 1000 19 405 404 1230
2075 2 2 1000 19 405 1230 1233
2076 2 2 1000 19 406 1233 1235
2077 2 2 1000 19 406 405 1233
2078 2 2 1000 19 1232 409 1239
2079 2 2 1000 19 408 409 1232
2080 2 2 1000 19 411 412 1229
2081 2 2 1000 19 402 339 1231
2082 2 2 1000 19 1230 1225 1233
2083 2 2 1000 19 1227 1232 1239
2084 2 2 1000 19 339 338 1231
2085 2 2 1000 19 403 402 1231
2086 2 2 1000 19 60 339 402
2087 2 2 1000 19 410 1235 1239
2088 2 2 1000 19 1233 1227 1235
2089 2 2 1000 19 1232 1225 1244
2090 2 2 1000 19 1228 1232 1244
2091 2 2 1000 19 403 1231 1236
2092 2 2 1000 19 1233 1225 1243
2093 2 2 1000 19 1235 1227 1239
2094 2 2 1000 19 411 1229 1238
2095 2 2 1000 19 1240 413 1241
2096 2 2 1000 19 1229 412 1240
2097 2 2 1000 19 1231 1226 1236
2098 2 2 1000 19 79 410 1239
2099 2 2 1000 19 1237 1226 1238
2100 2 2 1000 19 1230 404 1236
2101 2 2 1000 19 61 411 1238
2102 2 2 1000 19 1231 338 1234
2103 2 2 1000 19 1229 1237 1238
2104 2 2 1000 19 1234 61 1238
2105 2 2 1000 19 1226 1230 1236
2106 2 2 1000 19 1226 1231 1234
2107 2 2 1000 19 1230 1226 1237
2108 2 2 1000 19 1228 1240 1241
2109 2 2 1000 19 410 78 1235
2110 2 2 1000 19 78 406 1235
2111 2 2 1000 19 412 413 1240
2112 2 2 1000 19 1225 1230 1237
2113 2 2 1000 19 404 403 1236
2114 2 2 1000 19 1225 1232 1243
2115 2 2 1000 19 408 1232 1242
2116 2 2 1000 19 1232 1228 1242
2117 2 2 1000 19 338 61 1234
2118 2 2 1000 19 1232 1227 1243
2119 2 2 1000 19 413 80 1241
2120 2 2 1000 19 80 407 1241
2121 2 2 1000 19 1227 1233 1243
2122 2 2 1000 19 409 79 1239
2123 2 2 1000 19 1237 1229 1244
2124 2 2 1000 19 407 408 1242
2125 2 2 1000 19 1225 1237 1244
2126 2 2 1000 19 1226 1234 1238
2127 2 2 1000 19 1241 407 1242
2128 2 2 1000 19 1228 1241 1242
2129 2 2 1000 19 1229 1240 1244
2130 2 2 1000 19 1240 1228 1244
2131 2 2 1000 20 419 1246 1253
2132 2 2 1000 20 1249 1246 1250
2133 2 2 1000 20 1245 1249 1250
2134 2 2 1000 20 1247 421 1254
2135 2 2 1000 20 418 419 1253
2136 2 2 1000 20 421 422 1254
2137 2 2 1000 20 84 424 423
2138 2 2 1000 20 1245 1247 1256
2139 2 2 1000 20 83 418 417
2140 2 2 1000 20 1252 1245 1256
2141 2 2 1000 20 426 1247 1254
2142 2 2 1000 20 1247 1245 1255
2143 2 2 1000 20 1247 426 1256
2144 2 2 1000 20 421 1247 1255
2145 2 2 1000 20 414 415 1248
2146 2 2 1000 20 1246 419 1250
2147 2 2 1000 20 1245 1248 1249
2148 2 2 1000 20 1248 415 1249
2149 2 2 1000 20 417 418 1253
2150 2 2 1000 20 427 428 1252
2151 2 2 1000 20 1252 428 1257
2152 2 2 1000 20 422 423 1251
2153 2 2 1000 20 415 416 1249
2154 2 2 1000 20 424 425 1251
2155 2 2 1000 20 425 426 1254
2156 2 2 1000 20 419 420 1250
2157 2 2 1000 20 1248 1252 1257
2158 2 2 1000 20 1245 1250 1255
2159 2 2 1000 20 428 81 1257
2160 2 2 1000 20 420 421 1255
2161 2 2 1000 20 422 1251 1254
2162 2 2 1000 20 423 424 1251
2163 2 2 1000 20 1248 1245 1252
2164 2 2 1000 20 81 414 1257
2165 2 2 1000 20 1249 416 1258
2166 2 2 1000 20 82 417 1253
2167 2 2 1000 20 1246 1249 1258
2168 2 2 1000 20 414 1248 1257
2169 2 2 1000 20 416 82 1258
2170 2 2 1000 20 426 427 1256
2171 2 2 1000 20 1250 420 1255
2172 2 2 1000 20 1251 425 1254
2173 2 2 1000 20 82 1253 1258
2174 2 2 1000 20 427 1252 1256
2175 2 2 1000 20 1253 1246 1258
2176 2 2 1000 21 5 431 197
2177 2 2 1000 21 197 432 6
2178 2 2 1000 21 430 431 429
2179 2 2 1000 21 70 430 429
2180 2 2 1000 21 431 432 197
2181 2 2 1000 21 429 431 5
2182 2 2 1000 22 440 433 85
2183 2 2 1000 22 444 1259 1260
2184 2 2 1000 22 1259 444 445
2185 2 2 1000 22 1260 1261 1262
2186 2 2 1000 22 1263 1262 1261
2187 2 2 1000 22 1264 1263 1261
2188 2 2 1000 22 1265 448 439
2189 2 2 1000 22 1266 447 1265
2190 2 2 1000 22 447 448 1265
2191 2 2 1000 22 1267 1268 1259
2192 2 2 1000 22 1269 1266 1270
2193 2 2 1000 22 1265 1270 1266
2194 2 2 1000 22 1265 438 1270
2195 2 2 1000 22 1271 1272 1273
2196 2 2 1000 22 1271 434 1272
2197 2 2 1000 22 1271 1273 1263
2198 2 2 1000 22 87 439 448
2199 2 2 1000 22 1273 442 1263
2200 2 2 1000 22 1263 1264 1271
2201 2 2 1000 22 1264 435 1271
2202 2 2 1000 22 444 1260 1262
2203 2 2 1000 22 1261 436 1264
2204 2 2 1000 22 1262 443 444
2205 2 2 1000 22 1263 443 1262
2206 2 2 1000 22 441 1274 86
2207 2 2 1000 22 86 1274 440
2208 2 2 1000 22 1266 1268 447
2209 2 2 1000 22 1268 446 447
2210 2 2 1000 22 1275 1261 1260
2211 2 2 1000 22 1259 1269 1260
2212 2 2 1000 22 1275 1260 1269
2213 2 2 1000 22 1268 1269 1259
2214 2 2 1000 22 1268 1266 1269
2215 2 2 1000 22 434 433 1272
2216 2 2 1000 22 1261 1275 436
2217 2 2 1000 22 1275 437 436
2218 2 2 1000 22 441 1273 1272
2219 2 2 1000 22 1269 1270 1275
2220 2 2 1000 22 1275 1270 437
2221 2 2 1000 22 1267 88 446
2222 2 2 1000 22 445 88 1267
2223 2 2 1000 22 1270 438 437
2224 2 2 1000 22 1263 442 443
2225 2 2 1000 22 1264 436 435
2226 2 2 1000 22 1268 1267 446
2227 2 2 1000 22 1265 439 438
2228 2 2 1000 22 445 1267 1259
2229 2 2 1000 22 441 1272 1274
2230 2 2 1000 22 435 434 1271
2231 2 2 1000 22 433 440 1274
2232 2 2 1000 22 1273 441 442
2233 2 2 1000 22 1274 1272 433
2234 2 2 1000 23 410 449 78
2235 2 2 1000 23 1276 453 452
2236 2 2 1000 23 1276 452 1277
2237 2 2 1000 23 1276 457 458
2238 2 2 1000 23 458 453 1276
2239 2 2 1000 23 1278 1277 1279
2240 2 2 1000 23 1277 451 1279
2241 2 2 1000 23 1278 89 456
2242 2 2 1000 23 1278 1280 89
2243 2 2 1000 23 1278 1276 1277
2244 2 2 1000 23 1278 456 1276
2245 2 2 1000 23 4 453 458
2246 2 2 1000 23 3 453 4
2247 2 2 1000 23 456 457 1276
2248 2 2 1000 23 1281 1279 450
2249 2 2 1000 23 89 1280 455
2250 2 2 1000 23 451 450 1279
2251 2 2 1000 23 454 1282 79
2252 2 2 1000 23 1280 1281 455
2253 2 2 1000 23 79 1282 410
2254 2 2 1000 23 1282 1281 449
2255 2 2 1000 23 1277 452 451
2256 2 2 1000 23 449 410 1282
2257 2 2 1000 23 454 1281 1282
2258 2 2 1000 23 450 449 1281
2259 2 2 1000 23 454 455 1281
2260 2 2 1000 23 1280 1278 1279
2261 2 2 1000 23 1279 1281 1280
2262 2 2 1000 24 1283 1284 1285
2263 2 2 1000 24 1284 1286 1285
2264 2 2 1000 24 1287 1288 287
2265 2 2 1000 24 1288 288 287
2266 2 2 1000 24 1289 1290 1286
2267 2 2 1000 24 1289 1286 1291
2268 2 2 1000 24 1292 1291 1286
2269 2 2 1000 24 1293 73 468
2270 2 2 1000 24 1294 383 1293
2271 2 2 1000 24 1295 384 1294
2272 2 2 1000 24 383 73 1293
2273 2 2 1000 24 1296 1297 1298
2274 2 2 1000 24 1296 1299 1297
2275 2 2 1000 24 1296 466 465
2276 2 2 1000 24 1300 91 1301
2277 2 2 1000 24 1301 91 467
2278 2 2 1000 24 1302 1303 1304
2279 2 2 1000 24 1302 385 1303
2280 2 2 1000 24 91 1300 469
2281 2 2 1000 24 1301 1305 1306
2282 2 2 1000 24 1303 1295 1307
2283 2 2 1000 24 1295 1308 1307
2284 2 2 1000 24 1305 1308 1306
2285 2 2 1000 24 1289 464 1290
2286 2 2 1000 24 464 463 1290
2287 2 2 1000 24 1305 1301 1296
2288 2 2 1000 24 1309 1310 1311
2289 2 2 1000 24 1309 1292 1310
2290 2 2 1000 24 1307 1304 1303
2291 2 2 1000 24 1301 466 1296
2292 2 2 1000 24 1301 467 466
2293 2 2 1000 24 1311 1312 1309
2294 2 2 1000 24 1311 289 1312
2295 2 2 1000 24 1307 1313 1314
2296 2 2 1000 24 1307 1298 1313
2297 2 2 1000 24 1314 1313 1315
2298 2 2 1000 24 1313 1291 1315
2299 2 2 1000 24 1314 1304 1307
2300 2 2 1000 24 1284 1283 1316
2301 2 2 1000 24 1284 1316 1310
2302 2 2 1000 24 1316 290 1310
2303 2 2 1000 24 1290 1317 1285
2304 2 2 1000 24 463 1317 1290
2305 2 2 1000 24 1306 1300 1301
2306 2 2 1000 24 1294 1293 1306
2307 2 2 1000 24 1318 1312 1288
2308 2 2 1000 24 1288 1312 288
2309 2 2 1000 24 468 469 1300
2310 2 2 1000 24 1290 1285 1286
2311 2 2 1000 24 1283 459 1316
2312 2 2 1000 24 1319 1287 1302
2313 2 2 1000 24 387 386 1287
2314 2 2 1000 24 1287 386 1302
2315 2 2 1000 24 1288 1287 1319
2316 2 2 1000 24 1295 1294 1306
2317 2 2 1000 24 1295 1306 1308
2318 2 2 1000 24 1285 1320 1283
2319 2 2 1000 24 1320 1285 1317
2320 2 2 1000 24 461 460 1320
2321 2 2 1000 24 1320 460 1283
2322 2 2 1000 24 1287 43 387
2323 2 2 1000 24 287 43 1287
2324 2 2 1000 24 1317 462 1320
2325 2 2 1000 24 462 90 1320
2326 2 2 1000 24 1320 90 461
2327 2 2 1000 24 1300 1306 1293
2328 2 2 1000 24 1293 468 1300
2329 2 2 1000 24 1291 1309 1315
2330 2 2 1000 24 1318 1314 1315
2331 2 2 1000 24 1315 1309 1318
2332 2 2 1000 24 1305 1298 1308
2333 2 2 1000 24 385 384 1303
2334 2 2 1000 24 1311 290 289
2335 2 2 1000 24 1291 1297 1289
2336 2 2 1000 24 1296 465 1299
2337 2 2 1000 24 1284 1292 1286
2338 2 2 1000 24 1307 1308 1298
2339 2 2 1000 24 463 462 1317
2340 2 2 1000 24 1298 1305 1296
2341 2 2 1000 24 1298 1297 1313
2342 2 2 1000 24 1319 1318 1288
2343 2 2 1000 24 1313 1297 1291
2344 2 2 1000 24 290 1311 1310
2345 2 2 1000 24 1291 1292 1309
2346 2 2 1000 24 1292 1284 1310
2347 2 2 1000 24 1283 460 459
2348 2 2 1000 24 1302 1304 1319
2349 2 2 1000 24 1302 386 385
2350 2 2 1000 24 384 383 1294
2351 2 2 1000 24 1304 1314 1318
2352 2 2 1000 24 1295 1303 384
2353 2 2 1000 24 459 42 1316
2354 2 2 1000 24 1318 1319 1304
2355 2 2 1000 24 1316 42 290
2356 2 2 1000 24 464 1289 1299
2357 2 2 1000 24 289 288 1312
2358 2 2 1000 24 1318 1309 1312
2359 2 2 1000 24 1299 465 464
2360 2 2 1000 24 1299 1289 1297
2361 2 2 1000 25 1321 1322 1323
2362 2 2 1000 25 1321 1324 1322
2363 2 2 1000 25 1325 1326 1327
2364 2 2 1000 25 1326 482 1327
2365 2 2 1000 25 482 483 1327
2366 2 2 1000 25 1328 1329 1330
2367 2 2 1000 25 1329 1328 1331
2368 2 2 1000 25 1327 483 1332
2369 2 2 1000 25 1324 1321 1333
2370 2 2 1000 25 1334 481 1335
2371 2 2 1000 25 1336 1333 1321
2372 2 2 1000 25 1337 1334 1338
2373 2 2 1000 25 1337 480 1334
2374 2 2 1000 25 1324 1339 274
2375 2 2 1000 25 1337 478 479
2376 2 2 1000 25 74 479 478
2377 2 2 1000 25 1327 1331 1325
2378 2 2 1000 25 1336 1335 1326
2379 2 2 1000 25 479 480 1337
2380 2 2 1000 25 477 478 1337
2381 2 2 1000 25 470 1340 1332
2382 2 2 1000 25 1341 1330 1342
2383 2 2 1000 25 1341 1328 1330
2384 2 2 1000 25 1340 470 471
2385 2 2 1000 25 1329 1343 1330
2386 2 2 1000 25 1336 1326 1325
2387 2 2 1000 25 1330 1343 474
2388 2 2 1000 25 274 1322 1324
2389 2 2 1000 25 1341 1342 1344
2390 2 2 1000 25 1342 475 1344
2391 2 2 1000 25 1335 1336 1321
2392 2 2 1000 25 1334 1335 1338
2393 2 2 1000 25 1321 1338 1335
2394 2 2 1000 25 1339 1341 1344
2395 2 2 1000 25 1324 1333 1339
2396 2 2 1000 25 1333 1341 1339
2397 2 2 1000 25 1323 477 1337
2398 2 2 1000 25 1323 1338 1321
2399 2 2 1000 25 1323 1337 1338
2400 2 2 1000 25 476 477 1323
2401 2 2 1000 25 1327 1332 1340
2402 2 2 1000 25 1327 1340 1331
2403 2 2 1000 25 1340 1329 1331
2404 2 2 1000 25 274 38 1322
2405 2 2 1000 25 1340 1345 1329
2406 2 2 1000 25 1345 1343 1329
2407 2 2 1000 25 1345 471 472
2408 2 2 1000 25 1345 1340 471
2409 2 2 1000 25 1345 473 1343
2410 2 2 1000 25 1343 473 474
2411 2 2 1000 25 1345 93 473
2412 2 2 1000 25 472 93 1345
2413 2 2 1000 25 1342 474 475
2414 2 2 1000 25 1325 1331 1328
2415 2 2 1000 25 1334 480 481
2416 2 2 1000 25 1328 1336 1325
2417 2 2 1000 25 476 1323 1322
2418 2 2 1000 25 1322 38 476
2419 2 2 1000 25 481 1326 1335
2420 2 2 1000 25 1326 481 482
2421 2 2 1000 25 1336 1328 1333
2422 2 2 1000 25 1332 92 470
2423 2 2 1000 25 1339 1344 275
2424 2 2 1000 25 275 274 1339
2425 2 2 1000 25 1333 1328 1341
2426 2 2 1000 25 474 1342 1330
2427 2 2 1000 25 1344 40 275
2428 2 2 1000 25 475 40 1344
2429 2 2 1000 25 483 92 1332
2430 2 2 1000 26 1357 1353 1358
2431 2 2 1000 26 1346 1353 1357
2432 2 2 1000 26 71 382 1348
2433 2 2 1000 26 64 347 1352
2434 2 2 1000 26 347 1349 1352
2435 2 2 1000 26 1348 1359 1360
2436 2 2 1000 26 94 1352 1364
2437 2 2 1000 26 1348 382 1351
2438 2 2 1000 26 488 94 1364
2439 2 2 1000 26 94 64 1352
2440 2 2 1000 26 1348 1351 1359
2441 2 2 1000 26 1357 1358 1361
2442 2 2 1000 26 491 95 1360
2443 2 2 1000 26 1350 1357 1361
2444 2 2 1000 26 72 485 378
2445 2 2 1000 26 1350 1356 1357
2446 2 2 1000 26 379 378 1355
2447 2 2 1000 26 378 485 1355
2448 2 2 1000 26 1352 1349 1353
2449 2 2 1000 26 487 1346 1354
2450 2 2 1000 26 1356 1354 1357
2451 2 2 1000 26 487 488 1346
2452 2 2 1000 26 486 487 1354
2453 2 2 1000 26 486 1354 1355
2454 2 2 1000 26 381 380 1350
2455 2 2 1000 26 485 486 1355
2456 2 2 1000 26 489 490 1347
2457 2 2 1000 26 380 379 1356
2458 2 2 1000 26 1355 1354 1356
2459 2 2 1000 26 1359 491 1360
2460 2 2 1000 26 1353 1346 1364
2461 2 2 1000 26 379 1355 1356
2462 2 2 1000 26 1354 1346 1357
2463 2 2 1000 26 489 1347 1365
2464 2 2 1000 26 1347 490 1359
2465 2 2 1000 26 1350 380 1356
2466 2 2 1000 26 490 491 1359
2467 2 2 1000 26 347 63 1349
2468 2 2 1000 26 63 489 1365
2469 2 2 1000 26 1358 1353 1362
2470 2 2 1000 26 1347 1362 1365
2471 2 2 1000 26 1347 1358 1362
2472 2 2 1000 26 1358 1347 1363
2473 2 2 1000 26 1346 488 1364
2474 2 2 1000 26 381 1350 1366
2475 2 2 1000 26 95 484 1360
2476 2 2 1000 26 1353 1349 1362
2477 2 2 1000 26 484 71 1348
2478 2 2 1000 26 382 381 1366
2479 2 2 1000 26 1347 1359 1363
2480 2 2 1000 26 1351 382 1366
2481 2 2 1000 26 1350 1361 1366
2482 2 2 1000 26 1359 1351 1363
2483 2 2 1000 26 1352 1353 1364
2484 2 2 1000 26 484 1348 1360
2485 2 2 1000 26 1349 63 1365
2486 2 2 1000 26 1361 1358 1363
2487 2 2 1000 26 1351 1361 1363
2488 2 2 1000 26 1362 1349 1365
2489 2 2 1000 26 1361 1351 1366
2490 2 2 1000 27 192 496 1375
2491 2 2 1000 27 1372 1367 1379
2492 2 2 1000 27 1367 1372 1384
2493 2 2 1000 27 496 497 1375
2494 2 2 1000 27 495 84 1378
2495 2 2 1000 27 1379 1367 1390
2496 2 2 1000 27 360 65 1376
2497 2 2 1000 27 1373 1379 1390
2498 2 2 1000 27 1374 1369 1381
2499 2 2 1000 27 1376 495 1378
2500 2 2 1000 27 65 495 1376
2501 2 2 1000 27 1373 1368 1379
2502 2 2 1000 27 1368 1373 1382
2503 2 2 1000 27 361 1382 1383
2504 2 2 1000 27 193 192 1375
2505 2 2 1000 27 1374 1381 1395
2506 2 2 1000 27 362 1383 1386
2507 2 2 1000 27 4 496 192
2508 2 2 1000 27 84 2 1378
2509 2 2 1000 27 361 360 1382
2510 2 2 1000 27 1375 497 1381
2511 2 2 1000 27 1378 2 1393
2512 2 2 1000 27 1369 1374 1384
2513 2 2 1000 27 1384 1372 1397
2514 2 2 1000 27 1379 1368 1380
2515 2 2 1000 27 2 196 1393
2516 2 2 1000 27 1383 1370 1386
2517 2 2 1000 27 1380 1368 1393
2518 2 2 1000 27 1375 1369 1387
2519 2 2 1000 27 1382 1373 1383
2520 2 2 1000 27 1369 1375 1381
2521 2 2 1000 27 193 1375 1387
2522 2 2 1000 27 1374 1388 1391
2523 2 2 1000 27 1388 1371 1391
2524 2 2 1000 27 362 361 1383
2525 2 2 1000 27 497 498 1381
2526 2 2 1000 27 1377 1370 1389
2527 2 2 1000 27 1370 1383 1390
2528 2 2 1000 27 66 362 1386
2529 2 2 1000 27 360 1376 1382
2530 2 2 1000 27 494 66 1386
2531 2 2 1000 27 1383 1373 1390
2532 2 2 1000 27 1376 1368 1382
2533 2 2 1000 27 493 1377 1396
2534 2 2 1000 27 196 195 1380
2535 2 2 1000 27 499 1388 1395
2536 2 2 1000 27 1372 1379 1380
2537 2 2 1000 27 500 96 1385
2538 2 2 1000 27 499 500 1388
2539 2 2 1000 27 492 493 1396
2540 2 2 1000 27 1369 1384 1397
2541 2 2 1000 27 96 492 1385
2542 2 2 1000 27 1377 493 1392
2543 2 2 1000 27 194 193 1387
2544 2 2 1000 27 500 1385 1388
2545 2 2 1000 27 1371 1377 1389
2546 2 2 1000 27 1388 1374 1395
2547 2 2 1000 27 1372 1380 1394
2548 2 2 1000 27 1389 1370 1390
2549 2 2 1000 27 1380 195 1394
2550 2 2 1000 27 493 494 1392
2551 2 2 1000 27 1385 1371 1388
2552 2 2 1000 27 194 1387 1394
2553 2 2 1000 27 1370 1377 1392
2554 2 2 1000 27 1377 1371 1396
2555 2 2 1000 27 1394 1387 1397
2556 2 2 1000 27 1368 1376 1378
2557 2 2 1000 27 1381 498 1395
2558 2 2 1000 27 195 194 1394
2559 2 2 1000 27 498 499 1395
2560 2 2 1000 27 1384 1374 1391
2561 2 2 1000 27 1386 1370 1392
2562 2 2 1000 27 1367 1384 1391
2563 2 2 1000 27 494 1386 1392
2564 2 2 1000 27 1371 1385 1396
2565 2 2 1000 27 1367 1389 1390
2566 2 2 1000 27 196 1380 1393
2567 2 2 1000 27 1389 1367 1391
2568 2 2 1000 27 1371 1389 1391
2569 2 2 1000 27 1385 492 1396
2570 2 2 1000 27 1387 1369 1397
2571 2 2 1000 27 1368 1378 1393
2572 2 2 1000 27 1372 1394 1397
2573 2 2 1000 28 512 1405 1414
2574 2 2 1000 28 1402 501 1411
2575 2 2 1000 28 512 513 1405
2576 2 2 1000 28 1411 503 1419
2577 2 2 1000 28 1404 245 1406
2578 2 2 1000 28 501 1402 1415
2579 2 2 1000 28 1398 1403 1417
2580 2 2 1000 28 1403 1407 1417
2581 2 2 1000 28 507 1407 1421
2582 2 2 1000 28 1407 1403 1421
2583 2 2 1000 28 502 503 1411
2584 2 2 1000 28 245 28 1406
2585 2 2 1000 28 1408 505 1412
2586 2 2 1000 28 29 245 1404
2587 2 2 1000 28 501 502 1411
2588 2 2 1000 28 505 506 1412
2589 2 2 1000 28 1405 1400 1414
2590 2 2 1000 28 28 504 1406
2591 2 2 1000 28 507 508 1407
2592 2 2 1000 28 1401 1411 1419
2593 2 2 1000 28 99 100 1418
2594 2 2 1000 28 1406 504 1408
2595 2 2 1000 28 1401 1410 1422
2596 2 2 1000 28 1399 1404 1406
2597 2 2 1000 28 1410 1398 1422
2598 2 2 1000 28 1410 1399 1412
2599 2 2 1000 28 29 1404 1419
2600 2 2 1000 28 1403 1398 1410
2601 2 2 1000 28 510 99 1418
2602 2 2 1000 28 1398 1405 1422
2603 2 2 1000 28 1403 1410 1412
2604 2 2 1000 28 1405 1402 1422
2605 2 2 1000 28 509 510 1409
2606 2 2 1000 28 1399 1406 1408
2607 2 2 1000 28 100 511 1418
2608 2 2 1000 28 1408 504 1420
2609 2 2 1000 28 509 1409 1413
2610 2 2 1000 28 503 29 1419
2611 2 2 1000 28 1405 513 1416
2612 2 2 1000 28 1409 1400 1413
2613 2 2 1000 28 1405 1398 1417
2614 2 2 1000 28 1400 1405 1417
2615 2 2 1000 28 1404 1399 1423
2616 2 2 1000 28 1402 1405 1416
2617 2 2 1000 28 511 1409 1418
2618 2 2 1000 28 1399 1408 1412
2619 2 2 1000 28 1409 510 1418
2620 2 2 1000 28 1407 508 1413
2621 2 2 1000 28 514 97 1415
2622 2 2 1000 28 1400 1407 1413
2623 2 2 1000 28 97 501 1415
2624 2 2 1000 28 1409 511 1414
2625 2 2 1000 28 504 98 1420
2626 2 2 1000 28 1411 1401 1422
2627 2 2 1000 28 511 512 1414
2628 2 2 1000 28 1400 1409 1414
2629 2 2 1000 28 508 509 1413
2630 2 2 1000 28 514 1415 1416
2631 2 2 1000 28 513 514 1416
2632 2 2 1000 28 1407 1400 1417
2633 2 2 1000 28 1415 1402 1416
2634 2 2 1000 28 98 505 1420
2635 2 2 1000 28 506 507 1421
2636 2 2 1000 28 505 1408 1420
2637 2 2 1000 28 1412 506 1421
2638 2 2 1000 28 1399 1410 1423
2639 2 2 1000 28 1419 1404 1423
2640 2 2 1000 28 1410 1401 1423
2641 2 2 1000 28 1403 1412 1421
2642 2 2 1000 28 1402 1411 1422
2643 2 2 1000 28 1401 1419 1423
2644 2 2 1000 29 319 522 54
2645 2 2 1000 29 1424 1425 1426
2646 2 2 1000 29 1425 1427 1426
2647 2 2 1000 29 1426 1428 1424
2648 2 2 1000 29 1428 318 1424
2649 2 2 1000 29 1429 1430 1431
2650 2 2 1000 29 102 516 515
2651 2 2 1000 29 1429 520 1430
2652 2 2 1000 29 1430 1427 1431
2653 2 2 1000 29 1426 1427 1430
2654 2 2 1000 29 520 1432 1430
2655 2 2 1000 29 520 521 1432
2656 2 2 1000 29 1432 1428 1426
2657 2 2 1000 29 517 1431 1427
2658 2 2 1000 29 519 1429 101
2659 2 2 1000 29 1429 518 101
2660 2 2 1000 29 1425 1424 317
2661 2 2 1000 29 1425 1433 1427
2662 2 2 1000 29 1429 519 520
2663 2 2 1000 29 1427 516 517
2664 2 2 1000 29 1433 1425 56
2665 2 2 1000 29 1428 319 318
2666 2 2 1000 29 515 1433 56
2667 2 2 1000 29 1425 317 56
2668 2 2 1000 29 1424 318 317
2669 2 2 1000 29 1430 1432 1426
2670 2 2 1000 29 516 1427 1433
2671 2 2 1000 29 1433 515 516
2672 2 2 1000 29 1432 521 1428
2673 2 2 1000 29 517 518 1431
2674 2 2 1000 29 521 522 1428
2675 2 2 1000 29 1428 522 319
2676 2 2 1000 29 1429 1431 518
2677 2 2 1000 30 523 1436 1439
2678 2 2 1000 30 97 526 501
2679 2 2 1000 30 247 246 1435
2680 2 2 1000 30 501 526 1437
2681 2 2 1000 30 104 523 1439
2682 2 2 1000 30 1435 1434 1438
2683 2 2 1000 30 523 103 1436
2684 2 2 1000 30 247 1435 1441
2685 2 2 1000 30 1435 246 1442
2686 2 2 1000 30 526 527 1437
2687 2 2 1000 30 1434 1435 1440
2688 2 2 1000 30 1434 1436 1438
2689 2 2 1000 30 103 524 1436
2690 2 2 1000 30 1436 1434 1439
2691 2 2 1000 30 1436 524 1438
2692 2 2 1000 30 1437 527 1439
2693 2 2 1000 30 527 104 1439
2694 2 2 1000 30 524 525 1438
2695 2 2 1000 30 503 1440 1442
2696 2 2 1000 30 503 502 1440
2697 2 2 1000 30 1434 1437 1439
2698 2 2 1000 30 1437 1434 1443
2699 2 2 1000 30 29 503 1442
2700 2 2 1000 30 246 29 1442
2701 2 2 1000 30 1435 1438 1441
2702 2 2 1000 30 1440 1435 1442
2703 2 2 1000 30 26 247 1441
2704 2 2 1000 30 525 26 1441
2705 2 2 1000 30 501 1437 1443
2706 2 2 1000 30 1434 1440 1443
2707 2 2 1000 30 1438 525 1441
2708 2 2 1000 30 502 501 1443
2709 2 2 1000 30 1440 502 1443
2710 2 2 1000 31 539 30 1461
2711 2 2 1000 31 30 250 1461
2712 2 2 1000 31 1445 1450 1451
2713 2 2 1000 31 1445 1451 1454
2714 2 2 1000 31 533 534 1455
2715 2 2 1000 31 1444 1459 1460
2716 2 2 1000 31 537 108 1449
2717 2 2 1000 31 1445 535 1450
2718 2 2 1000 31 534 1445 1455
2719 2 2 1000 31 537 1449 1466
2720 2 2 1000 31 1451 1453 1454
2721 2 2 1000 31 535 107 1450
2722 2 2 1000 31 1459 1448 1460
2723 2 2 1000 31 1444 1460 1463
2724 2 2 1000 31 1454 1453 1460
2725 2 2 1000 31 533 1455 1464
2726 2 2 1000 31 1445 1454 1455
2727 2 2 1000 31 1446 1456 1458
2728 2 2 1000 31 250 1446 1461
2729 2 2 1000 31 107 536 1450
2730 2 2 1000 31 1450 1447 1451
2731 2 2 1000 31 1456 1446 1467
2732 2 2 1000 31 536 1447 1450
2733 2 2 1000 31 528 1444 1457
2734 2 2 1000 31 27 528 1457
2735 2 2 1000 31 250 249 1446
2736 2 2 1000 31 1457 1456 1467
2737 2 2 1000 31 536 537 1447
2738 2 2 1000 31 528 529 1444
2739 2 2 1000 31 1451 1447 1452
2740 2 2 1000 31 1444 529 1459
2741 2 2 1000 31 1451 1452 1453
2742 2 2 1000 31 530 531 1448
2743 2 2 1000 31 1453 1452 1456
2744 2 2 1000 31 1456 1452 1458
2745 2 2 1000 31 1447 537 1466
2746 2 2 1000 31 534 535 1445
2747 2 2 1000 31 529 105 1459
2748 2 2 1000 31 105 530 1459
2749 2 2 1000 31 1449 1458 1466
2750 2 2 1000 31 530 1448 1459
2751 2 2 1000 31 108 538 1449
2752 2 2 1000 31 1460 1453 1463
2753 2 2 1000 31 1456 1457 1463
2754 2 2 1000 31 27 1457 1467
2755 2 2 1000 31 531 532 1462
2756 2 2 1000 31 532 106 1464
2757 2 2 1000 31 106 533 1464
2758 2 2 1000 31 1458 1452 1466
2759 2 2 1000 31 249 27 1467
2760 2 2 1000 31 1446 1458 1461
2761 2 2 1000 31 538 539 1465
2762 2 2 1000 31 1455 1454 1468
2763 2 2 1000 31 1462 532 1464
2764 2 2 1000 31 1457 1444 1463
2765 2 2 1000 31 1448 531 1462
2766 2 2 1000 31 1458 1449 1465
2767 2 2 1000 31 539 1461 1465
2768 2 2 1000 31 1462 1455 1468
2769 2 2 1000 31 1453 1456 1463
2770 2 2 1000 31 1455 1462 1464
2771 2 2 1000 31 1446 249 1467
2772 2 2 1000 31 1452 1447 1466
2773 2 2 1000 31 1454 1460 1468
2774 2 2 1000 31 1461 1458 1465
2775 2 2 1000 31 1460 1448 1468
2776 2 2 1000 31 1449 538 1465
2777 2 2 1000 31 1448 1462 1468
2778 2 2 1000 32 540 524 103
2779 2 2 1000 32 1469 26 525
2780 2 2 1000 32 248 26 1469
2781 2 2 1000 32 525 524 1470
2782 2 2 1000 32 27 248 528
2783 2 2 1000 32 1470 1469 525
2784 2 2 1000 32 529 1469 1470
2785 2 2 1000 32 1470 105 529
2786 2 2 1000 32 528 248 1469
2787 2 2 1000 32 540 105 1470
2788 2 2 1000 32 524 540 1470
2789 2 2 1000 32 1469 529 528
2790 2 2 1000 33 546 1471 1472
2791 2 2 1000 33 1472 110 546
2792 2 2 1000 33 545 110 1472
2793 2 2 1000 33 491 1473 1474
2794 2 2 1000 33 1475 1473 1476
2795 2 2 1000 33 1475 1474 1473
2796 2 2 1000 33 1477 1478 1476
2797 2 2 1000 33 1477 1479 1478
2798 2 2 1000 33 1474 95 491
2799 2 2 1000 33 542 95 1474
2800 2 2 1000 33 1480 1481 1482
2801 2 2 1000 33 1483 1484 1485
2802 2 2 1000 33 1483 1486 1484
2803 2 2 1000 33 1485 1475 1483
2804 2 2 1000 33 1475 1487 1483
2805 2 2 1000 33 1484 1488 1485
2806 2 2 1000 33 1484 541 1488
2807 2 2 1000 33 1480 1489 1490
2808 2 2 1000 33 1480 1491 1489
2809 2 2 1000 33 1489 1478 1490
2810 2 2 1000 33 1489 1487 1478
2811 2 2 1000 33 1490 1481 1480
2812 2 2 1000 33 1483 1489 1492
2813 2 2 1000 33 1483 1487 1489
2814 2 2 1000 33 1493 1494 1492
2815 2 2 1000 33 301 1495 1496
2816 2 2 1000 33 546 547 1471
2817 2 2 1000 33 45 543 1495
2818 2 2 1000 33 301 45 1495
2819 2 2 1000 33 1494 545 1472
2820 2 2 1000 33 346 345 1497
2821 2 2 1000 33 1493 544 1494
2822 2 2 1000 33 544 545 1494
2823 2 2 1000 33 1498 1482 343
2824 2 2 1000 33 1481 344 1482
2825 2 2 1000 33 1482 344 343
2826 2 2 1000 33 1499 1477 489
2827 2 2 1000 33 489 1477 490
2828 2 2 1000 33 491 490 1473
2829 2 2 1000 33 1496 1500 1498
2830 2 2 1000 33 1498 302 1496
2831 2 2 1000 33 1479 1497 1481
2832 2 2 1000 33 1497 345 1481
2833 2 2 1000 33 1471 1501 1486
2834 2 2 1000 33 1471 547 1501
2835 2 2 1000 33 1496 302 301
2836 2 2 1000 33 489 63 1499
2837 2 2 1000 33 1499 63 346
2838 2 2 1000 33 346 1497 1499
2839 2 2 1000 33 1498 46 302
2840 2 2 1000 33 343 46 1498
2841 2 2 1000 33 1491 1496 1495
2842 2 2 1000 33 1496 1491 1500
2843 2 2 1000 33 109 1484 1501
2844 2 2 1000 33 1501 1484 1486
2845 2 2 1000 33 1501 547 109
2846 2 2 1000 33 1484 109 541
2847 2 2 1000 33 1483 1492 1486
2848 2 2 1000 33 1480 1500 1491
2849 2 2 1000 33 1493 543 544
2850 2 2 1000 33 1497 1479 1499
2851 2 2 1000 33 1493 1492 1491
2852 2 2 1000 33 1471 1486 1472
2853 2 2 1000 33 1500 1480 1482
2854 2 2 1000 33 1482 1498 1500
2855 2 2 1000 33 1491 1492 1489
2856 2 2 1000 33 1486 1492 1494
2857 2 2 1000 33 1494 1472 1486
2858 2 2 1000 33 1481 345 344
2859 2 2 1000 33 1488 542 1474
2860 2 2 1000 33 1474 1485 1488
2861 2 2 1000 33 541 542 1488
2862 2 2 1000 33 1481 1490 1479
2863 2 2 1000 33 490 1476 1473
2864 2 2 1000 33 543 1493 1495
2865 2 2 1000 33 1495 1493 1491
2866 2 2 1000 33 1477 1499 1479
2867 2 2 1000 33 1487 1476 1478
2868 2 2 1000 33 1477 1476 490
2869 2 2 1000 33 1479 1490 1478
2870 2 2 1000 33 1475 1485 1474
2871 2 2 1000 33 1475 1476 1487
2872 2 2 1000 34 1502 1503 1504
2873 2 2 1000 34 423 422 1503
2874 2 2 1000 34 187 423 1503
2875 2 2 1000 34 187 2 423
2876 2 2 1000 34 422 1504 1503
2877 2 2 1000 34 1502 188 1503
2878 2 2 1000 34 84 423 2
2879 2 2 1000 34 188 187 1503
2880 2 2 1000 34 1505 1506 1507
2881 2 2 1000 34 1505 551 1506
2882 2 2 1000 34 1508 549 1509
2883 2 2 1000 34 1506 551 550
2884 2 2 1000 34 1510 1511 1512
2885 2 2 1000 34 1510 1512 1513
2886 2 2 1000 34 1514 190 1515
2887 2 2 1000 34 111 552 554
2888 2 2 1000 34 190 189 1515
2889 2 2 1000 34 1513 1516 1517
2890 2 2 1000 34 1505 552 551
2891 2 2 1000 34 1518 1513 1509
2892 2 2 1000 34 554 552 1505
2893 2 2 1000 34 1515 1519 1517
2894 2 2 1000 34 1516 1515 1517
2895 2 2 1000 34 1514 1515 1516
2896 2 2 1000 34 191 190 1514
2897 2 2 1000 34 1507 1520 1505
2898 2 2 1000 34 1510 1517 1521
2899 2 2 1000 34 422 421 1504
2900 2 2 1000 34 1505 1520 553
2901 2 2 1000 34 1519 1521 1517
2902 2 2 1000 34 1515 1502 1504
2903 2 2 1000 34 1504 1519 1515
2904 2 2 1000 34 1515 189 1502
2905 2 2 1000 34 548 1518 1509
2906 2 2 1000 34 1509 549 548
2907 2 2 1000 34 1522 1514 1518
2908 2 2 1000 34 1518 1516 1513
2909 2 2 1000 34 1518 1514 1516
2910 2 2 1000 34 1502 189 188
2911 2 2 1000 34 421 1519 1504
2912 2 2 1000 34 1513 1517 1510
2913 2 2 1000 34 1519 420 1521
2914 2 2 1000 34 1521 419 1510
2915 2 2 1000 34 1519 421 420
2916 2 2 1000 34 1511 1510 418
2917 2 2 1000 34 1510 419 418
2918 2 2 1000 34 420 419 1521
2919 2 2 1000 34 1512 1508 1509
2920 2 2 1000 34 1513 1512 1509
2921 2 2 1000 34 1511 1520 1507
2922 2 2 1000 34 418 1520 1511
2923 2 2 1000 34 1512 1506 1508
2924 2 2 1000 34 1508 1506 550
2925 2 2 1000 34 1514 1522 191
2926 2 2 1000 34 548 1522 1518
2927 2 2 1000 34 548 1 1522
2928 2 2 1000 34 1522 1 191
2929 2 2 1000 34 1520 83 553
2930 2 2 1000 34 418 83 1520
2931 2 2 1000 34 1508 550 549
2932 2 2 1000 34 1506 1512 1507
2933 2 2 1000 34 1511 1507 1512
2934 2 2 1000 34 553 554 1505
2935 2 2 1000 35 1532 527 1533
2936 2 2 1000 35 97 561 526
2937 2 2 1000 35 560 104 1532
2938 2 2 1000 35 526 561 1533
2939 2 2 1000 35 1526 563 1529
2940 2 2 1000 35 1523 1529 1538
2941 2 2 1000 35 1529 1531 1538
2942 2 2 1000 35 562 563 1526
2943 2 2 1000 35 1527 560 1532
2944 2 2 1000 35 527 526 1533
2945 2 2 1000 35 1523 1526 1529
2946 2 2 1000 35 1524 1532 1533
2947 2 2 1000 35 559 1528 1537
2948 2 2 1000 35 563 112 1529
2949 2 2 1000 35 1530 557 1537
2950 2 2 1000 35 558 559 1537
2951 2 2 1000 35 557 558 1537
2952 2 2 1000 35 297 557 1530
2953 2 2 1000 35 1526 1524 1534
2954 2 2 1000 35 48 557 297
2955 2 2 1000 35 1527 1523 1539
2956 2 2 1000 35 1523 1528 1539
2957 2 2 1000 35 298 297 1530
2958 2 2 1000 35 562 1526 1534
2959 2 2 1000 35 1524 1526 1536
2960 2 2 1000 35 112 555 1529
2961 2 2 1000 35 1524 1527 1532
2962 2 2 1000 35 1529 555 1531
2963 2 2 1000 35 1535 47 1540
2964 2 2 1000 35 47 298 1540
2965 2 2 1000 35 555 556 1531
2966 2 2 1000 35 298 1530 1540
2967 2 2 1000 35 104 527 1532
2968 2 2 1000 35 1524 1533 1541
2969 2 2 1000 35 1527 1524 1536
2970 2 2 1000 35 1534 1524 1541
2971 2 2 1000 35 1526 1523 1536
2972 2 2 1000 35 1528 1525 1537
2973 2 2 1000 35 1523 1527 1536
2974 2 2 1000 35 1528 1523 1538
2975 2 2 1000 35 1525 1528 1538
2976 2 2 1000 35 1531 556 1535
2977 2 2 1000 35 1525 1530 1537
2978 2 2 1000 35 113 562 1534
2979 2 2 1000 35 1525 1531 1535
2980 2 2 1000 35 560 1527 1539
2981 2 2 1000 35 561 113 1541
2982 2 2 1000 35 1530 1525 1540
2983 2 2 1000 35 1528 559 1539
2984 2 2 1000 35 559 560 1539
2985 2 2 1000 35 556 47 1535
2986 2 2 1000 35 1531 1525 1538
2987 2 2 1000 35 1533 561 1541
2988 2 2 1000 35 113 1534 1541
2989 2 2 1000 35 1525 1535 1540
2990 2 2 1000 36 1542 1543 1544
2991 2 2 1000 36 1542 572 1543
2992 2 2 1000 36 1543 565 1544
2993 2 2 1000 36 115 569 566
2994 2 2 1000 36 1544 568 1545
2995 2 2 1000 36 1546 1542 1547
2996 2 2 1000 36 1545 1547 1542
2997 2 2 1000 36 1546 571 1542
2998 2 2 1000 36 1547 567 1548
2999 2 2 1000 36 1545 568 567
3000 2 2 1000 36 567 1547 1545
3001 2 2 1000 36 1542 1544 1545
3002 2 2 1000 36 570 1548 569
3003 2 2 1000 36 569 1548 566
3004 2 2 1000 36 564 114 1544
3005 2 2 1000 36 1544 114 568
3006 2 2 1000 36 1542 571 572
3007 2 2 1000 36 1543 116 565
3008 2 2 1000 36 1546 1547 570
3009 2 2 1000 36 572 116 1543
3010 2 2 1000 36 1546 117 571
3011 2 2 1000 36 570 117 1546
3012 2 2 1000 36 570 1547 1548
3013 2 2 1000 36 567 566 1548
3014 2 2 1000 36 565 564 1544
3015 2 2 1000 37 578 1555 1565
3016 2 2 1000 37 1554 1555 1569
3017 2 2 1000 37 119 580 1569
3018 2 2 1000 37 1561 1559 1562
3019 2 2 1000 37 1555 1554 1565
3020 2 2 1000 37 1551 1561 1562
3021 2 2 1000 37 1559 1561 1570
3022 2 2 1000 37 1561 1564 1570
3023 2 2 1000 37 578 120 1555
3024 2 2 1000 37 1561 1553 1564
3025 2 2 1000 37 1563 1559 1570
3026 2 2 1000 37 74 478 1556
3027 2 2 1000 37 1558 1559 1563
3028 2 2 1000 37 75 74 1556
3029 2 2 1000 37 1550 1558 1567
3030 2 2 1000 37 1558 1550 1566
3031 2 2 1000 37 1549 1563 1570
3032 2 2 1000 37 1551 1560 1561
3033 2 2 1000 37 580 1554 1569
3034 2 2 1000 37 478 477 1560
3035 2 2 1000 37 1564 1549 1570
3036 2 2 1000 37 477 1553 1560
3037 2 2 1000 37 1557 1552 1558
3038 2 2 1000 37 1556 478 1560
3039 2 2 1000 37 582 1552 1557
3040 2 2 1000 37 583 584 1562
3041 2 2 1000 37 1560 1553 1561
3042 2 2 1000 37 580 581 1554
3043 2 2 1000 37 584 1551 1562
3044 2 2 1000 37 585 75 1556
3045 2 2 1000 37 1554 581 1557
3046 2 2 1000 37 477 476 1553
3047 2 2 1000 37 1558 1552 1559
3048 2 2 1000 37 1552 583 1562
3049 2 2 1000 37 581 582 1557
3050 2 2 1000 37 582 583 1552
3051 2 2 1000 37 576 118 1567
3052 2 2 1000 37 1558 1563 1567
3053 2 2 1000 37 575 576 1563
3054 2 2 1000 37 1551 1556 1560
3055 2 2 1000 37 584 585 1551
3056 2 2 1000 37 574 575 1549
3057 2 2 1000 37 1549 575 1563
3058 2 2 1000 37 118 1550 1567
3059 2 2 1000 37 1559 1552 1562
3060 2 2 1000 37 118 577 1550
3061 2 2 1000 37 573 574 1564
3062 2 2 1000 37 574 1549 1564
3063 2 2 1000 37 1551 585 1556
3064 2 2 1000 37 1557 1558 1566
3065 2 2 1000 37 577 578 1565
3066 2 2 1000 37 1550 577 1565
3067 2 2 1000 37 476 38 1568
3068 2 2 1000 37 120 579 1555
3069 2 2 1000 37 38 573 1568
3070 2 2 1000 37 1554 1557 1566
3071 2 2 1000 37 1553 476 1568
3072 2 2 1000 37 579 119 1569
3073 2 2 1000 37 1565 1554 1566
3074 2 2 1000 37 1563 576 1567
3075 2 2 1000 37 1550 1565 1566
3076 2 2 1000 37 1564 1553 1568
3077 2 2 1000 37 573 1564 1568
3078 2 2 1000 37 1555 579 1569
3079 2 2 1000 38 586 597 122
3080 2 2 1000 38 587 596 586
3081 2 2 1000 38 595 1571 1572
3082 2 2 1000 38 1571 588 1572
3083 2 2 1000 38 593 1573 125
3084 2 2 1000 38 122 597 121
3085 2 2 1000 38 125 1573 592
3086 2 2 1000 38 596 597 586
3087 2 2 1000 38 1574 1573 593
3088 2 2 1000 38 590 1573 1574
3089 2 2 1000 38 587 588 1571
3090 2 2 1000 38 595 596 1571
3091 2 2 1000 38 1571 596 587
3092 2 2 1000 38 594 1572 1574
3093 2 2 1000 38 1574 1572 589
3094 2 2 1000 38 1575 124 592
3095 2 2 1000 38 591 124 1575
3096 2 2 1000 38 592 1573 1575
3097 2 2 1000 38 1573 590 123
3098 2 2 1000 38 123 591 1575
3099 2 2 1000 38 588 589 1572
3100 2 2 1000 38 1574 593 594
3101 2 2 1000 38 1574 589 590
3102 2 2 1000 38 594 595 1572
3103 2 2 1000 38 1575 1573 123
3104 2 2 1000 39 1576 1577 1578
3105 2 2 1000 39 1576 409 1577
3106 2 2 1000 39 89 455 599
3107 2 2 1000 39 1577 1579 1578
3108 2 2 1000 39 1577 408 1579
3109 2 2 1000 39 1579 601 1578
3110 2 2 1000 39 1579 600 601
3111 2 2 1000 39 1576 1580 1581
3112 2 2 1000 39 1580 1578 126
3113 2 2 1000 39 1576 1578 1580
3114 2 2 1000 39 126 598 1580
3115 2 2 1000 39 409 1576 79
3116 2 2 1000 39 79 1576 454
3117 2 2 1000 39 1581 599 455
3118 2 2 1000 39 1580 598 1581
3119 2 2 1000 39 1582 1579 407
3120 2 2 1000 39 1578 601 126
3121 2 2 1000 39 598 599 1581
3122 2 2 1000 39 600 1579 1582
3123 2 2 1000 39 407 80 1582
3124 2 2 1000 39 409 408 1577
3125 2 2 1000 39 1582 127 600
3126 2 2 1000 39 80 127 1582
3127 2 2 1000 39 454 1576 1581
3128 2 2 1000 39 1581 455 454
3129 2 2 1000 39 408 407 1579
3130 2 2 1000 40 1584 1587 1592
3131 2 2 1000 40 1587 1584 1589
3132 2 2 1000 40 1587 1585 1592
3133 2 2 1000 40 104 560 523
3134 2 2 1000 40 48 308 1586
3135 2 2 1000 40 1586 1590 1594
3136 2 2 1000 40 523 560 1593
3137 2 2 1000 40 1590 1591 1594
3138 2 2 1000 40 105 540 1587
3139 2 2 1000 40 540 1585 1587
3140 2 2 1000 40 1586 308 1590
3141 2 2 1000 40 557 48 1586
3142 2 2 1000 40 106 532 1591
3143 2 2 1000 40 1584 558 1588
3144 2 2 1000 40 530 105 1587
3145 2 2 1000 40 103 523 1593
3146 2 2 1000 40 1589 1584 1595
3147 2 2 1000 40 1583 531 1589
3148 2 2 1000 40 602 106 1591
3149 2 2 1000 40 559 558 1584
3150 2 2 1000 40 558 557 1588
3151 2 2 1000 40 1585 103 1593
3152 2 2 1000 40 50 602 1590
3153 2 2 1000 40 532 531 1583
3154 2 2 1000 40 531 530 1589
3155 2 2 1000 40 1584 1588 1595
3156 2 2 1000 40 540 103 1585
3157 2 2 1000 40 532 1583 1591
3158 2 2 1000 40 560 559 1592
3159 2 2 1000 40 530 1587 1589
3160 2 2 1000 40 557 1586 1588
3161 2 2 1000 40 560 1592 1593
3162 2 2 1000 40 308 50 1590
3163 2 2 1000 40 1590 602 1591
3164 2 2 1000 40 559 1584 1592
3165 2 2 1000 40 1583 1589 1595
3166 2 2 1000 40 1592 1585 1593
3167 2 2 1000 40 1588 1586 1594
3168 2 2 1000 40 1591 1583 1594
3169 2 2 1000 40 1588 1594 1595
3170 2 2 1000 40 1594 1583 1595
3171 2 2 1000 41 1596 1597 1598
3172 2 2 1000 41 1596 611 1597
3173 2 2 1000 41 1599 1600 1601
3174 2 2 1000 41 1599 605 1600
3175 2 2 1000 41 1602 1601 1600
3176 2 2 1000 41 1603 1604 1605
3177 2 2 1000 41 1604 1606 1605
3178 2 2 1000 41 613 1607 1608
3179 2 2 1000 41 1608 1607 1609
3180 2 2 1000 41 1610 131 1611
3181 2 2 1000 41 1610 623 131
3182 2 2 1000 41 1612 1613 1614
3183 2 2 1000 41 1612 610 1613
3184 2 2 1000 41 615 1611 131
3185 2 2 1000 41 1615 1613 609
3186 2 2 1000 41 1616 1611 1617
3187 2 2 1000 41 1611 616 1617
3188 2 2 1000 41 609 1613 610
3189 2 2 1000 41 1618 1619 1620
3190 2 2 1000 41 1612 1614 1621
3191 2 2 1000 41 1614 1622 1621
3192 2 2 1000 41 1612 1597 610
3193 2 2 1000 41 1597 611 610
3194 2 2 1000 41 1613 1619 1614
3195 2 2 1000 41 1619 1615 1620
3196 2 2 1000 41 1623 1617 1624
3197 2 2 1000 41 1623 1622 1617
3198 2 2 1000 41 1619 1613 1615
3199 2 2 1000 41 1625 1604 1603
3200 2 2 1000 41 1604 1625 1626
3201 2 2 1000 41 1625 1603 130
3202 2 2 1000 41 1605 1627 1623
3203 2 2 1000 41 1624 617 1628
3204 2 2 1000 41 1623 1627 1621
3205 2 2 1000 41 1623 1624 1628
3206 2 2 1000 41 1605 1623 1628
3207 2 2 1000 41 1607 1629 1630
3208 2 2 1000 41 1598 1627 1606
3209 2 2 1000 41 1615 1631 1620
3210 2 2 1000 41 1605 1628 1603
3211 2 2 1000 41 1628 618 1603
3212 2 2 1000 41 621 1620 1631
3213 2 2 1000 41 1606 1627 1605
3214 2 2 1000 41 1604 1601 1632
3215 2 2 1000 41 1604 1626 1601
3216 2 2 1000 41 1602 1630 1632
3217 2 2 1000 41 1602 1609 1630
3218 2 2 1000 41 1632 1601 1602
3219 2 2 1000 41 1612 1621 1597
3220 2 2 1000 41 1598 1597 1621
3221 2 2 1000 41 1598 1621 1627
3222 2 2 1000 41 1616 1618 1610
3223 2 2 1000 41 1622 1619 1616
3224 2 2 1000 41 1619 1618 1616
3225 2 2 1000 41 1633 1634 603
3226 2 2 1000 41 615 616 1611
3227 2 2 1000 41 1634 604 603
3228 2 2 1000 41 1635 606 1636
3229 2 2 1000 41 1600 604 1634
3230 2 2 1000 41 621 622 1620
3231 2 2 1000 41 1634 1633 1608
3232 2 2 1000 41 1615 609 1631
3233 2 2 1000 41 1633 614 1608
3234 2 2 1000 41 1608 1609 1634
3235 2 2 1000 41 621 1631 132
3236 2 2 1000 41 1631 608 132
3237 2 2 1000 41 607 1635 129
3238 2 2 1000 41 1635 620 129
3239 2 2 1000 41 1637 1635 1636
3240 2 2 1000 41 1635 1637 620
3241 2 2 1000 41 1608 614 613
3242 2 2 1000 41 619 620 1637
3243 2 2 1000 41 1607 613 612
3244 2 2 1000 41 1618 623 1610
3245 2 2 1000 41 1625 1637 1626
3246 2 2 1000 41 619 1637 1625
3247 2 2 1000 41 1624 616 617
3248 2 2 1000 41 1614 1619 1622
3249 2 2 1000 41 616 1624 1617
3250 2 2 1000 41 1621 1622 1623
3251 2 2 1000 41 1622 1616 1617
3252 2 2 1000 41 612 1596 1607
3253 2 2 1000 41 1636 1626 1637
3254 2 2 1000 41 1602 1634 1609
3255 2 2 1000 41 1620 622 1618
3256 2 2 1000 41 622 623 1618
3257 2 2 1000 41 1596 1598 1629
3258 2 2 1000 41 1629 1606 1630
3259 2 2 1000 41 1629 1607 1596
3260 2 2 1000 41 1636 606 1599
3261 2 2 1000 41 1599 1601 1636
3262 2 2 1000 41 1599 606 605
3263 2 2 1000 41 609 608 1631
3264 2 2 1000 41 1603 618 130
3265 2 2 1000 41 1611 1616 1610
3266 2 2 1000 41 1604 1632 1606
3267 2 2 1000 41 1626 1636 1601
3268 2 2 1000 41 1606 1632 1630
3269 2 2 1000 41 1635 607 606
3270 2 2 1000 41 612 611 1596
3271 2 2 1000 41 1609 1607 1630
3272 2 2 1000 41 1629 1598 1606
3273 2 2 1000 41 130 619 1625
3274 2 2 1000 41 1628 617 618
3275 2 2 1000 41 603 128 1633
3276 2 2 1000 41 605 604 1600
3277 2 2 1000 41 1633 128 614
3278 2 2 1000 41 1634 1602 1600
3279 2 2 1000 42 1638 1639 627
3280 2 2 1000 42 1639 134 627
3281 2 2 1000 42 1638 628 243
3282 2 2 1000 42 242 1638 243
3283 2 2 1000 42 626 134 1639
3284 2 2 1000 42 624 239 20
3285 2 2 1000 42 627 628 1638
3286 2 2 1000 42 239 624 1640
3287 2 2 1000 42 1640 624 133
3288 2 2 1000 42 1640 1641 240
3289 2 2 1000 42 23 243 628
3290 2 2 1000 42 625 1641 1640
3291 2 2 1000 42 1640 133 625
3292 2 2 1000 42 241 1639 1638
3293 2 2 1000 42 1641 241 240
3294 2 2 1000 42 1641 625 626
3295 2 2 1000 42 1638 242 241
3296 2 2 1000 42 241 1641 1639
3297 2 2 1000 42 1640 240 239
3298 2 2 1000 42 1639 1641 626
3299 2 2 1000 43 1642 1643 1644
3300 2 2 1000 43 1643 1645 1644
3301 2 2 1000 43 1646 1647 1648
3302 2 2 1000 43 1649 638 1648
3303 2 2 1000 43 1646 1648 1650
3304 2 2 1000 43 639 1650 1648
3305 2 2 1000 43 1642 109 637
3306 2 2 1000 43 541 109 1642
3307 2 2 1000 43 1649 1643 1642
3308 2 2 1000 43 1651 1646 1652
3309 2 2 1000 43 1653 1654 1655
3310 2 2 1000 43 632 1655 1654
3311 2 2 1000 43 1655 632 633
3312 2 2 1000 43 1653 630 1654
3313 2 2 1000 43 1644 1645 636
3314 2 2 1000 43 633 1651 1655
3315 2 2 1000 43 1655 1651 1652
3316 2 2 1000 43 1651 633 634
3317 2 2 1000 43 1650 1656 1646
3318 2 2 1000 43 1645 635 636
3319 2 2 1000 43 542 1644 95
3320 2 2 1000 43 1644 636 95
3321 2 2 1000 43 7 1657 8
3322 2 2 1000 43 1657 631 8
3323 2 2 1000 43 640 1656 1650
3324 2 2 1000 43 629 1653 1656
3325 2 2 1000 43 1652 1646 1656
3326 2 2 1000 43 1656 1653 1652
3327 2 2 1000 43 637 1649 1642
3328 2 2 1000 43 1649 637 638
3329 2 2 1000 43 1647 1651 1658
3330 2 2 1000 43 1651 1647 1646
3331 2 2 1000 43 1647 1643 1649
3332 2 2 1000 43 1649 1648 1647
3333 2 2 1000 43 1644 541 1642
3334 2 2 1000 43 1658 1651 634
3335 2 2 1000 43 1647 1658 1645
3336 2 2 1000 43 1645 1643 1647
3337 2 2 1000 43 1645 1658 635
3338 2 2 1000 43 639 640 1650
3339 2 2 1000 43 1648 638 639
3340 2 2 1000 43 1657 1654 631
3341 2 2 1000 43 1657 7 632
3342 2 2 1000 43 632 1654 1657
3343 2 2 1000 43 634 635 1658
3344 2 2 1000 43 629 630 1653
3345 2 2 1000 43 640 135 1656
3346 2 2 1000 43 1656 135 629
3347 2 2 1000 43 1652 1653 1655
3348 2 2 1000 43 630 631 1654
3349 2 2 1000 43 1644 542 541
3350 2 2 1000 44 1659 1660 1661
3351 2 2 1000 44 1659 648 1660
3352 2 2 1000 44 1662 641 1663
3353 2 2 1000 44 1664 643 1665
3354 2 2 1000 44 642 641 1662
3355 2 2 1000 44 1666 1667 1661
3356 2 2 1000 44 1661 1668 1669
3357 2 2 1000 44 1661 1667 1668
3358 2 2 1000 44 1670 1663 571
3359 2 2 1000 44 571 1671 1670
3360 2 2 1000 44 1669 1659 1661
3361 2 2 1000 44 1668 1672 1669
3362 2 2 1000 44 1672 1673 1669
3363 2 2 1000 44 647 1673 1672
3364 2 2 1000 44 1674 1675 1676
3365 2 2 1000 44 1675 1674 650
3366 2 2 1000 44 649 650 1674
3367 2 2 1000 44 1671 1677 1670
3368 2 2 1000 44 1671 646 1677
3369 2 2 1000 44 1677 1668 1678
3370 2 2 1000 44 1675 644 1676
3371 2 2 1000 44 1660 1674 1666
3372 2 2 1000 44 1660 649 1674
3373 2 2 1000 44 645 1675 136
3374 2 2 1000 44 1675 650 136
3375 2 2 1000 44 1678 1670 1677
3376 2 2 1000 44 1667 1664 1665
3377 2 2 1000 44 1666 1676 1664
3378 2 2 1000 44 1664 1667 1666
3379 2 2 1000 44 1678 1665 1662
3380 2 2 1000 44 1662 1665 642
3381 2 2 1000 44 1662 1663 1670
3382 2 2 1000 44 572 571 1663
3383 2 2 1000 44 641 116 1663
3384 2 2 1000 44 1663 116 572
3385 2 2 1000 44 1672 646 647
3386 2 2 1000 44 1678 1667 1665
3387 2 2 1000 44 1676 1666 1674
3388 2 2 1000 44 643 642 1665
3389 2 2 1000 44 1667 1678 1668
3390 2 2 1000 44 646 1672 1677
3391 2 2 1000 44 1677 1672 1668
3392 2 2 1000 44 1670 1678 1662
3393 2 2 1000 44 1673 57 323
3394 2 2 1000 44 323 1669 1673
3395 2 2 1000 44 647 57 1673
3396 2 2 1000 44 1676 644 1664
3397 2 2 1000 44 1659 1669 323
3398 2 2 1000 44 1664 644 643
3399 2 2 1000 44 1659 55 648
3400 2 2 1000 44 323 55 1659
3401 2 2 1000 44 1666 1661 1660
3402 2 2 1000 44 648 649 1660
3403 2 2 1000 44 571 117 1671
3404 2 2 1000 44 1675 645 644
3405 2 2 1000 44 1671 117 646
3406 2 2 1000 45 1680 652 1681
3407 2 2 1000 45 651 652 1680
3408 2 2 1000 45 118 651 1679
3409 2 2 1000 45 1679 651 1680
3410 2 2 1000 45 652 36 1681
3411 2 2 1000 45 1681 36 1684
3412 2 2 1000 45 1679 1680 1683
3413 2 2 1000 45 657 1682 1683
3414 2 2 1000 45 137 657 1683
3415 2 2 1000 45 1683 1680 1685
3416 2 2 1000 45 120 578 657
3417 2 2 1000 45 36 270 1684
3418 2 2 1000 45 1681 655 1685
3419 2 2 1000 45 1680 1681 1685
3420 2 2 1000 45 654 655 1681
3421 2 2 1000 45 37 653 270
3422 2 2 1000 45 577 118 1679
3423 2 2 1000 45 657 578 1682
3424 2 2 1000 45 654 1681 1684
3425 2 2 1000 45 656 1683 1685
3426 2 2 1000 45 653 654 1684
3427 2 2 1000 45 270 653 1684
3428 2 2 1000 45 578 577 1682
3429 2 2 1000 45 656 137 1683
3430 2 2 1000 45 577 1679 1682
3431 2 2 1000 45 1682 1679 1683
3432 2 2 1000 45 655 656 1685
3433 2 2 1000 46 424 495 1690
3434 2 2 1000 46 1691 358 1702
3435 2 2 1000 46 359 358 1691
3436 2 2 1000 46 65 359 1690
3437 2 2 1000 46 358 1689 1702
3438 2 2 1000 46 1687 1697 1701
3439 2 2 1000 46 1697 1694 1701
3440 2 2 1000 46 1693 1686 1694
3441 2 2 1000 46 427 1686 1693
3442 2 2 1000 46 1689 1696 1698
3443 2 2 1000 46 1688 1692 1703
3444 2 2 1000 46 1692 1693 1703
3445 2 2 1000 46 1691 1695 1704
3446 2 2 1000 46 1698 1696 1701
3447 2 2 1000 46 1690 359 1691
3448 2 2 1000 46 1695 1691 1702
3449 2 2 1000 46 428 427 1693
3450 2 2 1000 46 1686 1695 1698
3451 2 2 1000 46 1686 426 1695
3452 2 2 1000 46 81 428 1692
3453 2 2 1000 46 427 426 1686
3454 2 2 1000 46 426 425 1695
3455 2 2 1000 46 1692 428 1693
3456 2 2 1000 46 357 356 1696
3457 2 2 1000 46 1698 1695 1702
3458 2 2 1000 46 358 357 1689
3459 2 2 1000 46 1689 357 1696
3460 2 2 1000 46 658 659 1687
3461 2 2 1000 46 1694 1686 1698
3462 2 2 1000 46 659 660 1697
3463 2 2 1000 46 660 661 1688
3464 2 2 1000 46 662 81 1692
3465 2 2 1000 46 1687 659 1697
3466 2 2 1000 46 1687 1696 1699
3467 2 2 1000 46 660 1688 1697
3468 2 2 1000 46 1695 425 1704
3469 2 2 1000 46 1689 1698 1702
3470 2 2 1000 46 1696 1687 1701
3471 2 2 1000 46 1690 1691 1704
3472 2 2 1000 46 356 67 1699
3473 2 2 1000 46 424 1690 1704
3474 2 2 1000 46 138 662 1700
3475 2 2 1000 46 67 658 1699
3476 2 2 1000 46 661 138 1700
3477 2 2 1000 46 1692 1688 1700
3478 2 2 1000 46 1693 1694 1703
3479 2 2 1000 46 1696 356 1699
3480 2 2 1000 46 658 1687 1699
3481 2 2 1000 46 662 1692 1700
3482 2 2 1000 46 1694 1697 1703
3483 2 2 1000 46 495 65 1690
3484 2 2 1000 46 1688 661 1700
3485 2 2 1000 46 1694 1698 1701
3486 2 2 1000 46 425 424 1704
3487 2 2 1000 46 1697 1688 1703
3488 2 2 1000 46 84 495 424
3489 2 2 1000 47 667 1705 1706
3490 2 2 1000 47 1706 1705 670
3491 2 2 1000 47 1707 1705 666
3492 2 2 1000 47 669 1705 1707
3493 2 2 1000 47 1708 1707 665
3494 2 2 1000 47 139 668 672
3495 2 2 1000 47 137 1707 1708
3496 2 2 1000 47 120 657 663
3497 2 2 1000 47 668 1706 1709
3498 2 2 1000 47 579 120 663
3499 2 2 1000 47 1709 1706 671
3500 2 2 1000 47 119 579 663
3501 2 2 1000 47 1709 140 672
3502 2 2 1000 47 663 657 664
3503 2 2 1000 47 672 668 1709
3504 2 2 1000 47 1708 657 137
3505 2 2 1000 47 1708 665 664
3506 2 2 1000 47 664 657 1708
3507 2 2 1000 47 1706 670 671
3508 2 2 1000 47 1706 668 667
3509 2 2 1000 47 671 140 1709
3510 2 2 1000 47 1707 666 665
3511 2 2 1000 47 1707 137 669
3512 2 2 1000 47 1705 669 670
3513 2 2 1000 47 1705 667 666
3514 2 2 1000 48 674 1710 1711
3515 2 2 1000 48 415 414 1712
3516 2 2 1000 48 1713 674 1711
3517 2 2 1000 48 1714 1712 1715
3518 2 2 1000 48 1710 674 675
3519 2 2 1000 48 1715 676 1714
3520 2 2 1000 48 676 677 1714
3521 2 2 1000 48 1710 1716 1711
3522 2 2 1000 48 1713 9 674
3523 2 2 1000 48 10 9 1713
3524 2 2 1000 48 82 416 677
3525 2 2 1000 48 1717 1718 1719
3526 2 2 1000 48 1719 1718 1720
3527 2 2 1000 48 1719 1720 1721
3528 2 2 1000 48 1715 1712 1722
3529 2 2 1000 48 1711 1723 1713
3530 2 2 1000 48 1716 1723 1711
3531 2 2 1000 48 1716 1720 1723
3532 2 2 1000 48 673 1713 1723
3533 2 2 1000 48 1718 142 679
3534 2 2 1000 48 679 1724 1718
3535 2 2 1000 48 678 142 1718
3536 2 2 1000 48 1714 416 415
3537 2 2 1000 48 677 416 1714
3538 2 2 1000 48 141 1723 1724
3539 2 2 1000 48 141 1724 679
3540 2 2 1000 48 673 1723 141
3541 2 2 1000 48 1714 415 1712
3542 2 2 1000 48 662 138 1717
3543 2 2 1000 48 1721 1725 1719
3544 2 2 1000 48 1725 1721 1722
3545 2 2 1000 48 1725 662 1719
3546 2 2 1000 48 1725 81 662
3547 2 2 1000 48 1718 1717 678
3548 2 2 1000 48 1717 138 678
3549 2 2 1000 48 1722 1710 1715
3550 2 2 1000 48 1715 1710 675
3551 2 2 1000 48 1724 1720 1718
3552 2 2 1000 48 675 676 1715
3553 2 2 1000 48 414 1725 1712
3554 2 2 1000 48 1722 1712 1725
3555 2 2 1000 48 1725 414 81
3556 2 2 1000 48 662 1717 1719
3557 2 2 1000 48 1721 1720 1716
3558 2 2 1000 48 673 10 1713
3559 2 2 1000 48 1716 1722 1721
3560 2 2 1000 48 1720 1724 1723
3561 2 2 1000 48 1710 1722 1716
3562 2 2 1000 49 23 367 25
3563 2 2 1000 49 23 1726 367
3564 2 2 1000 49 23 628 1726
3565 2 2 1000 49 1727 1728 1729
3566 2 2 1000 49 1726 1727 367
3567 2 2 1000 49 1728 1730 1729
3568 2 2 1000 49 1731 68 1732
3569 2 2 1000 49 68 371 1732
3570 2 2 1000 49 68 1731 685
3571 2 2 1000 49 1733 1734 1735
3572 2 2 1000 49 368 367 1727
3573 2 2 1000 49 1736 230 1734
3574 2 2 1000 49 230 1735 1734
3575 2 2 1000 49 1737 1731 1732
3576 2 2 1000 49 1738 1737 1732
3577 2 2 1000 49 1739 1737 1738
3578 2 2 1000 49 1740 682 1741
3579 2 2 1000 49 1742 1727 1729
3580 2 2 1000 49 1733 1743 1734
3581 2 2 1000 49 1727 1742 368
3582 2 2 1000 49 1744 227 1737
3583 2 2 1000 49 1744 228 227
3584 2 2 1000 49 1737 227 1731
3585 2 2 1000 49 1745 1740 1743
3586 2 2 1000 49 1745 681 1740
3587 2 2 1000 49 681 682 1740
3588 2 2 1000 49 1746 1743 1733
3589 2 2 1000 49 1747 1744 1748
3590 2 2 1000 49 1744 1739 1748
3591 2 2 1000 49 1735 1747 1733
3592 2 2 1000 49 1735 229 1747
3593 2 2 1000 49 1749 1750 1751
3594 2 2 1000 49 1749 1746 1750
3595 2 2 1000 49 1731 18 685
3596 2 2 1000 49 227 18 1731
3597 2 2 1000 49 1752 1738 1753
3598 2 2 1000 49 1752 1739 1738
3599 2 2 1000 49 1732 1754 1738
3600 2 2 1000 49 1732 371 370
3601 2 2 1000 49 1745 1749 681
3602 2 2 1000 49 1749 134 681
3603 2 2 1000 49 1752 1750 1748
3604 2 2 1000 49 1752 1730 1750
3605 2 2 1000 49 1733 1747 1748
3606 2 2 1000 49 1728 1751 1730
3607 2 2 1000 49 627 1751 1728
3608 2 2 1000 49 1745 1743 1746
3609 2 2 1000 49 1755 232 1756
3610 2 2 1000 49 1756 231 1736
3611 2 2 1000 49 1736 231 230
3612 2 2 1000 49 1757 1758 1755
3613 2 2 1000 49 1757 1755 1756
3614 2 2 1000 49 1757 684 1758
3615 2 2 1000 49 680 1755 1758
3616 2 2 1000 49 1741 1757 1759
3617 2 2 1000 49 1757 683 684
3618 2 2 1000 49 1757 1741 683
3619 2 2 1000 49 1756 232 231
3620 2 2 1000 49 1736 1734 1759
3621 2 2 1000 49 1759 1756 1736
3622 2 2 1000 49 1734 1743 1759
3623 2 2 1000 49 1726 628 1728
3624 2 2 1000 49 1754 1742 1753
3625 2 2 1000 49 1728 628 627
3626 2 2 1000 49 1753 1738 1754
3627 2 2 1000 49 1740 1741 1759
3628 2 2 1000 49 1740 1759 1743
3629 2 2 1000 49 680 16 1755
3630 2 2 1000 49 369 368 1742
3631 2 2 1000 49 1749 1745 1746
3632 2 2 1000 49 1749 1751 134
3633 2 2 1000 49 229 228 1747
3634 2 2 1000 49 1755 16 232
3635 2 2 1000 49 1733 1748 1746
3636 2 2 1000 49 1756 1759 1757
3637 2 2 1000 49 1735 230 229
3638 2 2 1000 49 1746 1748 1750
3639 2 2 1000 49 1730 1751 1750
3640 2 2 1000 49 1732 370 1754
3641 2 2 1000 49 1751 627 134
3642 2 2 1000 49 1742 1754 369
3643 2 2 1000 49 1729 1753 1742
3644 2 2 1000 49 1754 370 369
3645 2 2 1000 49 1744 1737 1739
3646 2 2 1000 49 1744 1747 228
3647 2 2 1000 49 682 683 1741
3648 2 2 1000 49 1752 1753 1730
3649 2 2 1000 49 1727 1726 1728
3650 2 2 1000 49 1752 1748 1739
3651 2 2 1000 49 1753 1729 1730
3652 2 2 1000 49 684 143 1758
3653 2 2 1000 49 1758 143 680
3654 2 2 1000 50 690 1760 1761
3655 2 2 1000 50 690 145 1760
3656 2 2 1000 50 1762 1761 1763
3657 2 2 1000 50 689 1761 1762
3658 2 2 1000 50 1761 689 690
3659 2 2 1000 50 1763 1764 1765
3660 2 2 1000 50 1766 54 522
3661 2 2 1000 50 1766 1767 688
3662 2 2 1000 50 688 54 1766
3663 2 2 1000 50 1768 471 1769
3664 2 2 1000 50 691 1770 1760
3665 2 2 1000 50 93 472 1770
3666 2 2 1000 50 691 93 1770
3667 2 2 1000 50 1771 1772 1773
3668 2 2 1000 50 1771 1765 1772
3669 2 2 1000 50 1768 1772 1764
3670 2 2 1000 50 1764 1772 1765
3671 2 2 1000 50 1767 1774 687
3672 2 2 1000 50 1775 1774 1767
3673 2 2 1000 50 1775 1776 1774
3674 2 2 1000 50 691 1760 145
3675 2 2 1000 50 1767 687 688
3676 2 2 1000 50 1763 1765 1762
3677 2 2 1000 50 1762 1765 519
3678 2 2 1000 50 1765 520 519
3679 2 2 1000 50 1766 522 1777
3680 2 2 1000 50 1777 522 521
3681 2 2 1000 50 472 1768 1770
3682 2 2 1000 50 1770 1768 1764
3683 2 2 1000 50 1768 472 471
3684 2 2 1000 50 1777 1773 1775
3685 2 2 1000 50 1775 1766 1777
3686 2 2 1000 50 1762 101 689
3687 2 2 1000 50 519 101 1762
3688 2 2 1000 50 520 1765 1771
3689 2 2 1000 50 1767 1766 1775
3690 2 2 1000 50 1769 1778 1772
3691 2 2 1000 50 1778 1773 1772
3692 2 2 1000 50 92 1776 1778
3693 2 2 1000 50 1778 1769 470
3694 2 2 1000 50 1764 1763 1770
3695 2 2 1000 50 1768 1769 1772
3696 2 2 1000 50 1778 470 92
3697 2 2 1000 50 1761 1760 1763
3698 2 2 1000 50 1778 1775 1773
3699 2 2 1000 50 1778 1776 1775
3700 2 2 1000 50 1769 471 470
3701 2 2 1000 50 686 1774 1776
3702 2 2 1000 50 1776 92 686
3703 2 2 1000 50 521 520 1771
3704 2 2 1000 50 1774 144 687
3705 2 2 1000 50 686 144 1774
3706 2 2 1000 50 1777 1771 1773
3707 2 2 1000 50 1763 1760 1770
3708 2 2 1000 50 521 1771 1777
3709 2 2 1000 51 692 1779 1780
3710 2 2 1000 51 692 693 1779
3711 2 2 1000 51 698 1781 1782
3712 2 2 1000 51 698 146 1781
3713 2 2 1000 51 1783 1784 1785
3714 2 2 1000 51 1784 1786 1785
3715 2 2 1000 51 1784 1783 694
3716 2 2 1000 51 1779 1785 1787
3717 2 2 1000 51 1780 1779 1787
3718 2 2 1000 51 131 703 702
3719 2 2 1000 51 1779 693 1783
3720 2 2 1000 51 1781 1786 1782
3721 2 2 1000 51 1785 1786 1781
3722 2 2 1000 51 1788 1789 1790
3723 2 2 1000 51 1788 1791 704
3724 2 2 1000 51 1792 1781 1793
3725 2 2 1000 51 1792 1785 1781
3726 2 2 1000 51 1794 1795 1792
3727 2 2 1000 51 1795 1787 1792
3728 2 2 1000 51 1791 703 704
3729 2 2 1000 51 1790 1791 1788
3730 2 2 1000 51 1790 701 1791
3731 2 2 1000 51 696 697 1796
3732 2 2 1000 51 705 149 1780
3733 2 2 1000 51 1784 694 1797
3734 2 2 1000 51 1780 149 692
3735 2 2 1000 51 1796 1784 1797
3736 2 2 1000 51 696 1797 148
3737 2 2 1000 51 1797 695 148
3738 2 2 1000 51 1784 1796 1786
3739 2 2 1000 51 696 1796 1797
3740 2 2 1000 51 1789 1788 1780
3741 2 2 1000 51 1796 1782 1786
3742 2 2 1000 51 1782 147 698
3743 2 2 1000 51 697 1782 1796
3744 2 2 1000 51 697 147 1782
3745 2 2 1000 51 1787 1789 1780
3746 2 2 1000 51 705 1780 1788
3747 2 2 1000 51 701 702 1791
3748 2 2 1000 51 700 701 1790
3749 2 2 1000 51 1785 1779 1783
3750 2 2 1000 51 1785 1792 1787
3751 2 2 1000 51 1791 702 703
3752 2 2 1000 51 694 695 1797
3753 2 2 1000 51 1788 704 705
3754 2 2 1000 51 699 700 1794
3755 2 2 1000 51 1795 1789 1787
3756 2 2 1000 51 1789 1795 1790
3757 2 2 1000 51 1790 1795 700
3758 2 2 1000 51 1793 1794 1792
3759 2 2 1000 51 699 1794 1793
3760 2 2 1000 51 146 1793 1781
3761 2 2 1000 51 1783 693 694
3762 2 2 1000 51 1793 146 699
3763 2 2 1000 51 1795 1794 700
3764 2 2 1000 52 706 1798 1799
3765 2 2 1000 52 706 150 1798
3766 2 2 1000 52 592 1800 1801
3767 2 2 1000 52 592 124 1800
3768 2 2 1000 52 1802 1803 1804
3769 2 2 1000 52 1805 1806 1807
3770 2 2 1000 52 1802 718 1803
3771 2 2 1000 52 1799 1798 1808
3772 2 2 1000 52 1809 1810 1811
3773 2 2 1000 52 1812 486 1813
3774 2 2 1000 52 1811 1814 712
3775 2 2 1000 52 1814 1811 1810
3776 2 2 1000 52 1815 1816 1817
3777 2 2 1000 52 1816 485 1817
3778 2 2 1000 52 1805 1799 1808
3779 2 2 1000 52 1805 1807 1799
3780 2 2 1000 52 707 1799 1807
3781 2 2 1000 52 1818 710 1819
3782 2 2 1000 52 1820 1813 1816
3783 2 2 1000 52 1820 1810 1813
3784 2 2 1000 52 1821 711 1814
3785 2 2 1000 52 711 712 1814
3786 2 2 1000 52 708 1807 1806
3787 2 2 1000 52 1806 151 708
3788 2 2 1000 52 719 151 1806
3789 2 2 1000 52 1805 1808 1822
3790 2 2 1000 52 1822 1808 1823
3791 2 2 1000 52 1824 1819 1821
3792 2 2 1000 52 1824 1825 1819
3793 2 2 1000 52 1802 1804 1826
3794 2 2 1000 52 1804 1822 1826
3795 2 2 1000 52 1821 1814 1824
3796 2 2 1000 52 1827 1802 1826
3797 2 2 1000 52 1828 716 1829
3798 2 2 1000 52 1827 1830 1828
3799 2 2 1000 52 1827 1831 1830
3800 2 2 1000 52 1830 1832 1820
3801 2 2 1000 52 1830 1831 1832
3802 2 2 1000 52 1816 1815 1820
3803 2 2 1000 52 77 715 1833
3804 2 2 1000 52 1833 125 1801
3805 2 2 1000 52 1833 715 125
3806 2 2 1000 52 1799 707 706
3807 2 2 1000 52 1806 1804 1803
3808 2 2 1000 52 1805 1804 1806
3809 2 2 1000 52 1834 1835 1836
3810 2 2 1000 52 1834 713 1835
3811 2 2 1000 52 1804 1805 1822
3812 2 2 1000 52 708 707 1807
3813 2 2 1000 52 150 709 1798
3814 2 2 1000 52 1800 124 716
3815 2 2 1000 52 1801 1837 1833
3816 2 2 1000 52 1801 125 592
3817 2 2 1000 52 77 1817 72
3818 2 2 1000 52 1817 77 1833
3819 2 2 1000 52 1811 1834 1809
3820 2 2 1000 52 1811 713 1834
3821 2 2 1000 52 488 1835 94
3822 2 2 1000 52 1835 714 94
3823 2 2 1000 52 712 713 1811
3824 2 2 1000 52 1809 1812 1813
3825 2 2 1000 52 1810 1809 1813
3826 2 2 1000 52 1817 485 72
3827 2 2 1000 52 1823 1808 1818
3828 2 2 1000 52 1823 1818 1819
3829 2 2 1000 52 1798 1818 1808
3830 2 2 1000 52 1809 1836 1812
3831 2 2 1000 52 1812 1836 487
3832 2 2 1000 52 1836 1809 1834
3833 2 2 1000 52 1801 1800 1837
3834 2 2 1000 52 1823 1825 1822
3835 2 2 1000 52 1810 1824 1814
3836 2 2 1000 52 1816 486 485
3837 2 2 1000 52 1830 1820 1837
3838 2 2 1000 52 1837 1828 1830
3839 2 2 1000 52 710 1821 1819
3840 2 2 1000 52 1825 1823 1819
3841 2 2 1000 52 1798 709 1818
3842 2 2 1000 52 1821 710 711
3843 2 2 1000 52 1818 709 710
3844 2 2 1000 52 1800 1828 1837
3845 2 2 1000 52 1829 716 717
3846 2 2 1000 52 716 1828 1800
3847 2 2 1000 52 717 718 1802
3848 2 2 1000 52 1803 719 1806
3849 2 2 1000 52 1832 1824 1810
3850 2 2 1000 52 1836 488 487
3851 2 2 1000 52 718 719 1803
3852 2 2 1000 52 1810 1820 1832
3853 2 2 1000 52 1827 1826 1831
3854 2 2 1000 52 717 1802 1829
3855 2 2 1000 52 1833 1815 1817
3856 2 2 1000 52 713 714 1835
3857 2 2 1000 52 488 1836 1835
3858 2 2 1000 52 1831 1824 1832
3859 2 2 1000 52 1831 1825 1824
3860 2 2 1000 52 1837 1820 1815
3861 2 2 1000 52 1815 1833 1837
3862 2 2 1000 52 1827 1828 1829
3863 2 2 1000 52 1825 1831 1826
3864 2 2 1000 52 1826 1822 1825
3865 2 2 1000 52 1829 1802 1827
3866 2 2 1000 52 486 1816 1813
3867 2 2 1000 52 1812 487 486
3868 2 2 1000 53 1838 1839 1840
3869 2 2 1000 53 1838 1841 1839
3870 2 2 1000 53 1842 1843 1844
3871 2 2 1000 53 137 656 669
3872 2 2 1000 53 1842 1844 1845
3873 2 2 1000 53 538 1842 1845
3874 2 2 1000 53 1846 1847 1848
3875 2 2 1000 53 1846 653 1847
3876 2 2 1000 53 1849 1844 1847
3877 2 2 1000 53 653 37 1847
3878 2 2 1000 53 1845 30 539
3879 2 2 1000 53 1849 279 1845
3880 2 2 1000 53 279 30 1845
3881 2 2 1000 53 1850 1846 1841
3882 2 2 1000 53 1841 1838 1850
3883 2 2 1000 53 654 1846 1850
3884 2 2 1000 53 1839 1848 1843
3885 2 2 1000 53 1848 1844 1843
3886 2 2 1000 53 1842 720 1843
3887 2 2 1000 53 1851 1852 1850
3888 2 2 1000 53 1852 655 1850
3889 2 2 1000 53 1852 656 655
3890 2 2 1000 53 669 656 1852
3891 2 2 1000 53 1839 1843 1853
3892 2 2 1000 53 1848 1839 1841
3893 2 2 1000 53 722 140 1840
3894 2 2 1000 53 1851 670 1852
3895 2 2 1000 53 1840 140 671
3896 2 2 1000 53 1853 1843 721
3897 2 2 1000 53 1850 655 654
3898 2 2 1000 53 1849 1847 37
3899 2 2 1000 53 37 279 1849
3900 2 2 1000 53 1850 1838 1851
3901 2 2 1000 53 1840 1839 1853
3902 2 2 1000 53 1840 1851 1838
3903 2 2 1000 53 1849 1845 1844
3904 2 2 1000 53 1846 1848 1841
3905 2 2 1000 53 1851 1840 671
3906 2 2 1000 53 671 670 1851
3907 2 2 1000 53 1845 539 538
3908 2 2 1000 53 670 669 1852
3909 2 2 1000 53 1840 1853 722
3910 2 2 1000 53 720 721 1843
3911 2 2 1000 53 1846 654 653
3912 2 2 1000 53 721 722 1853
3913 2 2 1000 53 1847 1844 1848
3914 2 2 1000 53 1842 108 720
3915 2 2 1000 53 538 108 1842
3916 2 2 1000 54 1854 1855 1856
3917 2 2 1000 54 1856 1857 1858
3918 2 2 1000 54 1854 726 1855
3919 2 2 1000 54 725 1859 1855
3920 2 2 1000 54 1860 1861 1859
3921 2 2 1000 54 1855 1859 1861
3922 2 2 1000 54 1861 1860 1862
3923 2 2 1000 54 1860 734 1862
3924 2 2 1000 54 1862 734 735
3925 2 2 1000 54 1860 733 734
3926 2 2 1000 54 1863 1864 1857
3927 2 2 1000 54 1863 630 1864
3928 2 2 1000 54 1863 1857 1865
3929 2 2 1000 54 1857 1856 1865
3930 2 2 1000 54 154 731 723
3931 2 2 1000 54 725 1855 726
3932 2 2 1000 54 1859 1866 1860
3933 2 2 1000 54 1866 733 1860
3934 2 2 1000 54 1867 1868 1869
3935 2 2 1000 54 1868 729 1869
3936 2 2 1000 54 1870 152 728
3937 2 2 1000 54 1870 1871 730
3938 2 2 1000 54 730 152 1870
3939 2 2 1000 54 1871 153 730
3940 2 2 1000 54 1868 1867 1864
3941 2 2 1000 54 1864 1867 1857
3942 2 2 1000 54 1868 1864 629
3943 2 2 1000 54 1856 1858 1854
3944 2 2 1000 54 630 629 1864
3945 2 2 1000 54 1869 1871 1872
3946 2 2 1000 54 1869 153 1871
3947 2 2 1000 54 1870 1872 1871
3948 2 2 1000 54 1861 1856 1855
3949 2 2 1000 54 727 1854 1858
3950 2 2 1000 54 1859 1873 1866
3951 2 2 1000 54 1859 724 1873
3952 2 2 1000 54 725 724 1859
3953 2 2 1000 54 1873 731 732
3954 2 2 1000 54 723 731 1873
3955 2 2 1000 54 1865 1862 1874
3956 2 2 1000 54 1863 1865 1874
3957 2 2 1000 54 631 1863 1874
3958 2 2 1000 54 1870 728 1858
3959 2 2 1000 54 1872 1870 1858
3960 2 2 1000 54 1858 728 727
3961 2 2 1000 54 1856 1861 1865
3962 2 2 1000 54 631 630 1863
3963 2 2 1000 54 1865 1861 1862
3964 2 2 1000 54 1854 727 726
3965 2 2 1000 54 735 1874 1862
3966 2 2 1000 54 1872 1867 1869
3967 2 2 1000 54 1867 1872 1857
3968 2 2 1000 54 729 153 1869
3969 2 2 1000 54 724 723 1873
3970 2 2 1000 54 1857 1872 1858
3971 2 2 1000 54 629 135 1868
3972 2 2 1000 54 732 1866 1873
3973 2 2 1000 54 1866 732 733
3974 2 2 1000 54 1868 135 729
3975 2 2 1000 54 1874 8 631
3976 2 2 1000 54 735 8 1874
3977 2 2 1000 55 6 632 7
3978 2 2 1000 55 432 632 6
3979 2 2 1000 55 632 1875 633
3980 2 2 1000 55 632 432 1875
3981 2 2 1000 55 1875 1876 633
3982 2 2 1000 55 634 633 1876
3983 2 2 1000 55 431 1876 1875
3984 2 2 1000 55 636 71 484
3985 2 2 1000 55 636 1877 71
3986 2 2 1000 55 1877 636 635
3987 2 2 1000 55 1878 1876 1879
3988 2 2 1000 55 1879 1876 430
3989 2 2 1000 55 71 1877 372
3990 2 2 1000 55 95 636 484
3991 2 2 1000 55 1877 1878 373
3992 2 2 1000 55 430 70 1879
3993 2 2 1000 55 1878 635 634
3994 2 2 1000 55 1875 432 431
3995 2 2 1000 55 1876 431 430
3996 2 2 1000 55 1876 1878 634
3997 2 2 1000 55 1879 70 373
3998 2 2 1000 55 373 1878 1879
3999 2 2 1000 55 373 372 1877
4000 2 2 1000 55 635 1878 1877
4001 2 2 1000 56 1880 300 1881
4002 2 2 1000 56 1882 1883 1881
4003 2 2 1000 56 45 1880 1884
4004 2 2 1000 56 543 45 1884
4005 2 2 1000 56 1880 45 300
4006 2 2 1000 56 1885 1886 1887
4007 2 2 1000 56 1888 1887 1886
4008 2 2 1000 56 1885 544 1886
4009 2 2 1000 56 556 1889 1882
4010 2 2 1000 56 1882 47 556
4011 2 2 1000 56 299 47 1882
4012 2 2 1000 56 1890 1891 1892
4013 2 2 1000 56 1891 738 1892
4014 2 2 1000 56 738 739 1892
4015 2 2 1000 56 1892 1888 1890
4016 2 2 1000 56 1890 1888 1886
4017 2 2 1000 56 1893 1890 1886
4018 2 2 1000 56 555 112 1889
4019 2 2 1000 56 1883 1889 1894
4020 2 2 1000 56 1889 112 736
4021 2 2 1000 56 1894 1889 736
4022 2 2 1000 56 545 1885 110
4023 2 2 1000 56 1885 741 110
4024 2 2 1000 56 1893 1886 1884
4025 2 2 1000 56 544 1884 1886
4026 2 2 1000 56 544 543 1884
4027 2 2 1000 56 1892 155 740
4028 2 2 1000 56 740 1888 1892
4029 2 2 1000 56 739 155 1892
4030 2 2 1000 56 1882 1881 299
4031 2 2 1000 56 1882 1889 1883
4032 2 2 1000 56 1889 556 555
4033 2 2 1000 56 1895 1883 1894
4034 2 2 1000 56 1894 1891 1895
4035 2 2 1000 56 1881 300 299
4036 2 2 1000 56 1894 736 737
4037 2 2 1000 56 737 1891 1894
4038 2 2 1000 56 1885 545 544
4039 2 2 1000 56 1885 1887 741
4040 2 2 1000 56 1883 1895 1881
4041 2 2 1000 56 1895 1880 1881
4042 2 2 1000 56 1884 1880 1893
4043 2 2 1000 56 1893 1895 1890
4044 2 2 1000 56 1891 737 738
4045 2 2 1000 56 740 741 1887
4046 2 2 1000 56 1891 1890 1895
4047 2 2 1000 56 1880 1895 1893
4048 2 2 1000 56 1887 1888 740
4049 2 2 1000 57 1896 1897 311
4050 2 2 1000 57 1897 312 311
4051 2 2 1000 57 1898 1899 1900
4052 2 2 1000 57 1898 1900 1901
4053 2 2 1000 57 1898 747 1899
4054 2 2 1000 57 1902 1903 1904
4055 2 2 1000 57 1905 1906 743
4056 2 2 1000 57 1907 1903 1905
4057 2 2 1000 57 1908 1909 1910
4058 2 2 1000 57 1909 1901 1910
4059 2 2 1000 57 1906 1905 1903
4060 2 2 1000 57 1911 1897 1912
4061 2 2 1000 57 1911 312 1897
4062 2 2 1000 57 1896 746 1913
4063 2 2 1000 57 1913 746 745
4064 2 2 1000 57 1907 718 1904
4065 2 2 1000 57 1914 718 1907
4066 2 2 1000 57 1904 718 717
4067 2 2 1000 57 1905 743 742
4068 2 2 1000 57 1902 1904 717
4069 2 2 1000 57 1915 748 1916
4070 2 2 1000 57 716 1902 717
4071 2 2 1000 57 1897 1896 1913
4072 2 2 1000 57 743 1906 744
4073 2 2 1000 57 719 1914 151
4074 2 2 1000 57 1914 742 151
4075 2 2 1000 57 314 1916 52
4076 2 2 1000 57 1916 749 52
4077 2 2 1000 57 1913 1912 1897
4078 2 2 1000 57 1908 1910 1913
4079 2 2 1000 57 1910 1912 1913
4080 2 2 1000 57 1917 1912 1900
4081 2 2 1000 57 1900 1912 1910
4082 2 2 1000 57 1896 51 746
4083 2 2 1000 57 311 51 1896
4084 2 2 1000 57 1899 1915 1917
4085 2 2 1000 57 1917 1900 1899
4086 2 2 1000 57 1903 1907 1904
4087 2 2 1000 57 1898 1901 1918
4088 2 2 1000 57 1918 1901 1919
4089 2 2 1000 57 1898 1920 123
4090 2 2 1000 57 1918 1920 1898
4091 2 2 1000 57 1905 1914 1907
4092 2 2 1000 57 1914 1905 742
4093 2 2 1000 57 591 1920 124
4094 2 2 1000 57 124 1920 716
4095 2 2 1000 57 1915 1916 1921
4096 2 2 1000 57 314 1921 1916
4097 2 2 1000 57 1921 314 313
4098 2 2 1000 57 1921 1911 1917
4099 2 2 1000 57 1921 1917 1915
4100 2 2 1000 57 313 1911 1921
4101 2 2 1000 57 1899 748 1915
4102 2 2 1000 57 745 1908 1913
4103 2 2 1000 57 747 748 1899
4104 2 2 1000 57 1908 745 744
4105 2 2 1000 57 1909 1919 1901
4106 2 2 1000 57 1918 1919 1902
4107 2 2 1000 57 1910 1901 1900
4108 2 2 1000 57 1909 1908 744
4109 2 2 1000 57 1919 1909 1906
4110 2 2 1000 57 1906 1903 1919
4111 2 2 1000 57 1906 1909 744
4112 2 2 1000 57 1902 1920 1918
4113 2 2 1000 57 123 747 1898
4114 2 2 1000 57 1911 1912 1917
4115 2 2 1000 57 1911 313 312
4116 2 2 1000 57 1919 1903 1902
4117 2 2 1000 57 748 749 1916
4118 2 2 1000 57 716 1920 1902
4119 2 2 1000 57 1914 719 718
4120 2 2 1000 57 1920 591 123
4121 2 2 1000 58 1922 1923 1924
4122 2 2 1000 58 1923 600 1924
4123 2 2 1000 58 96 752 751
4124 2 2 1000 58 157 1922 755
4125 2 2 1000 58 1925 1926 1927
4126 2 2 1000 58 757 1926 1925
4127 2 2 1000 58 753 754 1928
4128 2 2 1000 58 1925 756 757
4129 2 2 1000 58 1928 1929 1930
4130 2 2 1000 58 1929 1928 1927
4131 2 2 1000 58 1930 753 1928
4132 2 2 1000 58 1929 750 1930
4133 2 2 1000 58 750 751 1930
4134 2 2 1000 58 1931 1928 1932
4135 2 2 1000 58 1927 1928 1931
4136 2 2 1000 58 601 600 1923
4137 2 2 1000 58 755 1922 1924
4138 2 2 1000 58 756 1922 157
4139 2 2 1000 58 1930 752 753
4140 2 2 1000 58 751 752 1930
4141 2 2 1000 58 1932 126 601
4142 2 2 1000 58 600 127 1924
4143 2 2 1000 58 756 1925 1922
4144 2 2 1000 58 754 126 1932
4145 2 2 1000 58 1931 1925 1927
4146 2 2 1000 58 1923 1931 601
4147 2 2 1000 58 1923 1922 1925
4148 2 2 1000 58 1925 1931 1923
4149 2 2 1000 58 754 1932 1928
4150 2 2 1000 58 757 156 1926
4151 2 2 1000 58 1931 1932 601
4152 2 2 1000 58 1929 1926 750
4153 2 2 1000 58 1924 127 755
4154 2 2 1000 58 1926 156 750
4155 2 2 1000 58 1927 1926 1929
4156 2 2 1000 59 1939 1933 1940
4157 2 2 1000 59 1935 1939 1940
4158 2 2 1000 59 322 763 55
4159 2 2 1000 59 321 1935 1938
4160 2 2 1000 59 54 688 1937
4161 2 2 1000 59 688 1934 1937
4162 2 2 1000 59 760 761 1933
4163 2 2 1000 59 320 54 1937
4164 2 2 1000 59 321 320 1935
4165 2 2 1000 59 1938 1935 1940
4166 2 2 1000 59 1935 320 1937
4167 2 2 1000 59 1935 1937 1939
4168 2 2 1000 59 758 759 1936
4169 2 2 1000 59 1934 1936 1939
4170 2 2 1000 59 688 687 1934
4171 2 2 1000 59 322 321 1938
4172 2 2 1000 59 1936 1933 1939
4173 2 2 1000 59 1933 761 1940
4174 2 2 1000 59 158 760 1941
4175 2 2 1000 59 759 158 1941
4176 2 2 1000 59 762 763 1938
4177 2 2 1000 59 144 758 1942
4178 2 2 1000 59 1936 1934 1942
4179 2 2 1000 59 763 322 1938
4180 2 2 1000 59 687 144 1942
4181 2 2 1000 59 1937 1934 1939
4182 2 2 1000 59 1933 1936 1941
4183 2 2 1000 59 762 1938 1940
4184 2 2 1000 59 758 1936 1942
4185 2 2 1000 59 761 762 1940
4186 2 2 1000 59 760 1933 1941
4187 2 2 1000 59 1936 759 1941
4188 2 2 1000 59 1934 687 1942
4189 2 2 1000 60 1943 1944 1945
4190 2 2 1000 60 1943 1946 1944
4191 2 2 1000 60 763 1944 1946
4192 2 2 1000 60 1946 55 763
4193 2 2 1000 60 292 1947 1948
4194 2 2 1000 60 648 55 1946
4195 2 2 1000 60 1949 1950 1951
4196 2 2 1000 60 1952 1950 1949
4197 2 2 1000 60 1953 1945 761
4198 2 2 1000 60 1944 762 1945
4199 2 2 1000 60 1949 1948 1952
4200 2 2 1000 60 293 1948 1949
4201 2 2 1000 60 1950 1954 1951
4202 2 2 1000 60 1955 649 1956
4203 2 2 1000 60 1957 1954 1950
4204 2 2 1000 60 292 291 1958
4205 2 2 1000 60 1947 292 1958
4206 2 2 1000 60 1959 650 1960
4207 2 2 1000 60 1959 136 650
4208 2 2 1000 60 763 762 1944
4209 2 2 1000 60 764 136 1959
4210 2 2 1000 60 1957 1953 760
4211 2 2 1000 60 761 760 1953
4212 2 2 1000 60 295 294 1951
4213 2 2 1000 60 650 1955 1960
4214 2 2 1000 60 650 649 1955
4215 2 2 1000 60 295 1961 44
4216 2 2 1000 60 1961 766 44
4217 2 2 1000 60 762 761 1945
4218 2 2 1000 60 1953 1950 1952
4219 2 2 1000 60 1953 1952 1945
4220 2 2 1000 60 1949 294 293
4221 2 2 1000 60 1955 1956 1943
4222 2 2 1000 60 1943 1947 1955
4223 2 2 1000 60 1947 1958 1955
4224 2 2 1000 60 293 292 1948
4225 2 2 1000 60 1956 648 1946
4226 2 2 1000 60 1946 1943 1956
4227 2 2 1000 60 649 648 1956
4228 2 2 1000 60 1947 1943 1948
4229 2 2 1000 60 1943 1952 1948
4230 2 2 1000 60 1945 1952 1943
4231 2 2 1000 60 1951 1954 1961
4232 2 2 1000 60 1958 1960 1955
4233 2 2 1000 60 1961 765 766
4234 2 2 1000 60 1961 1954 765
4235 2 2 1000 60 294 1949 1951
4236 2 2 1000 60 1960 1958 291
4237 2 2 1000 60 1954 1957 765
4238 2 2 1000 60 1957 158 765
4239 2 2 1000 60 760 158 1957
4240 2 2 1000 60 295 1951 1961
4241 2 2 1000 60 41 1959 291
4242 2 2 1000 60 764 1959 41
4243 2 2 1000 60 1957 1950 1953
4244 2 2 1000 60 1959 1960 291
4245 2 2 1000 61 1962 1963 1964
4246 2 2 1000 61 1965 1962 1964
4247 2 2 1000 61 1962 1965 1966
4248 2 2 1000 61 1967 1968 1963
4249 2 2 1000 61 1963 1962 1967
4250 2 2 1000 61 1967 622 1968
4251 2 2 1000 61 1969 159 768
4252 2 2 1000 61 768 1970 1971
4253 2 2 1000 61 1971 1969 768
4254 2 2 1000 61 1968 1972 1963
4255 2 2 1000 61 1972 216 1963
4256 2 2 1000 61 1963 216 215
4257 2 2 1000 61 1973 1974 1969
4258 2 2 1000 61 1969 1971 1973
4259 2 2 1000 61 1973 211 1974
4260 2 2 1000 61 1966 1975 1976
4261 2 2 1000 61 1966 1965 1975
4262 2 2 1000 61 1977 1978 1979
4263 2 2 1000 61 1978 705 1979
4264 2 2 1000 61 1980 1981 1965
4265 2 2 1000 61 1981 1975 1965
4266 2 2 1000 61 1977 1970 1978
4267 2 2 1000 61 1975 1977 1979
4268 2 2 1000 61 1975 1981 1977
4269 2 2 1000 61 1964 1980 1965
4270 2 2 1000 61 214 1980 1964
4271 2 2 1000 61 1975 1979 1976
4272 2 2 1000 61 1976 1979 704
4273 2 2 1000 61 1970 768 769
4274 2 2 1000 61 132 1972 621
4275 2 2 1000 61 132 11 1972
4276 2 2 1000 61 767 1974 14
4277 2 2 1000 61 1974 211 14
4278 2 2 1000 61 1966 1982 1967
4279 2 2 1000 61 1966 1976 1982
4280 2 2 1000 61 1982 1976 703
4281 2 2 1000 61 1980 1983 1981
4282 2 2 1000 61 213 1983 1980
4283 2 2 1000 61 1983 1973 1981
4284 2 2 1000 61 1973 1977 1981
4285 2 2 1000 61 1973 1971 1977
4286 2 2 1000 61 1973 1983 212
4287 2 2 1000 61 212 211 1973
4288 2 2 1000 61 1967 1962 1966
4289 2 2 1000 61 1967 1982 623
4290 2 2 1000 61 215 1964 1963
4291 2 2 1000 61 623 622 1967
4292 2 2 1000 61 1983 213 212
4293 2 2 1000 61 1980 214 213
4294 2 2 1000 61 705 704 1979
4295 2 2 1000 61 704 703 1976
4296 2 2 1000 61 1972 1968 621
4297 2 2 1000 61 1972 11 216
4298 2 2 1000 61 1977 1971 1970
4299 2 2 1000 61 1982 131 623
4300 2 2 1000 61 769 1978 1970
4301 2 2 1000 61 703 131 1982
4302 2 2 1000 61 1978 149 705
4303 2 2 1000 61 769 149 1978
4304 2 2 1000 61 1974 767 159
4305 2 2 1000 61 159 1969 1974
4306 2 2 1000 61 622 621 1968
4307 2 2 1000 61 1964 215 214
4308 2 2 1000 62 457 456 1985
4309 2 2 1000 62 752 500 1987
4310 2 2 1000 62 498 497 1985
4311 2 2 1000 62 457 1985 1989
4312 2 2 1000 62 753 752 1987
4313 2 2 1000 62 500 499 1987
4314 2 2 1000 62 753 1987 1991
4315 2 2 1000 62 1985 497 1989
4316 2 2 1000 62 1987 499 1990
4317 2 2 1000 62 599 598 1986
4318 2 2 1000 62 1985 1984 1990
4319 2 2 1000 62 498 1985 1990
4320 2 2 1000 62 1984 1985 1988
4321 2 2 1000 62 1984 1987 1990
4322 2 2 1000 62 1985 456 1988
4323 2 2 1000 62 96 500 752
4324 2 2 1000 62 754 1991 1993
4325 2 2 1000 62 1987 1984 1991
4326 2 2 1000 62 1991 1986 1993
4327 2 2 1000 62 4 458 496
4328 2 2 1000 62 1984 1986 1991
4329 2 2 1000 62 754 753 1991
4330 2 2 1000 62 1986 598 1993
4331 2 2 1000 62 599 1986 1992
4332 2 2 1000 62 1986 1984 1992
4333 2 2 1000 62 456 89 1988
4334 2 2 1000 62 497 496 1989
4335 2 2 1000 62 89 599 1992
4336 2 2 1000 62 126 754 1993
4337 2 2 1000 62 598 126 1993
4338 2 2 1000 62 458 457 1989
4339 2 2 1000 62 1988 89 1992
4340 2 2 1000 62 496 458 1989
4341 2 2 1000 62 499 498 1990
4342 2 2 1000 62 1984 1988 1992
4343 2 2 1000 63 199 1997 2000
4344 2 2 1000 63 674 200 2000
4345 2 2 1000 63 1998 2001 2002
4346 2 2 1000 63 200 199 2000
4347 2 2 1000 63 1998 2002 2003
4348 2 2 1000 63 9 200 674
4349 2 2 1000 63 2000 1997 2008
4350 2 2 1000 63 417 82 1999
4351 2 2 1000 63 1995 2005 2009
4352 2 2 1000 63 2001 1998 2006
4353 2 2 1000 63 2005 2004 2011
4354 2 2 1000 63 553 83 1994
4355 2 2 1000 63 2001 1994 2002
4356 2 2 1000 63 417 1999 2013
4357 2 2 1000 63 154 111 2006
4358 2 2 1000 63 111 554 2006
4359 2 2 1000 63 553 1994 2001
4360 2 2 1000 63 1998 731 2006
4361 2 2 1000 63 554 2001 2006
4362 2 2 1000 63 2008 2005 2011
4363 2 2 1000 63 2003 2002 2004
4364 2 2 1000 63 731 154 2006
4365 2 2 1000 63 82 677 1999
4366 2 2 1000 63 554 553 2001
4367 2 2 1000 63 676 1996 2007
4368 2 2 1000 63 1994 83 2013
4369 2 2 1000 63 2004 2002 2010
4370 2 2 1000 63 2011 2004 2015
4371 2 2 1000 63 732 731 1998
4372 2 2 1000 63 83 417 2013
4373 2 2 1000 63 1996 2008 2011
4374 2 2 1000 63 676 675 1996
4375 2 2 1000 63 199 198 1997
4376 2 2 1000 63 735 734 2009
4377 2 2 1000 63 734 733 1995
4378 2 2 1000 63 734 1995 2009
4379 2 2 1000 63 677 676 2007
4380 2 2 1000 63 2002 1994 2010
4381 2 2 1000 63 674 2000 2017
4382 2 2 1000 63 2004 2005 2016
4383 2 2 1000 63 2009 2005 2014
4384 2 2 1000 63 2005 1995 2016
4385 2 2 1000 63 1998 2003 2018
4386 2 2 1000 63 2003 1995 2018
4387 2 2 1000 63 1999 2007 2015
4388 2 2 1000 63 1999 677 2007
4389 2 2 1000 63 198 8 2012
4390 2 2 1000 63 8 735 2012
4391 2 2 1000 63 2010 1999 2015
4392 2 2 1000 63 732 1998 2018
4393 2 2 1000 63 2007 1996 2011
4394 2 2 1000 63 675 674 2017
4395 2 2 1000 63 1995 733 2018
4396 2 2 1000 63 2005 2008 2014
4397 2 2 1000 63 2008 1996 2017
4398 2 2 1000 63 2000 2008 2017
4399 2 2 1000 63 1997 2012 2014
4400 2 2 1000 63 1997 198 2012
4401 2 2 1000 63 2012 2009 2014
4402 2 2 1000 63 735 2009 2012
4403 2 2 1000 63 1995 2003 2016
4404 2 2 1000 63 2004 2010 2015
4405 2 2 1000 63 2008 1997 2014
4406 2 2 1000 63 2003 2004 2016
4407 2 2 1000 63 1999 2010 2013
4408 2 2 1000 63 2010 1994 2013
4409 2 2 1000 63 1996 675 2017
4410 2 2 1000 63 733 732 2018
4411 2 2 1000 63 2007 2011 2015
4412 2 2 1000 64 2026 2021 2046
4413 2 2 1000 64 226 17 2021
4414 2 2 1000 64 2028 2045 2048
4415 2 2 1000 64 2028 2026 2046
4416 2 2 1000 64 2041 2025 2043
4417 2 2 1000 64 2045 2028 2046
4418 2 2 1000 64 226 2021 2026
4419 2 2 1000 64 2030 2033 2038
4420 2 2 1000 64 2035 2036 2047
4421 2 2 1000 64 2036 772 2047
4422 2 2 1000 64 2024 2041 2043
4423 2 2 1000 64 316 53 2040
4424 2 2 1000 64 2029 2030 2038
4425 2 2 1000 64 2022 2026 2027
4426 2 2 1000 64 121 142 2041
4427 2 2 1000 64 2035 2024 2043
4428 2 2 1000 64 355 2019 2029
4429 2 2 1000 64 771 772 2036
4430 2 2 1000 64 2033 2030 2039
4431 2 2 1000 64 660 2020 2031
4432 2 2 1000 64 2024 2035 2047
4433 2 2 1000 64 67 355 2029
4434 2 2 1000 64 2025 2031 2043
4435 2 2 1000 64 2029 2019 2030
4436 2 2 1000 64 661 660 2031
4437 2 2 1000 64 2027 2037 2044
4438 2 2 1000 64 2045 2039 2048
4439 2 2 1000 64 2022 2027 2044
4440 2 2 1000 64 2027 2028 2042
4441 2 2 1000 64 2025 661 2031
4442 2 2 1000 64 138 661 2025
4443 2 2 1000 64 2031 2020 2032
4444 2 2 1000 64 2023 771 2036
4445 2 2 1000 64 53 770 2040
4446 2 2 1000 64 18 226 2049
4447 2 2 1000 64 2021 2040 2046
4448 2 2 1000 64 2024 121 2041
4449 2 2 1000 64 770 771 2023
4450 2 2 1000 64 2026 2022 2049
4451 2 2 1000 64 2032 2020 2033
4452 2 2 1000 64 658 67 2029
4453 2 2 1000 64 68 685 2044
4454 2 2 1000 64 2027 2026 2028
4455 2 2 1000 64 122 121 2024
4456 2 2 1000 64 659 658 2038
4457 2 2 1000 64 2032 2034 2035
4458 2 2 1000 64 678 138 2025
4459 2 2 1000 64 2042 2028 2048
4460 2 2 1000 64 354 353 2037
4461 2 2 1000 64 2032 2033 2034
4462 2 2 1000 64 658 2029 2038
4463 2 2 1000 64 355 354 2019
4464 2 2 1000 64 353 68 2044
4465 2 2 1000 64 660 659 2020
4466 2 2 1000 64 2033 2020 2038
4467 2 2 1000 64 2035 2034 2036
4468 2 2 1000 64 2020 659 2038
4469 2 2 1000 64 2019 354 2037
4470 2 2 1000 64 2034 2033 2039
4471 2 2 1000 64 770 2023 2040
4472 2 2 1000 64 678 2025 2041
4473 2 2 1000 64 142 678 2041
4474 2 2 1000 64 2037 2027 2042
4475 2 2 1000 64 2030 2019 2042
4476 2 2 1000 64 2021 316 2040
4477 2 2 1000 64 2031 2032 2043
4478 2 2 1000 64 2032 2035 2043
4479 2 2 1000 64 772 122 2047
4480 2 2 1000 64 2019 2037 2042
4481 2 2 1000 64 2037 353 2044
4482 2 2 1000 64 226 2026 2049
4483 2 2 1000 64 2039 2030 2048
4484 2 2 1000 64 685 2022 2044
4485 2 2 1000 64 2030 2042 2048
4486 2 2 1000 64 685 18 2022
4487 2 2 1000 64 2023 2036 2045
4488 2 2 1000 64 2040 2023 2046
4489 2 2 1000 64 2036 2034 2045
4490 2 2 1000 64 2023 2045 2046
4491 2 2 1000 64 2034 2039 2045
4492 2 2 1000 64 122 2024 2047
4493 2 2 1000 64 17 316 2021
4494 2 2 1000 64 2022 18 2049
4495 2 2 1000 65 233 777 2051
4496 2 2 1000 65 24 777 233
4497 2 2 1000 65 777 162 2051
4498 2 2 1000 65 2050 2052 2054
4499 2 2 1000 65 2053 2050 2054
4500 2 2 1000 65 233 2051 2054
4501 2 2 1000 65 161 773 2053
4502 2 2 1000 65 234 233 2054
4503 2 2 1000 65 775 776 2057
4504 2 2 1000 65 237 236 2057
4505 2 2 1000 65 236 2055 2057
4506 2 2 1000 65 160 774 2056
4507 2 2 1000 65 2055 775 2057
4508 2 2 1000 65 773 2050 2053
4509 2 2 1000 65 2050 160 2056
4510 2 2 1000 65 778 161 2053
4511 2 2 1000 65 2052 2050 2056
4512 2 2 1000 65 235 234 2052
4513 2 2 1000 65 162 778 2051
4514 2 2 1000 65 776 237 2057
4515 2 2 1000 65 2052 234 2054
4516 2 2 1000 65 236 235 2055
4517 2 2 1000 65 774 775 2055
4518 2 2 1000 65 773 160 2050
4519 2 2 1000 65 235 2052 2055
4520 2 2 1000 65 2051 778 2053
4521 2 2 1000 65 2051 2053 2054
4522 2 2 1000 65 2055 2052 2056
4523 2 2 1000 65 774 2055 2056
4524 2 2 1000 65 19 237 776
4525 2 2 1000 66 2058 2059 2060
4526 2 2 1000 66 2058 782 2059
4527 2 2 1000 66 2061 2062 2063
4528 2 2 1000 66 2061 350 2062
4529 2 2 1000 66 782 781 2059
4530 2 2 1000 66 2064 714 2065
4531 2 2 1000 66 2065 714 713
4532 2 2 1000 66 2066 779 2067
4533 2 2 1000 66 150 783 709
4534 2 2 1000 66 2068 780 2066
4535 2 2 1000 66 780 779 2066
4536 2 2 1000 66 2069 2070 2071
4537 2 2 1000 66 2070 2060 2071
4538 2 2 1000 66 2072 2073 2074
4539 2 2 1000 66 2073 2067 2074
4540 2 2 1000 66 2075 2064 2063
4541 2 2 1000 66 2065 2076 2064
4542 2 2 1000 66 2071 2077 2069
4543 2 2 1000 66 2077 712 2069
4544 2 2 1000 66 2066 2073 2078
4545 2 2 1000 66 2073 2079 2078
4546 2 2 1000 66 2071 2060 2080
4547 2 2 1000 66 2063 2064 2076
4548 2 2 1000 66 2081 2082 2083
4549 2 2 1000 66 2081 351 2082
4550 2 2 1000 66 2078 2068 2066
4551 2 2 1000 66 2061 2063 2084
4552 2 2 1000 66 2063 2076 2084
4553 2 2 1000 66 2071 2085 2086
4554 2 2 1000 66 2071 2080 2085
4555 2 2 1000 66 2086 2085 2084
4556 2 2 1000 66 2085 2087 2084
4557 2 2 1000 66 2086 2077 2071
4558 2 2 1000 66 2083 2088 2081
4559 2 2 1000 66 2089 709 783
4560 2 2 1000 66 783 2058 2089
4561 2 2 1000 66 710 709 2089
4562 2 2 1000 66 2075 2090 2064
4563 2 2 1000 66 2090 2075 348
4564 2 2 1000 66 348 64 2090
4565 2 2 1000 66 448 447 2074
4566 2 2 1000 66 2090 64 94
4567 2 2 1000 66 2070 2089 2060
4568 2 2 1000 66 2070 710 2089
4569 2 2 1000 66 711 710 2070
4570 2 2 1000 66 2090 714 2064
4571 2 2 1000 66 2062 2075 2063
4572 2 2 1000 66 352 2081 2088
4573 2 2 1000 66 2075 349 348
4574 2 2 1000 66 2075 2062 349
4575 2 2 1000 66 2080 2060 2059
4576 2 2 1000 66 2067 87 2074
4577 2 2 1000 66 448 2074 87
4578 2 2 1000 66 2067 779 87
4579 2 2 1000 66 2058 2060 2089
4580 2 2 1000 66 62 352 2088
4581 2 2 1000 66 351 2081 352
4582 2 2 1000 66 2091 2088 2083
4583 2 2 1000 66 2091 2092 2072
4584 2 2 1000 66 2091 446 2088
4585 2 2 1000 66 2091 2083 2092
4586 2 2 1000 66 2079 2072 2092
4587 2 2 1000 66 62 2088 88
4588 2 2 1000 66 2070 2069 711
4589 2 2 1000 66 2087 2061 2084
4590 2 2 1000 66 2076 2086 2084
4591 2 2 1000 66 2068 781 780
4592 2 2 1000 66 2068 2078 2080
4593 2 2 1000 66 2082 2092 2083
4594 2 2 1000 66 2077 713 712
4595 2 2 1000 66 2077 2086 2076
4596 2 2 1000 66 2082 2061 2087
4597 2 2 1000 66 2087 2092 2082
4598 2 2 1000 66 2059 2068 2080
4599 2 2 1000 66 351 2061 2082
4600 2 2 1000 66 781 2068 2059
4601 2 2 1000 66 2091 2072 447
4602 2 2 1000 66 447 446 2091
4603 2 2 1000 66 2080 2078 2085
4604 2 2 1000 66 2092 2087 2079
4605 2 2 1000 66 2065 2077 2076
4606 2 2 1000 66 2058 783 782
4607 2 2 1000 66 2085 2078 2087
4608 2 2 1000 66 446 88 2088
4609 2 2 1000 66 713 2077 2065
4610 2 2 1000 66 712 711 2069
4611 2 2 1000 66 2078 2079 2087
4612 2 2 1000 66 2090 94 714
4613 2 2 1000 66 2073 2072 2079
4614 2 2 1000 66 2073 2066 2067
4615 2 2 1000 66 447 2072 2074
4616 2 2 1000 66 350 349 2062
4617 2 2 1000 66 2061 351 350
4618 2 2 1000 67 2093 2096 2101
4619 2 2 1000 67 2096 2093 2110
4620 2 2 1000 67 2098 2093 2107
4621 2 2 1000 67 2093 2100 2107
4622 2 2 1000 67 2093 2101 2108
4623 2 2 1000 67 163 784 2102
4624 2 2 1000 67 2101 2097 2108
4625 2 2 1000 67 785 786 2100
4626 2 2 1000 67 2097 331 2113
4627 2 2 1000 67 785 2100 2105
4628 2 2 1000 67 331 33 2113
4629 2 2 1000 67 2096 789 2112
4630 2 2 1000 67 2094 2097 2103
4631 2 2 1000 67 2093 2098 2110
4632 2 2 1000 67 331 2097 2101
4633 2 2 1000 67 2098 2095 2110
4634 2 2 1000 67 789 59 2112
4635 2 2 1000 67 784 2099 2102
4636 2 2 1000 67 2103 2097 2113
4637 2 2 1000 67 268 267 2099
4638 2 2 1000 67 789 2096 2109
4639 2 2 1000 67 696 2104 2106
4640 2 2 1000 67 2100 2094 2105
4641 2 2 1000 67 2099 267 2102
4642 2 2 1000 67 2099 784 2105
4643 2 2 1000 67 2095 2098 2106
4644 2 2 1000 67 2097 2094 2108
4645 2 2 1000 67 332 331 2101
4646 2 2 1000 67 2098 787 2111
4647 2 2 1000 67 697 696 2106
4648 2 2 1000 67 267 35 2102
4649 2 2 1000 67 268 2099 2103
4650 2 2 1000 67 787 2098 2107
4651 2 2 1000 67 2104 788 2109
4652 2 2 1000 67 148 788 2104
4653 2 2 1000 67 2094 2100 2108
4654 2 2 1000 67 696 148 2104
4655 2 2 1000 67 2104 2095 2106
4656 2 2 1000 67 2100 2093 2108
4657 2 2 1000 67 788 789 2109
4658 2 2 1000 67 784 785 2105
4659 2 2 1000 67 2099 2094 2103
4660 2 2 1000 67 332 2101 2112
4661 2 2 1000 67 35 163 2102
4662 2 2 1000 67 2101 2096 2112
4663 2 2 1000 67 2094 2099 2105
4664 2 2 1000 67 787 147 2111
4665 2 2 1000 67 269 268 2103
4666 2 2 1000 67 2100 786 2107
4667 2 2 1000 67 2095 2104 2109
4668 2 2 1000 67 786 787 2107
4669 2 2 1000 67 269 2103 2113
4670 2 2 1000 67 147 697 2111
4671 2 2 1000 67 2109 2096 2110
4672 2 2 1000 67 33 269 2113
4673 2 2 1000 67 2095 2109 2110
4674 2 2 1000 67 59 332 2112
4675 2 2 1000 67 697 2106 2111
4676 2 2 1000 67 2106 2098 2111
4677 2 2 1000 68 2122 2114 2125
4678 2 2 1000 68 796 164 2127
4679 2 2 1000 68 164 790 2127
4680 2 2 1000 68 2122 2125 2126
4681 2 2 1000 68 2117 2123 2126
4682 2 2 1000 68 2126 2123 2132
4683 2 2 1000 68 135 640 2118
4684 2 2 1000 68 2114 2122 2134
4685 2 2 1000 68 2119 2116 2120
4686 2 2 1000 68 729 135 2118
4687 2 2 1000 68 2117 2126 2128
4688 2 2 1000 68 791 2116 2119
4689 2 2 1000 68 2119 2120 2121
4690 2 2 1000 68 2121 2120 2122
4691 2 2 1000 68 2118 640 2124
4692 2 2 1000 68 2126 2125 2128
4693 2 2 1000 68 790 791 2119
4694 2 2 1000 68 790 2119 2127
4695 2 2 1000 68 791 792 2116
4696 2 2 1000 68 2115 2121 2132
4697 2 2 1000 68 547 546 2117
4698 2 2 1000 68 794 795 2115
4699 2 2 1000 68 639 638 2114
4700 2 2 1000 68 794 2115 2123
4701 2 2 1000 68 793 794 2123
4702 2 2 1000 68 638 637 2125
4703 2 2 1000 68 2114 638 2125
4704 2 2 1000 68 153 729 2129
4705 2 2 1000 68 640 639 2124
4706 2 2 1000 68 639 2114 2124
4707 2 2 1000 68 792 153 2129
4708 2 2 1000 68 109 547 2128
4709 2 2 1000 68 637 109 2128
4710 2 2 1000 68 2121 2122 2132
4711 2 2 1000 68 2123 2117 2131
4712 2 2 1000 68 547 2117 2128
4713 2 2 1000 68 2119 2121 2127
4714 2 2 1000 68 2129 2118 2130
4715 2 2 1000 68 2123 2115 2132
4716 2 2 1000 68 2125 637 2128
4717 2 2 1000 68 2121 2115 2133
4718 2 2 1000 68 546 110 2131
4719 2 2 1000 68 110 793 2131
4720 2 2 1000 68 2116 2129 2130
4721 2 2 1000 68 795 796 2133
4722 2 2 1000 68 2122 2120 2134
4723 2 2 1000 68 2116 792 2129
4724 2 2 1000 68 729 2118 2129
4725 2 2 1000 68 796 2127 2133
4726 2 2 1000 68 2120 2116 2130
4727 2 2 1000 68 2118 2124 2130
4728 2 2 1000 68 2117 546 2131
4729 2 2 1000 68 793 2123 2131
4730 2 2 1000 68 2127 2121 2133
4731 2 2 1000 68 2115 795 2133
4732 2 2 1000 68 2122 2126 2132
4733 2 2 1000 68 2124 2114 2134
4734 2 2 1000 68 2130 2124 2134
4735 2 2 1000 68 2120 2130 2134
4736 2 2 1000 69 2135 2136 2137
4737 2 2 1000 69 2138 2139 2140
4738 2 2 1000 69 2138 801 2139
4739 2 2 1000 69 167 2141 2142
4740 2 2 1000 69 2141 167 803
4741 2 2 1000 69 2141 803 804
4742 2 2 1000 69 2142 802 167
4743 2 2 1000 69 741 2143 2136
4744 2 2 1000 69 2136 2143 2137
4745 2 2 1000 69 741 740 2143
4746 2 2 1000 69 2144 2145 2146
4747 2 2 1000 69 2146 2147 2144
4748 2 2 1000 69 2148 797 2149
4749 2 2 1000 69 2150 798 2148
4750 2 2 1000 69 798 797 2148
4751 2 2 1000 69 2147 800 2144
4752 2 2 1000 69 2140 2151 2138
4753 2 2 1000 69 2140 2145 2151
4754 2 2 1000 69 2152 2151 2153
4755 2 2 1000 69 2152 2154 2151
4756 2 2 1000 69 2150 2148 2153
4757 2 2 1000 69 800 2147 2155
4758 2 2 1000 69 2144 800 799
4759 2 2 1000 69 2143 740 2156
4760 2 2 1000 69 2156 2138 2143
4761 2 2 1000 69 2143 2138 2154
4762 2 2 1000 69 2149 797 2157
4763 2 2 1000 69 2158 2159 2160
4764 2 2 1000 69 164 796 2158
4765 2 2 1000 69 2135 794 2136
4766 2 2 1000 69 741 2136 110
4767 2 2 1000 69 2136 793 110
4768 2 2 1000 69 796 2159 2158
4769 2 2 1000 69 2157 165 805
4770 2 2 1000 69 797 165 2157
4771 2 2 1000 69 2149 2157 2158
4772 2 2 1000 69 164 2158 2157
4773 2 2 1000 69 2139 2142 2140
4774 2 2 1000 69 2142 2146 2140
4775 2 2 1000 69 2142 2139 802
4776 2 2 1000 69 2141 804 2155
4777 2 2 1000 69 2141 2155 2147
4778 2 2 1000 69 2142 2147 2146
4779 2 2 1000 69 2142 2141 2147
4780 2 2 1000 69 2155 166 800
4781 2 2 1000 69 2154 2137 2143
4782 2 2 1000 69 804 166 2155
4783 2 2 1000 69 2140 2146 2145
4784 2 2 1000 69 2160 2161 2152
4785 2 2 1000 69 2152 2153 2160
4786 2 2 1000 69 2158 2160 2149
4787 2 2 1000 69 2152 2161 2154
4788 2 2 1000 69 2150 799 798
4789 2 2 1000 69 2161 2137 2154
4790 2 2 1000 69 2150 2153 2145
4791 2 2 1000 69 2138 2156 801
4792 2 2 1000 69 801 802 2139
4793 2 2 1000 69 2135 2161 795
4794 2 2 1000 69 2137 2161 2135
4795 2 2 1000 69 795 794 2135
4796 2 2 1000 69 2145 2153 2151
4797 2 2 1000 69 2154 2138 2151
4798 2 2 1000 69 2159 796 795
4799 2 2 1000 69 794 793 2136
4800 2 2 1000 69 2159 2161 2160
4801 2 2 1000 69 2148 2149 2160
4802 2 2 1000 69 2160 2153 2148
4803 2 2 1000 69 2156 155 801
4804 2 2 1000 69 2144 2150 2145
4805 2 2 1000 69 740 155 2156
4806 2 2 1000 69 795 2161 2159
4807 2 2 1000 69 799 2150 2144
4808 2 2 1000 69 2157 805 164
4809 2 2 1000 70 2162 2163 2164
4810 2 2 1000 70 2162 2164 2165
4811 2 2 1000 70 806 2162 168
4812 2 2 1000 70 2163 2162 806
4813 2 2 1000 70 2166 2167 814
4814 2 2 1000 70 147 807 698
4815 2 2 1000 70 813 814 2167
4816 2 2 1000 70 2162 812 168
4817 2 2 1000 70 2168 146 2169
4818 2 2 1000 70 619 2170 2164
4819 2 2 1000 70 2163 620 2164
4820 2 2 1000 70 2164 620 619
4821 2 2 1000 70 2166 2171 2167
4822 2 2 1000 70 2172 2171 2173
4823 2 2 1000 70 2167 2171 2172
4824 2 2 1000 70 2174 2175 2168
4825 2 2 1000 70 2175 816 2168
4826 2 2 1000 70 2171 2166 2176
4827 2 2 1000 70 2176 2166 2175
4828 2 2 1000 70 2176 809 2177
4829 2 2 1000 70 2166 815 2175
4830 2 2 1000 70 814 815 2166
4831 2 2 1000 70 2169 807 808
4832 2 2 1000 70 808 2168 2169
4833 2 2 1000 70 2165 2164 2170
4834 2 2 1000 70 2171 2177 2173
4835 2 2 1000 70 2173 2177 810
4836 2 2 1000 70 2178 2167 2170
4837 2 2 1000 70 2170 2167 2172
4838 2 2 1000 70 2176 2177 2171
4839 2 2 1000 70 2174 2176 2175
4840 2 2 1000 70 815 816 2175
4841 2 2 1000 70 2179 2162 2165
4842 2 2 1000 70 2162 2179 812
4843 2 2 1000 70 2179 811 812
4844 2 2 1000 70 2179 2165 2172
4845 2 2 1000 70 2172 2173 2179
4846 2 2 1000 70 2179 2173 811
4847 2 2 1000 70 2167 2178 813
4848 2 2 1000 70 619 2178 2170
4849 2 2 1000 70 2172 2165 2170
4850 2 2 1000 70 810 811 2173
4851 2 2 1000 70 2163 129 620
4852 2 2 1000 70 806 129 2163
4853 2 2 1000 70 2174 808 809
4854 2 2 1000 70 2169 698 807
4855 2 2 1000 70 146 698 2169
4856 2 2 1000 70 2178 130 813
4857 2 2 1000 70 2176 2174 809
4858 2 2 1000 70 619 130 2178
4859 2 2 1000 70 809 810 2177
4860 2 2 1000 70 808 2174 2168
4861 2 2 1000 70 816 146 2168
4862 2 2 1000 71 169 821 2182
4863 2 2 1000 71 2185 737 2187
4864 2 2 1000 71 113 817 562
4865 2 2 1000 71 2189 2186 2190
4866 2 2 1000 71 2182 821 2186
4867 2 2 1000 71 737 2185 2193
4868 2 2 1000 71 2187 2188 2191
4869 2 2 1000 71 2180 2189 2190
4870 2 2 1000 71 562 817 2183
4871 2 2 1000 71 821 167 2186
4872 2 2 1000 71 167 802 2186
4873 2 2 1000 71 2182 2186 2189
4874 2 2 1000 71 2188 2183 2191
4875 2 2 1000 71 737 736 2187
4876 2 2 1000 71 820 169 2182
4877 2 2 1000 71 2181 2184 2185
4878 2 2 1000 71 2181 819 2184
4879 2 2 1000 71 2185 2184 2189
4880 2 2 1000 71 2185 2189 2193
4881 2 2 1000 71 736 112 2188
4882 2 2 1000 71 739 738 2180
4883 2 2 1000 71 818 819 2181
4884 2 2 1000 71 2183 817 2191
4885 2 2 1000 71 819 820 2184
4886 2 2 1000 71 2181 2185 2187
4887 2 2 1000 71 2181 2187 2191
4888 2 2 1000 71 2187 736 2188
4889 2 2 1000 71 820 2182 2184
4890 2 2 1000 71 2189 2180 2193
4891 2 2 1000 71 817 818 2191
4892 2 2 1000 71 2180 2190 2192
4893 2 2 1000 71 563 562 2183
4894 2 2 1000 71 738 737 2193
4895 2 2 1000 71 2184 2182 2189
4896 2 2 1000 71 155 739 2192
4897 2 2 1000 71 112 563 2188
4898 2 2 1000 71 801 155 2192
4899 2 2 1000 71 802 801 2190
4900 2 2 1000 71 2186 802 2190
4901 2 2 1000 71 563 2183 2188
4902 2 2 1000 71 739 2180 2192
4903 2 2 1000 71 818 2181 2191
4904 2 2 1000 71 2180 738 2193
4905 2 2 1000 71 2190 801 2192
4906 2 2 1000 72 2194 2195 582
4907 2 2 1000 72 2195 583 582
4908 2 2 1000 72 2194 2196 2197
4909 2 2 1000 72 2196 2194 581
4910 2 2 1000 72 582 581 2194
4911 2 2 1000 72 2198 2199 2200
4912 2 2 1000 72 119 828 580
4913 2 2 1000 72 2201 2202 2203
4914 2 2 1000 72 2202 584 2203
4915 2 2 1000 72 2198 826 825
4916 2 2 1000 72 2196 827 2197
4917 2 2 1000 72 825 2199 2198
4918 2 2 1000 72 2204 824 2205
4919 2 2 1000 72 2206 2205 2207
4920 2 2 1000 72 2205 823 2207
4921 2 2 1000 72 824 823 2205
4922 2 2 1000 72 2207 469 2206
4923 2 2 1000 72 91 469 822
4924 2 2 1000 72 469 468 2206
4925 2 2 1000 72 469 2207 822
4926 2 2 1000 72 2202 2201 2208
4927 2 2 1000 72 2194 2197 2198
4928 2 2 1000 72 2197 826 2198
4929 2 2 1000 72 75 2202 393
4930 2 2 1000 72 75 585 2202
4931 2 2 1000 72 395 2209 2210
4932 2 2 1000 72 2210 2209 2211
4933 2 2 1000 72 2209 395 394
4934 2 2 1000 72 2196 580 828
4935 2 2 1000 72 581 580 2196
4936 2 2 1000 72 2208 2201 2209
4937 2 2 1000 72 2209 2201 2212
4938 2 2 1000 72 2198 2200 2195
4939 2 2 1000 72 2195 2194 2198
4940 2 2 1000 72 2210 2211 2205
4941 2 2 1000 72 2211 2212 2204
4942 2 2 1000 72 2204 2205 2211
4943 2 2 1000 72 73 395 2210
4944 2 2 1000 72 2205 2206 2210
4945 2 2 1000 72 73 2210 2206
4946 2 2 1000 72 2200 2203 2195
4947 2 2 1000 72 2201 2200 2212
4948 2 2 1000 72 2195 2203 583
4949 2 2 1000 72 2196 828 827
4950 2 2 1000 72 2212 2211 2209
4951 2 2 1000 72 2212 2199 2204
4952 2 2 1000 72 394 393 2208
4953 2 2 1000 72 394 2208 2209
4954 2 2 1000 72 2204 2199 824
4955 2 2 1000 72 825 824 2199
4956 2 2 1000 72 2212 2200 2199
4957 2 2 1000 72 584 583 2203
4958 2 2 1000 72 2200 2201 2203
4959 2 2 1000 72 823 822 2207
4960 2 2 1000 72 2197 827 826
4961 2 2 1000 72 2202 2208 393
4962 2 2 1000 72 2202 585 584
4963 2 2 1000 72 2206 468 73
4964 2 2 1000 73 278 252 31
4965 2 2 1000 73 2213 255 254
4966 2 2 1000 73 2214 831 2213
4967 2 2 1000 73 254 2214 2213
4968 2 2 1000 73 2215 830 2216
4969 2 2 1000 73 2215 2216 2217
4970 2 2 1000 73 2217 277 276
4971 2 2 1000 73 256 2218 833
4972 2 2 1000 73 2218 832 833
4973 2 2 1000 73 829 2215 39
4974 2 2 1000 73 2215 276 39
4975 2 2 1000 73 830 2214 2216
4976 2 2 1000 73 28 256 833
4977 2 2 1000 73 2219 2217 2216
4978 2 2 1000 73 2216 2214 2219
4979 2 2 1000 73 2217 2220 277
4980 2 2 1000 73 2219 254 253
4981 2 2 1000 73 2215 2217 276
4982 2 2 1000 73 2219 2220 2217
4983 2 2 1000 73 2218 2213 832
4984 2 2 1000 73 2218 256 255
4985 2 2 1000 73 255 2213 2218
4986 2 2 1000 73 830 831 2214
4987 2 2 1000 73 254 2219 2214
4988 2 2 1000 73 252 2220 253
4989 2 2 1000 73 278 2220 252
4990 2 2 1000 73 2215 829 830
4991 2 2 1000 73 831 832 2213
4992 2 2 1000 73 2220 2219 253
4993 2 2 1000 73 2220 278 277
4994 2 2 1000 74 730 834 152
4995 2 2 1000 74 2221 153 792
4996 2 2 1000 74 730 153 2221
4997 2 2 1000 74 835 2221 2222
4998 2 2 1000 74 2222 2221 792
4999 2 2 1000 74 792 791 2222
5000 2 2 1000 74 837 2223 2224
5001 2 2 1000 74 2224 2223 790
5002 2 2 1000 74 165 837 805
5003 2 2 1000 74 2222 2223 836
5004 2 2 1000 74 790 164 2224
5005 2 2 1000 74 805 837 2224
5006 2 2 1000 74 834 730 2221
5007 2 2 1000 74 2221 835 834
5008 2 2 1000 74 2224 164 805
5009 2 2 1000 74 791 2223 2222
5010 2 2 1000 74 2223 791 790
5011 2 2 1000 74 2223 837 836
5012 2 2 1000 74 2222 836 835
5013 2 2 1000 75 2225 2226 2227
5014 2 2 1000 75 2226 334 2227
5015 2 2 1000 75 2228 2229 2230
5016 2 2 1000 75 2228 2231 2229
5017 2 2 1000 75 2226 2225 2232
5018 2 2 1000 75 2232 2233 2226
5019 2 2 1000 75 2232 2231 2233
5020 2 2 1000 75 2234 2235 2228
5021 2 2 1000 75 2228 2235 2231
5022 2 2 1000 75 2236 2237 2238
5023 2 2 1000 75 839 2238 2237
5024 2 2 1000 75 2238 839 840
5025 2 2 1000 75 2227 2239 2225
5026 2 2 1000 75 2239 2240 2225
5027 2 2 1000 75 2241 2236 2238
5028 2 2 1000 75 2241 2240 2236
5029 2 2 1000 75 2229 2242 2243
5030 2 2 1000 75 2229 2241 2242
5031 2 2 1000 75 2229 2243 2230
5032 2 2 1000 75 2243 841 2230
5033 2 2 1000 75 2230 2244 2228
5034 2 2 1000 75 2230 842 2244
5035 2 2 1000 75 2245 2246 788
5036 2 2 1000 75 2231 2247 2229
5037 2 2 1000 75 2226 2233 2248
5038 2 2 1000 75 2246 789 788
5039 2 2 1000 75 2249 789 2246
5040 2 2 1000 75 2232 2247 2231
5041 2 2 1000 75 2235 2250 2233
5042 2 2 1000 75 2250 2251 2233
5043 2 2 1000 75 2252 2250 2235
5044 2 2 1000 75 127 2234 755
5045 2 2 1000 75 2246 2240 2249
5046 2 2 1000 75 2239 2249 2240
5047 2 2 1000 75 2236 2246 2237
5048 2 2 1000 75 2240 2246 2236
5049 2 2 1000 75 2253 412 2254
5050 2 2 1000 75 2253 2250 412
5051 2 2 1000 75 412 2250 413
5052 2 2 1000 75 2248 2255 336
5053 2 2 1000 75 2251 2255 2248
5054 2 2 1000 75 337 2254 61
5055 2 2 1000 75 2254 411 61
5056 2 2 1000 75 2234 127 2252
5057 2 2 1000 75 2248 336 335
5058 2 2 1000 75 2245 838 2237
5059 2 2 1000 75 2237 838 839
5060 2 2 1000 75 127 80 2252
5061 2 2 1000 75 2239 59 2249
5062 2 2 1000 75 59 789 2249
5063 2 2 1000 75 2245 148 838
5064 2 2 1000 75 788 148 2245
5065 2 2 1000 75 2246 2245 2237
5066 2 2 1000 75 2239 333 59
5067 2 2 1000 75 2252 413 2250
5068 2 2 1000 75 755 2244 157
5069 2 2 1000 75 2252 80 413
5070 2 2 1000 75 2234 2244 755
5071 2 2 1000 75 2250 2253 2251
5072 2 2 1000 75 842 157 2244
5073 2 2 1000 75 2234 2228 2244
5074 2 2 1000 75 2253 2254 2255
5075 2 2 1000 75 337 2255 2254
5076 2 2 1000 75 2255 337 336
5077 2 2 1000 75 2255 2251 2253
5078 2 2 1000 75 2251 2248 2233
5079 2 2 1000 75 2247 2241 2229
5080 2 2 1000 75 2243 2256 841
5081 2 2 1000 75 2225 2240 2241
5082 2 2 1000 75 2241 2232 2225
5083 2 2 1000 75 840 2256 2238
5084 2 2 1000 75 334 333 2227
5085 2 2 1000 75 2242 2238 2256
5086 2 2 1000 75 412 411 2254
5087 2 2 1000 75 2256 2243 2242
5088 2 2 1000 75 2241 2238 2242
5089 2 2 1000 75 2230 841 842
5090 2 2 1000 75 335 2226 2248
5091 2 2 1000 75 2232 2241 2247
5092 2 2 1000 75 2239 2227 333
5093 2 2 1000 75 2252 2235 2234
5094 2 2 1000 75 840 170 2256
5095 2 2 1000 75 335 334 2226
5096 2 2 1000 75 2256 170 841
5097 2 2 1000 75 2231 2235 2233
5098 2 2 1000 76 816 699 146
5099 2 2 1000 76 2257 2258 2259
5100 2 2 1000 76 617 2259 2258
5101 2 2 1000 76 2260 2259 2261
5102 2 2 1000 76 2260 2262 2257
5103 2 2 1000 76 130 618 813
5104 2 2 1000 76 2262 2260 700
5105 2 2 1000 76 617 616 2259
5106 2 2 1000 76 2260 2257 2259
5107 2 2 1000 76 2257 814 2258
5108 2 2 1000 76 814 813 2258
5109 2 2 1000 76 2260 701 700
5110 2 2 1000 76 131 702 615
5111 2 2 1000 76 701 2261 702
5112 2 2 1000 76 2262 815 2257
5113 2 2 1000 76 702 2261 615
5114 2 2 1000 76 699 2262 700
5115 2 2 1000 76 815 814 2257
5116 2 2 1000 76 616 2261 2259
5117 2 2 1000 76 816 2262 699
5118 2 2 1000 76 2260 2261 701
5119 2 2 1000 76 2262 816 815
5120 2 2 1000 76 616 615 2261
5121 2 2 1000 76 2258 618 617
5122 2 2 1000 76 813 618 2258
5123 2 2 1000 77 847 843 171
5124 2 2 1000 77 2263 2264 2265
5125 2 2 1000 77 2266 2267 2264
5126 2 2 1000 77 2264 2267 2265
5127 2 2 1000 77 2268 850 2269
5128 2 2 1000 77 851 2269 850
5129 2 2 1000 77 2267 2266 2270
5130 2 2 1000 77 2270 2266 845
5131 2 2 1000 77 2268 2263 238
5132 2 2 1000 77 2264 2263 2268
5133 2 2 1000 77 2270 845 844
5134 2 2 1000 77 2268 2269 2264
5135 2 2 1000 77 2271 849 2267
5136 2 2 1000 77 2263 20 238
5137 2 2 1000 77 624 2263 2265
5138 2 2 1000 77 2265 133 624
5139 2 2 1000 77 2270 2272 2271
5140 2 2 1000 77 2270 2271 2267
5141 2 2 1000 77 2270 844 2272
5142 2 2 1000 77 843 847 2272
5143 2 2 1000 77 2272 847 848
5144 2 2 1000 77 2268 22 850
5145 2 2 1000 77 238 22 2268
5146 2 2 1000 77 2267 849 2265
5147 2 2 1000 77 2265 849 133
5148 2 2 1000 77 2273 172 846
5149 2 2 1000 77 2273 2269 851
5150 2 2 1000 77 851 172 2273
5151 2 2 1000 77 2264 2269 2273
5152 2 2 1000 77 2273 2266 2264
5153 2 2 1000 77 846 2266 2273
5154 2 2 1000 77 624 20 2263
5155 2 2 1000 77 848 2271 2272
5156 2 2 1000 77 844 843 2272
5157 2 2 1000 77 2271 848 849
5158 2 2 1000 77 2266 846 845
5159 2 2 1000 78 855 2276 2279
5160 2 2 1000 78 2274 2278 2280
5161 2 2 1000 78 817 2275 2278
5162 2 2 1000 78 2278 2275 2280
5163 2 2 1000 78 2275 817 2284
5164 2 2 1000 78 854 855 2279
5165 2 2 1000 78 2274 2276 2282
5166 2 2 1000 78 2274 2277 2279
5167 2 2 1000 78 2278 2274 2282
5168 2 2 1000 78 2277 2274 2285
5169 2 2 1000 78 819 2276 2281
5170 2 2 1000 78 2276 855 2281
5171 2 2 1000 78 2277 512 2286
5172 2 2 1000 78 2276 2274 2279
5173 2 2 1000 78 2276 819 2282
5174 2 2 1000 78 818 817 2278
5175 2 2 1000 78 2279 2277 2287
5176 2 2 1000 78 852 511 100
5177 2 2 1000 78 512 2277 2285
5178 2 2 1000 78 2274 2280 2285
5179 2 2 1000 78 512 511 2286
5180 2 2 1000 78 169 820 856
5181 2 2 1000 78 2286 853 2287
5182 2 2 1000 78 817 113 2284
5183 2 2 1000 78 820 819 2281
5184 2 2 1000 78 855 856 2281
5185 2 2 1000 78 852 853 2286
5186 2 2 1000 78 2277 2286 2287
5187 2 2 1000 78 97 514 2283
5188 2 2 1000 78 511 852 2286
5189 2 2 1000 78 561 97 2283
5190 2 2 1000 78 856 820 2281
5191 2 2 1000 78 513 512 2285
5192 2 2 1000 78 819 818 2282
5193 2 2 1000 78 514 513 2288
5194 2 2 1000 78 818 2278 2282
5195 2 2 1000 78 853 854 2287
5196 2 2 1000 78 2280 513 2285
5197 2 2 1000 78 854 2279 2287
5198 2 2 1000 78 513 2280 2288
5199 2 2 1000 78 113 561 2284
5200 2 2 1000 78 2280 2275 2288
5201 2 2 1000 78 561 2283 2284
5202 2 2 1000 78 2283 2275 2284
5203 2 2 1000 78 2275 2283 2288
5204 2 2 1000 78 2283 514 2288
5205 2 2 1000 79 2289 2290 324
5206 2 2 1000 79 2290 325 324
5207 2 2 1000 79 57 647 2289
5208 2 2 1000 79 2291 2292 2293
5209 2 2 1000 79 2293 647 646
5210 2 2 1000 79 2293 646 2291
5211 2 2 1000 79 2294 2295 2296
5212 2 2 1000 79 2294 2297 2295
5213 2 2 1000 79 2298 2295 2297
5214 2 2 1000 79 2295 2298 2299
5215 2 2 1000 79 2297 2300 2298
5216 2 2 1000 79 2291 570 2292
5217 2 2 1000 79 2301 2298 2300
5218 2 2 1000 79 2301 2300 861
5219 2 2 1000 79 2292 2302 2293
5220 2 2 1000 79 2303 2302 2292
5221 2 2 1000 79 2294 2304 859
5222 2 2 1000 79 2305 860 2304
5223 2 2 1000 79 860 859 2304
5224 2 2 1000 79 2294 859 2297
5225 2 2 1000 79 859 858 2297
5226 2 2 1000 79 2294 2296 2304
5227 2 2 1000 79 2296 2306 2304
5228 2 2 1000 79 2306 2296 2302
5229 2 2 1000 79 2302 2296 2307
5230 2 2 1000 79 569 2303 2292
5231 2 2 1000 79 2292 570 569
5232 2 2 1000 79 2303 2306 2302
5233 2 2 1000 79 2295 2299 2308
5234 2 2 1000 79 2309 2307 2290
5235 2 2 1000 79 2309 2290 2289
5236 2 2 1000 79 647 2309 2289
5237 2 2 1000 79 2309 647 2293
5238 2 2 1000 79 2307 2310 2311
5239 2 2 1000 79 2299 56 2308
5240 2 2 1000 79 2299 515 56
5241 2 2 1000 79 2298 2301 2299
5242 2 2 1000 79 2299 2301 515
5243 2 2 1000 79 2300 173 861
5244 2 2 1000 79 857 173 2300
5245 2 2 1000 79 2310 2295 2308
5246 2 2 1000 79 324 57 2289
5247 2 2 1000 79 2297 858 2300
5248 2 2 1000 79 2300 858 857
5249 2 2 1000 79 2311 2290 2307
5250 2 2 1000 79 2308 56 326
5251 2 2 1000 79 2309 2302 2307
5252 2 2 1000 79 2305 2304 2306
5253 2 2 1000 79 2306 2303 2305
5254 2 2 1000 79 2309 2293 2302
5255 2 2 1000 79 2290 2311 325
5256 2 2 1000 79 2311 326 325
5257 2 2 1000 79 2296 2295 2310
5258 2 2 1000 79 2310 2307 2296
5259 2 2 1000 79 2308 2311 2310
5260 2 2 1000 79 569 2305 2303
5261 2 2 1000 79 2308 326 2311
5262 2 2 1000 79 2291 117 570
5263 2 2 1000 79 646 117 2291
5264 2 2 1000 79 2305 115 860
5265 2 2 1000 79 569 115 2305
5266 2 2 1000 79 861 102 2301
5267 2 2 1000 79 2301 102 515
5268 2 2 1000 80 2312 2313 2314
5269 2 2 1000 80 2313 2315 2314
5270 2 2 1000 80 2316 2317 2318
5271 2 2 1000 80 2317 2319 2318
5272 2 2 1000 80 2320 2321 2322
5273 2 2 1000 80 2323 443 2312
5274 2 2 1000 80 2320 2324 2325
5275 2 2 1000 80 2320 2326 2324
5276 2 2 1000 80 2327 2328 2325
5277 2 2 1000 80 2327 2329 2328
5278 2 2 1000 80 2321 2313 2322
5279 2 2 1000 80 2330 2331 2332
5280 2 2 1000 80 2330 533 2331
5281 2 2 1000 80 2333 2334 2335
5282 2 2 1000 80 2333 2336 2334
5283 2 2 1000 80 2333 2337 2338
5284 2 2 1000 80 2333 2315 2337
5285 2 2 1000 80 2332 2331 2338
5286 2 2 1000 80 2317 340 2339
5287 2 2 1000 80 2317 341 340
5288 2 2 1000 80 2326 2322 441
5289 2 2 1000 80 441 2322 442
5290 2 2 1000 80 441 86 2326
5291 2 2 1000 80 445 444 2340
5292 2 2 1000 80 2326 86 862
5293 2 2 1000 80 2339 340 2341
5294 2 2 1000 80 49 342 2342
5295 2 2 1000 80 342 2316 2342
5296 2 2 1000 80 2342 2316 2318
5297 2 2 1000 80 2321 2320 2343
5298 2 2 1000 80 307 2334 2344
5299 2 2 1000 80 307 306 2334
5300 2 2 1000 80 2327 2345 2329
5301 2 2 1000 80 2340 444 2323
5302 2 2 1000 80 2345 2327 864
5303 2 2 1000 80 2314 2319 2312
5304 2 2 1000 80 445 2341 88
5305 2 2 1000 80 2341 62 88
5306 2 2 1000 80 2323 2312 2319
5307 2 2 1000 80 2319 2340 2323
5308 2 2 1000 80 2340 2319 2339
5309 2 2 1000 80 864 2327 863
5310 2 2 1000 80 2317 2339 2319
5311 2 2 1000 80 2329 2345 2330
5312 2 2 1000 80 535 534 2345
5313 2 2 1000 80 2345 534 2330
5314 2 2 1000 80 2339 2341 2340
5315 2 2 1000 80 863 2325 2324
5316 2 2 1000 80 2326 862 2324
5317 2 2 1000 80 2324 862 863
5318 2 2 1000 80 445 2340 2341
5319 2 2 1000 80 307 2344 50
5320 2 2 1000 80 50 2344 602
5321 2 2 1000 80 2345 107 535
5322 2 2 1000 80 2317 2316 341
5323 2 2 1000 80 864 107 2345
5324 2 2 1000 80 2321 2337 2313
5325 2 2 1000 80 2343 2325 2328
5326 2 2 1000 80 2329 2332 2328
5327 2 2 1000 80 2328 2332 2343
5328 2 2 1000 80 2343 2337 2321
5329 2 2 1000 80 2318 2335 2342
5330 2 2 1000 80 2346 49 2342
5331 2 2 1000 80 2323 444 443
5332 2 2 1000 80 2327 2325 863
5333 2 2 1000 80 2344 2336 602
5334 2 2 1000 80 2332 2338 2343
5335 2 2 1000 80 2320 2325 2343
5336 2 2 1000 80 2320 2322 2326
5337 2 2 1000 80 2318 2319 2314
5338 2 2 1000 80 2333 2335 2315
5339 2 2 1000 80 2333 2338 2336
5340 2 2 1000 80 2314 2315 2318
5341 2 2 1000 80 306 49 2346
5342 2 2 1000 80 2315 2313 2337
5343 2 2 1000 80 2343 2338 2337
5344 2 2 1000 80 2347 2322 2313
5345 2 2 1000 80 2330 2332 2329
5346 2 2 1000 80 533 106 2348
5347 2 2 1000 80 602 2336 2348
5348 2 2 1000 80 2348 106 602
5349 2 2 1000 80 2330 534 533
5350 2 2 1000 80 2335 2318 2315
5351 2 2 1000 80 342 341 2316
5352 2 2 1000 80 2336 2344 2334
5353 2 2 1000 80 442 2322 2347
5354 2 2 1000 80 340 62 2341
5355 2 2 1000 80 533 2348 2331
5356 2 2 1000 80 2336 2338 2331
5357 2 2 1000 80 2331 2348 2336
5358 2 2 1000 80 443 442 2347
5359 2 2 1000 80 2313 2312 2347
5360 2 2 1000 80 2346 2334 306
5361 2 2 1000 80 2347 2312 443
5362 2 2 1000 80 2346 2342 2335
5363 2 2 1000 80 2335 2334 2346
5364 2 2 1000 81 2349 508 2350
5365 2 2 1000 81 2350 508 2351
5366 2 2 1000 81 2352 2349 2353
5367 2 2 1000 81 2352 509 2349
5368 2 2 1000 81 2354 2355 2356
5369 2 2 1000 81 873 2354 2356
5370 2 2 1000 81 2354 873 874
5371 2 2 1000 81 2357 505 98
5372 2 2 1000 81 2357 98 871
5373 2 2 1000 81 871 2355 2357
5374 2 2 1000 81 872 2355 871
5375 2 2 1000 81 508 507 2351
5376 2 2 1000 81 2355 2354 2358
5377 2 2 1000 81 2359 2360 2361
5378 2 2 1000 81 2362 2351 2363
5379 2 2 1000 81 2362 2360 2351
5380 2 2 1000 81 2359 2364 2360
5381 2 2 1000 81 2350 2360 2364
5382 2 2 1000 81 2362 2363 2365
5383 2 2 1000 81 2366 2367 2368
5384 2 2 1000 81 2367 2358 2368
5385 2 2 1000 81 2365 505 2357
5386 2 2 1000 81 2363 506 2365
5387 2 2 1000 81 2364 2359 867
5388 2 2 1000 81 868 867 2359
5389 2 2 1000 81 2364 2353 2350
5390 2 2 1000 81 2349 2350 2353
5391 2 2 1000 81 2369 2370 2352
5392 2 2 1000 81 2370 510 2352
5393 2 2 1000 81 2370 176 99
5394 2 2 1000 81 865 176 2370
5395 2 2 1000 81 506 505 2365
5396 2 2 1000 81 2355 872 2356
5397 2 2 1000 81 2368 2354 2371
5398 2 2 1000 81 2371 2372 2373
5399 2 2 1000 81 2374 2373 2372
5400 2 2 1000 81 2372 875 876
5401 2 2 1000 81 2371 875 2372
5402 2 2 1000 81 2369 2352 2353
5403 2 2 1000 81 2353 2375 2369
5404 2 2 1000 81 2369 2375 866
5405 2 2 1000 81 2364 867 2375
5406 2 2 1000 81 867 866 2375
5407 2 2 1000 81 2358 2357 2355
5408 2 2 1000 81 2360 2350 2351
5409 2 2 1000 81 2371 2354 874
5410 2 2 1000 81 2349 509 508
5411 2 2 1000 81 2372 870 2374
5412 2 2 1000 81 2372 174 870
5413 2 2 1000 81 876 174 2372
5414 2 2 1000 81 2375 2353 2364
5415 2 2 1000 81 2358 2362 2365
5416 2 2 1000 81 2365 2357 2358
5417 2 2 1000 81 869 868 2376
5418 2 2 1000 81 2366 2374 2376
5419 2 2 1000 81 2374 2366 2373
5420 2 2 1000 81 2374 869 2376
5421 2 2 1000 81 2361 2366 2376
5422 2 2 1000 81 2361 2360 2362
5423 2 2 1000 81 2374 870 869
5424 2 2 1000 81 2363 507 506
5425 2 2 1000 81 874 875 2371
5426 2 2 1000 81 2356 175 873
5427 2 2 1000 81 2373 2368 2371
5428 2 2 1000 81 872 175 2356
5429 2 2 1000 81 2354 2368 2358
5430 2 2 1000 81 2359 2376 868
5431 2 2 1000 81 2373 2366 2368
5432 2 2 1000 81 2361 2376 2359
5433 2 2 1000 81 2367 2362 2358
5434 2 2 1000 81 507 2363 2351
5435 2 2 1000 81 2352 510 509
5436 2 2 1000 81 2367 2366 2361
5437 2 2 1000 81 866 865 2369
5438 2 2 1000 81 2361 2362 2367
5439 2 2 1000 81 2370 2369 865
5440 2 2 1000 81 2370 99 510
5441 2 2 1000 82 2377 2388 2394
5442 2 2 1000 82 2386 2377 2394
5443 2 2 1000 82 32 330 2382
5444 2 2 1000 82 330 329 2391
5445 2 2 1000 82 58 885 329
5446 2 2 1000 82 2382 330 2391
5447 2 2 1000 82 329 885 2391
5448 2 2 1000 82 2378 880 2387
5449 2 2 1000 82 2382 2391 2392
5450 2 2 1000 82 2380 2387 2396
5451 2 2 1000 82 2391 884 2392
5452 2 2 1000 82 887 34 2388
5453 2 2 1000 82 2383 2379 2390
5454 2 2 1000 82 2383 882 2384
5455 2 2 1000 82 178 886 2385
5456 2 2 1000 82 2388 2381 2394
5457 2 2 1000 82 2378 2387 2397
5458 2 2 1000 82 886 2377 2385
5459 2 2 1000 82 881 2378 2384
5460 2 2 1000 82 881 880 2378
5461 2 2 1000 82 2377 887 2388
5462 2 2 1000 82 34 264 2388
5463 2 2 1000 82 880 879 2387
5464 2 2 1000 82 879 177 2396
5465 2 2 1000 82 883 882 2383
5466 2 2 1000 82 2383 2390 2392
5467 2 2 1000 82 882 881 2384
5468 2 2 1000 82 2380 2386 2387
5469 2 2 1000 82 260 32 2382
5470 2 2 1000 82 885 884 2391
5471 2 2 1000 82 877 178 2385
5472 2 2 1000 82 2387 879 2396
5473 2 2 1000 82 2384 2378 2393
5474 2 2 1000 82 2380 2385 2386
5475 2 2 1000 82 264 263 2381
5476 2 2 1000 82 263 262 2389
5477 2 2 1000 82 261 260 2390
5478 2 2 1000 82 262 261 2379
5479 2 2 1000 82 2381 263 2389
5480 2 2 1000 82 264 2381 2388
5481 2 2 1000 82 2385 2377 2386
5482 2 2 1000 82 262 2379 2389
5483 2 2 1000 82 2379 2383 2395
5484 2 2 1000 82 2379 261 2390
5485 2 2 1000 82 2383 2384 2395
5486 2 2 1000 82 883 2383 2392
5487 2 2 1000 82 886 887 2377
5488 2 2 1000 82 260 2382 2390
5489 2 2 1000 82 2394 2393 2397
5490 2 2 1000 82 878 877 2380
5491 2 2 1000 82 884 883 2392
5492 2 2 1000 82 2393 2378 2397
5493 2 2 1000 82 2380 877 2385
5494 2 2 1000 82 2390 2382 2392
5495 2 2 1000 82 2381 2389 2393
5496 2 2 1000 82 2384 2393 2395
5497 2 2 1000 82 2381 2393 2394
5498 2 2 1000 82 2393 2389 2395
5499 2 2 1000 82 878 2380 2396
5500 2 2 1000 82 2387 2386 2397
5501 2 2 1000 82 2389 2379 2395
5502 2 2 1000 82 177 878 2396
5503 2 2 1000 82 2386 2394 2397
5504 2 2 1000 83 2398 170 894
5505 2 2 1000 83 2398 2399 841
5506 2 2 1000 83 841 170 2398
5507 2 2 1000 83 2400 2401 2402
5508 2 2 1000 83 890 2402 2401
5509 2 2 1000 83 2402 890 891
5510 2 2 1000 83 2402 891 2403
5511 2 2 1000 83 2404 756 2405
5512 2 2 1000 83 2403 891 892
5513 2 2 1000 83 2406 2402 2403
5514 2 2 1000 83 2402 2406 2407
5515 2 2 1000 83 893 2408 2403
5516 2 2 1000 83 2403 892 893
5517 2 2 1000 83 2408 2406 2403
5518 2 2 1000 83 2409 2407 2410
5519 2 2 1000 83 2411 2412 2413
5520 2 2 1000 83 2410 2407 2406
5521 2 2 1000 83 2414 757 2415
5522 2 2 1000 83 2409 2410 888
5523 2 2 1000 83 2400 161 2401
5524 2 2 1000 83 842 2405 157
5525 2 2 1000 83 842 841 2399
5526 2 2 1000 83 2405 756 157
5527 2 2 1000 83 2416 2417 2398
5528 2 2 1000 83 2411 2417 2416
5529 2 2 1000 83 2416 2418 2419
5530 2 2 1000 83 890 2401 162
5531 2 2 1000 83 2401 778 162
5532 2 2 1000 83 2418 895 2419
5533 2 2 1000 83 2415 2404 2413
5534 2 2 1000 83 2414 2415 2413
5535 2 2 1000 83 2404 2411 2413
5536 2 2 1000 83 2409 2400 2407
5537 2 2 1000 83 2402 2407 2400
5538 2 2 1000 83 889 2400 2409
5539 2 2 1000 83 2405 2399 2417
5540 2 2 1000 83 2417 2404 2405
5541 2 2 1000 83 2398 2417 2399
5542 2 2 1000 83 2419 2410 2416
5543 2 2 1000 83 2416 2410 2412
5544 2 2 1000 83 2405 842 2399
5545 2 2 1000 83 2410 2406 2412
5546 2 2 1000 83 2410 2419 888
5547 2 2 1000 83 2398 894 2418
5548 2 2 1000 83 888 889 2409
5549 2 2 1000 83 889 161 2400
5550 2 2 1000 83 2412 2411 2416
5551 2 2 1000 83 2413 2408 2414
5552 2 2 1000 83 893 2414 2408
5553 2 2 1000 83 2412 2406 2408
5554 2 2 1000 83 2412 2408 2413
5555 2 2 1000 83 757 756 2415
5556 2 2 1000 83 2404 2415 756
5557 2 2 1000 83 2404 2417 2411
5558 2 2 1000 83 2414 156 757
5559 2 2 1000 83 893 156 2414
5560 2 2 1000 83 161 778 2401
5561 2 2 1000 83 2419 179 888
5562 2 2 1000 83 895 179 2419
5563 2 2 1000 83 2418 894 895
5564 2 2 1000 83 2418 2416 2398
5565 2 2 1000 84 481 2420 2421
5566 2 2 1000 84 481 480 2420
5567 2 2 1000 84 2422 2423 2424
5568 2 2 1000 84 2422 2425 2426
5569 2 2 1000 84 2423 2427 2428
5570 2 2 1000 84 2427 389 2428
5571 2 2 1000 84 2429 2424 2423
5572 2 2 1000 84 158 2430 2431
5573 2 2 1000 84 2430 2432 2424
5574 2 2 1000 84 2430 759 2432
5575 2 2 1000 84 766 2431 2433
5576 2 2 1000 84 2433 44 766
5577 2 2 1000 84 388 44 2433
5578 2 2 1000 84 2422 2426 2421
5579 2 2 1000 84 74 392 479
5580 2 2 1000 84 765 158 2431
5581 2 2 1000 84 482 2421 2426
5582 2 2 1000 84 482 481 2421
5583 2 2 1000 84 2420 2434 2435
5584 2 2 1000 84 391 390 2435
5585 2 2 1000 84 391 2435 2434
5586 2 2 1000 84 2420 480 2434
5587 2 2 1000 84 2436 2435 2427
5588 2 2 1000 84 2435 390 2427
5589 2 2 1000 84 2432 2437 2425
5590 2 2 1000 84 2432 758 2437
5591 2 2 1000 84 2438 483 2439
5592 2 2 1000 84 2438 92 483
5593 2 2 1000 84 686 92 2438
5594 2 2 1000 84 2430 158 759
5595 2 2 1000 84 2431 2430 2429
5596 2 2 1000 84 2422 2421 2436
5597 2 2 1000 84 2439 483 2426
5598 2 2 1000 84 2426 483 482
5599 2 2 1000 84 2437 2438 2439
5600 2 2 1000 84 2438 2437 144
5601 2 2 1000 84 758 144 2437
5602 2 2 1000 84 2431 766 765
5603 2 2 1000 84 389 388 2433
5604 2 2 1000 84 2434 392 391
5605 2 2 1000 84 479 392 2434
5606 2 2 1000 84 2435 2436 2420
5607 2 2 1000 84 2422 2436 2423
5608 2 2 1000 84 2421 2420 2436
5609 2 2 1000 84 2439 2425 2437
5610 2 2 1000 84 2427 2423 2436
5611 2 2 1000 84 480 479 2434
5612 2 2 1000 84 2431 2429 2433
5613 2 2 1000 84 2430 2424 2429
5614 2 2 1000 84 759 758 2432
5615 2 2 1000 84 2425 2424 2432
5616 2 2 1000 84 389 2433 2428
5617 2 2 1000 84 2429 2423 2428
5618 2 2 1000 84 2428 2433 2429
5619 2 2 1000 84 2425 2439 2426
5620 2 2 1000 84 2422 2424 2425
5621 2 2 1000 84 144 686 2438
5622 2 2 1000 84 2427 390 389
5623 2 2 1000 85 2440 2441 2442
5624 2 2 1000 85 2441 2443 2442
5625 2 2 1000 85 2444 107 864
5626 2 2 1000 85 2445 536 2444
5627 2 2 1000 85 536 107 2444
5628 2 2 1000 85 440 2440 2446
5629 2 2 1000 85 672 140 2447
5630 2 2 1000 85 2441 2448 2443
5631 2 2 1000 85 2449 2448 2450
5632 2 2 1000 85 2448 897 2450
5633 2 2 1000 85 898 2448 2441
5634 2 2 1000 85 2451 2443 2452
5635 2 2 1000 85 720 108 2453
5636 2 2 1000 85 2454 864 863
5637 2 2 1000 85 2455 2452 2456
5638 2 2 1000 85 2455 2457 2452
5639 2 2 1000 85 2448 2449 2456
5640 2 2 1000 85 2453 108 537
5641 2 2 1000 85 537 2445 2453
5642 2 2 1000 85 2451 2452 2454
5643 2 2 1000 85 2457 2454 2452
5644 2 2 1000 85 2451 2454 2458
5645 2 2 1000 85 2450 2459 2460
5646 2 2 1000 85 672 2460 2459
5647 2 2 1000 85 2450 896 2459
5648 2 2 1000 85 2460 672 2447
5649 2 2 1000 85 2440 899 2441
5650 2 2 1000 85 2458 2446 2451
5651 2 2 1000 85 2446 2442 2451
5652 2 2 1000 85 2446 2458 862
5653 2 2 1000 85 2447 2461 2460
5654 2 2 1000 85 2440 85 899
5655 2 2 1000 85 862 86 2446
5656 2 2 1000 85 2446 86 440
5657 2 2 1000 85 2462 720 2453
5658 2 2 1000 85 721 720 2462
5659 2 2 1000 85 2440 2442 2446
5660 2 2 1000 85 2447 2463 2461
5661 2 2 1000 85 722 2463 2447
5662 2 2 1000 85 440 85 2440
5663 2 2 1000 85 2447 140 722
5664 2 2 1000 85 896 139 2459
5665 2 2 1000 85 2445 2464 2453
5666 2 2 1000 85 537 536 2445
5667 2 2 1000 85 2445 2444 2464
5668 2 2 1000 85 2451 2442 2443
5669 2 2 1000 85 2463 722 721
5670 2 2 1000 85 2463 2465 2461
5671 2 2 1000 85 721 2465 2463
5672 2 2 1000 85 2461 2456 2449
5673 2 2 1000 85 2448 2456 2443
5674 2 2 1000 85 2448 898 897
5675 2 2 1000 85 2455 2465 2457
5676 2 2 1000 85 2455 2456 2461
5677 2 2 1000 85 2461 2465 2455
5678 2 2 1000 85 2449 2460 2461
5679 2 2 1000 85 2443 2456 2452
5680 2 2 1000 85 2464 2465 2462
5681 2 2 1000 85 2441 899 898
5682 2 2 1000 85 2460 2449 2450
5683 2 2 1000 85 897 896 2450
5684 2 2 1000 85 2462 2453 2464
5685 2 2 1000 85 2462 2465 721
5686 2 2 1000 85 2444 2457 2464
5687 2 2 1000 85 2465 2464 2457
5688 2 2 1000 85 863 862 2458
5689 2 2 1000 85 2454 863 2458
5690 2 2 1000 85 2457 2444 2454
5691 2 2 1000 85 2459 139 672
5692 2 2 1000 85 2454 2444 864
5693 2 2 1000 86 849 625 133
5694 2 2 1000 86 2466 2467 2468
5695 2 2 1000 86 2466 682 2467
5696 2 2 1000 86 626 2467 134
5697 2 2 1000 86 2467 681 134
5698 2 2 1000 86 143 684 900
5699 2 2 1000 86 171 900 2469
5700 2 2 1000 86 2469 900 684
5701 2 2 1000 86 847 171 2469
5702 2 2 1000 86 2468 2470 2466
5703 2 2 1000 86 625 2470 2468
5704 2 2 1000 86 625 849 2470
5705 2 2 1000 86 2470 849 848
5706 2 2 1000 86 2466 683 682
5707 2 2 1000 86 2469 2471 847
5708 2 2 1000 86 626 2468 2467
5709 2 2 1000 86 682 681 2467
5710 2 2 1000 86 2469 684 683
5711 2 2 1000 86 2468 626 625
5712 2 2 1000 86 683 2471 2469
5713 2 2 1000 86 848 847 2471
5714 2 2 1000 86 683 2466 2471
5715 2 2 1000 86 2470 2471 2466
5716 2 2 1000 86 848 2471 2470
5717 2 2 1000 87 910 901 180
5718 2 2 1000 87 2472 2473 2474
5719 2 2 1000 87 2475 2474 2473
5720 2 2 1000 87 2476 2477 887
5721 2 2 1000 87 2477 34 887
5722 2 2 1000 87 2478 2479 2480
5723 2 2 1000 87 2479 912 2480
5724 2 2 1000 87 902 901 910
5725 2 2 1000 87 2480 2481 2482
5726 2 2 1000 87 2483 2477 2472
5727 2 2 1000 87 2477 908 2472
5728 2 2 1000 87 2482 2478 2480
5729 2 2 1000 87 2482 904 2478
5730 2 2 1000 87 2472 2474 2483
5731 2 2 1000 87 2474 265 2483
5732 2 2 1000 87 2482 2484 904
5733 2 2 1000 87 2484 905 904
5734 2 2 1000 87 2480 913 2481
5735 2 2 1000 87 178 909 886
5736 2 2 1000 87 2481 913 914
5737 2 2 1000 87 2485 266 2486
5738 2 2 1000 87 2472 907 2473
5739 2 2 1000 87 2485 35 266
5740 2 2 1000 87 909 2476 886
5741 2 2 1000 87 2476 887 886
5742 2 2 1000 87 163 35 2485
5743 2 2 1000 87 2486 2474 2475
5744 2 2 1000 87 266 2474 2486
5745 2 2 1000 87 2485 2486 2481
5746 2 2 1000 87 2481 2486 2487
5747 2 2 1000 87 914 2485 2481
5748 2 2 1000 87 902 2479 903
5749 2 2 1000 87 2473 907 906
5750 2 2 1000 87 910 911 902
5751 2 2 1000 87 911 2479 902
5752 2 2 1000 87 2473 2488 2475
5753 2 2 1000 87 906 2488 2473
5754 2 2 1000 87 2488 2484 2487
5755 2 2 1000 87 905 2484 2488
5756 2 2 1000 87 2479 2478 903
5757 2 2 1000 87 2479 911 912
5758 2 2 1000 87 2477 2476 908
5759 2 2 1000 87 2477 2483 34
5760 2 2 1000 87 2472 908 907
5761 2 2 1000 87 2486 2475 2487
5762 2 2 1000 87 2480 912 913
5763 2 2 1000 87 2474 266 265
5764 2 2 1000 87 2476 909 908
5765 2 2 1000 87 906 905 2488
5766 2 2 1000 87 265 34 2483
5767 2 2 1000 87 2487 2475 2488
5768 2 2 1000 87 904 903 2478
5769 2 2 1000 87 2481 2487 2484
5770 2 2 1000 87 914 163 2485
5771 2 2 1000 87 2484 2482 2481
5772 2 2 1000 88 2489 2490 2491
5773 2 2 1000 88 2490 400 2491
5774 2 2 1000 88 2491 2492 2489
5775 2 2 1000 88 2492 595 2489
5776 2 2 1000 88 2493 2492 2491
5777 2 2 1000 88 2494 2495 2496
5778 2 2 1000 88 2496 2497 2494
5779 2 2 1000 88 2494 2497 915
5780 2 2 1000 88 2496 2492 2493
5781 2 2 1000 88 715 2498 125
5782 2 2 1000 88 2498 593 125
5783 2 2 1000 88 2493 2497 2496
5784 2 2 1000 88 398 2497 2493
5785 2 2 1000 88 77 2499 2498
5786 2 2 1000 88 2499 77 401
5787 2 2 1000 88 2492 2496 596
5788 2 2 1000 88 597 2495 2500
5789 2 2 1000 88 2496 597 596
5790 2 2 1000 88 2492 596 595
5791 2 2 1000 88 2498 2499 593
5792 2 2 1000 88 2494 2500 2495
5793 2 2 1000 88 597 2496 2495
5794 2 2 1000 88 679 2500 2494
5795 2 2 1000 88 2500 142 121
5796 2 2 1000 88 679 142 2500
5797 2 2 1000 88 2490 401 400
5798 2 2 1000 88 2494 141 679
5799 2 2 1000 88 2500 121 597
5800 2 2 1000 88 2498 715 77
5801 2 2 1000 88 2490 2489 594
5802 2 2 1000 88 2493 399 398
5803 2 2 1000 88 915 141 2494
5804 2 2 1000 88 594 593 2499
5805 2 2 1000 88 399 2493 2491
5806 2 2 1000 88 2491 400 399
5807 2 2 1000 88 398 76 2497
5808 2 2 1000 88 595 594 2489
5809 2 2 1000 88 401 2490 2499
5810 2 2 1000 88 2497 76 915
5811 2 2 1000 88 2499 2490 594
5812 2 2 1000 89 2501 2502 690
5813 2 2 1000 89 2502 925 145
5814 2 2 1000 89 2503 102 2504
5815 2 2 1000 89 102 861 2504
5816 2 2 1000 89 2505 2506 875
5817 2 2 1000 89 875 2507 2505
5818 2 2 1000 89 874 2507 875
5819 2 2 1000 89 2503 2508 2509
5820 2 2 1000 89 2509 2508 2510
5821 2 2 1000 89 2511 923 2512
5822 2 2 1000 89 2512 924 2513
5823 2 2 1000 89 2512 923 924
5824 2 2 1000 89 2508 2514 2515
5825 2 2 1000 89 921 2515 2514
5826 2 2 1000 89 2515 921 920
5827 2 2 1000 89 2502 2513 925
5828 2 2 1000 89 925 2513 924
5829 2 2 1000 89 2516 2515 2517
5830 2 2 1000 89 2517 919 2518
5831 2 2 1000 89 2519 2520 2521
5832 2 2 1000 89 2520 2511 2521
5833 2 2 1000 89 2519 2522 2507
5834 2 2 1000 89 2522 2523 2507
5835 2 2 1000 89 2524 2525 2526
5836 2 2 1000 89 2524 518 2525
5837 2 2 1000 89 2527 2518 2528
5838 2 2 1000 89 2527 2516 2518
5839 2 2 1000 89 2529 2524 2530
5840 2 2 1000 89 2524 2531 2530
5841 2 2 1000 89 2512 2513 2532
5842 2 2 1000 89 2513 2533 2532
5843 2 2 1000 89 2532 2521 2512
5844 2 2 1000 89 2532 2534 2521
5845 2 2 1000 89 2516 2517 2518
5846 2 2 1000 89 2516 2510 2515
5847 2 2 1000 89 2528 2535 2527
5848 2 2 1000 89 2528 918 2535
5849 2 2 1000 89 2536 2537 2527
5850 2 2 1000 89 2537 2531 2527
5851 2 2 1000 89 2522 2537 2536
5852 2 2 1000 89 2522 2534 2537
5853 2 2 1000 89 2527 2535 2536
5854 2 2 1000 89 2530 2537 2532
5855 2 2 1000 89 2537 2534 2532
5856 2 2 1000 89 2530 2538 2529
5857 2 2 1000 89 2538 101 2529
5858 2 2 1000 89 2510 2508 2515
5859 2 2 1000 89 2501 2538 2533
5860 2 2 1000 89 2501 2533 2502
5861 2 2 1000 89 2501 689 2538
5862 2 2 1000 89 2506 2505 2539
5863 2 2 1000 89 2504 861 2540
5864 2 2 1000 89 2539 916 2506
5865 2 2 1000 89 917 916 2539
5866 2 2 1000 89 2541 2503 2509
5867 2 2 1000 89 2503 2541 516
5868 2 2 1000 89 2509 2526 2525
5869 2 2 1000 89 2520 874 873
5870 2 2 1000 89 2525 2541 2509
5871 2 2 1000 89 2525 517 2541
5872 2 2 1000 89 2520 175 2511
5873 2 2 1000 89 175 923 2511
5874 2 2 1000 89 175 2520 873
5875 2 2 1000 89 2510 2526 2509
5876 2 2 1000 89 2516 2526 2510
5877 2 2 1000 89 2502 145 690
5878 2 2 1000 89 516 102 2503
5879 2 2 1000 89 2523 2535 2539
5880 2 2 1000 89 2539 2535 917
5881 2 2 1000 89 2503 2504 2508
5882 2 2 1000 89 876 875 2506
5883 2 2 1000 89 2504 2540 2514
5884 2 2 1000 89 922 2514 2540
5885 2 2 1000 89 2514 922 921
5886 2 2 1000 89 916 174 2506
5887 2 2 1000 89 2506 174 876
5888 2 2 1000 89 2524 2526 2531
5889 2 2 1000 89 2524 2529 518
5890 2 2 1000 89 518 517 2525
5891 2 2 1000 89 2516 2531 2526
5892 2 2 1000 89 2514 2508 2504
5893 2 2 1000 89 919 2528 2518
5894 2 2 1000 89 2513 2502 2533
5895 2 2 1000 89 2538 2530 2533
5896 2 2 1000 89 2538 689 101
5897 2 2 1000 89 2537 2530 2531
5898 2 2 1000 89 2501 690 689
5899 2 2 1000 89 2517 920 919
5900 2 2 1000 89 2523 2505 2507
5901 2 2 1000 89 2528 919 918
5902 2 2 1000 89 874 2519 2507
5903 2 2 1000 89 2533 2530 2532
5904 2 2 1000 89 918 917 2535
5905 2 2 1000 89 2523 2536 2535
5906 2 2 1000 89 101 518 2529
5907 2 2 1000 89 2505 2523 2539
5908 2 2 1000 89 2511 2512 2521
5909 2 2 1000 89 2534 2519 2521
5910 2 2 1000 89 517 516 2541
5911 2 2 1000 89 2531 2516 2527
5912 2 2 1000 89 920 2517 2515
5913 2 2 1000 89 2520 2519 874
5914 2 2 1000 89 2522 2536 2523
5915 2 2 1000 89 2540 173 922
5916 2 2 1000 89 861 173 2540
5917 2 2 1000 89 2522 2519 2534
5918 2 2 1000 90 2542 2543 2544
5919 2 2 1000 90 2542 2545 2546
5920 2 2 1000 90 12 929 207
5921 2 2 1000 90 2543 2542 926
5922 2 2 1000 90 927 926 2542
5923 2 2 1000 90 2547 2548 2546
5924 2 2 1000 90 2542 2546 927
5925 2 2 1000 90 2546 2548 928
5926 2 2 1000 90 2546 928 927
5927 2 2 1000 90 2548 207 929
5928 2 2 1000 90 2549 208 2548
5929 2 2 1000 90 208 207 2548
5930 2 2 1000 90 209 208 2549
5931 2 2 1000 90 931 13 2550
5932 2 2 1000 90 2543 850 2544
5933 2 2 1000 90 2550 13 209
5934 2 2 1000 90 2547 2551 2550
5935 2 2 1000 90 851 2543 172
5936 2 2 1000 90 2543 926 172
5937 2 2 1000 90 930 2550 2551
5938 2 2 1000 90 2542 2544 2545
5939 2 2 1000 90 930 931 2550
5940 2 2 1000 90 2545 2552 2551
5941 2 2 1000 90 2545 2544 2552
5942 2 2 1000 90 21 2551 2552
5943 2 2 1000 90 2547 2550 2549
5944 2 2 1000 90 209 2549 2550
5945 2 2 1000 90 2547 2546 2551
5946 2 2 1000 90 2546 2545 2551
5947 2 2 1000 90 21 930 2551
5948 2 2 1000 90 2552 2544 850
5949 2 2 1000 90 2552 22 21
5950 2 2 1000 90 850 22 2552
5951 2 2 1000 90 2543 851 850
5952 2 2 1000 90 2548 929 928
5953 2 2 1000 90 2549 2548 2547
5954 2 2 1000 91 2553 2554 2555
5955 2 2 1000 91 161 889 773
5956 2 2 1000 91 937 2553 2555
5957 2 2 1000 91 2554 934 2555
5958 2 2 1000 91 2556 14 936
5959 2 2 1000 91 767 14 2556
5960 2 2 1000 91 2557 2558 2559
5961 2 2 1000 91 2560 2561 2558
5962 2 2 1000 91 2558 2557 2560
5963 2 2 1000 91 889 2559 773
5964 2 2 1000 91 2559 160 773
5965 2 2 1000 91 2558 939 2559
5966 2 2 1000 91 2561 938 2558
5967 2 2 1000 91 2556 159 767
5968 2 2 1000 91 2558 938 939
5969 2 2 1000 91 935 159 2556
5970 2 2 1000 91 2554 2553 2561
5971 2 2 1000 91 2561 2562 2554
5972 2 2 1000 91 2554 2562 933
5973 2 2 1000 91 2557 2563 2560
5974 2 2 1000 91 889 888 2557
5975 2 2 1000 91 888 2563 2557
5976 2 2 1000 91 938 2561 2553
5977 2 2 1000 91 2563 2562 2560
5978 2 2 1000 91 932 2562 2563
5979 2 2 1000 91 2553 937 938
5980 2 2 1000 91 2556 2555 935
5981 2 2 1000 91 936 2555 2556
5982 2 2 1000 91 889 2557 2559
5983 2 2 1000 91 939 160 2559
5984 2 2 1000 91 888 179 2563
5985 2 2 1000 91 933 934 2554
5986 2 2 1000 91 2562 2561 2560
5987 2 2 1000 91 2562 932 933
5988 2 2 1000 91 2563 179 932
5989 2 2 1000 91 2555 934 935
5990 2 2 1000 91 2555 936 937
5991 2 2 1000 92 70 429 69
5992 2 2 1000 92 2564 2565 2566
5993 2 2 1000 92 2564 673 2565
5994 2 2 1000 92 2567 2568 429
5995 2 2 1000 92 2568 396 429
5996 2 2 1000 92 69 429 396
5997 2 2 1000 92 2565 915 2566
5998 2 2 1000 92 5 2567 429
5999 2 2 1000 92 2566 2569 2564
6000 2 2 1000 92 2569 2566 2570
6001 2 2 1000 92 2566 76 2570
6002 2 2 1000 92 397 2570 76
6003 2 2 1000 92 915 76 2566
6004 2 2 1000 92 2570 2568 2567
6005 2 2 1000 92 2567 2569 2570
6006 2 2 1000 92 202 2569 2567
6007 2 2 1000 92 2568 2570 397
6008 2 2 1000 92 2564 2569 201
6009 2 2 1000 92 2568 397 396
6010 2 2 1000 92 201 10 2564
6011 2 2 1000 92 2564 10 673
6012 2 2 1000 92 2569 202 201
6013 2 2 1000 92 673 141 2565
6014 2 2 1000 92 2567 5 202
6015 2 2 1000 92 2565 141 915
6016 2 2 1000 93 2571 2572 2573
6017 2 2 1000 93 2571 776 2572
6018 2 2 1000 93 21 2571 930
6019 2 2 1000 93 21 19 2571
6020 2 2 1000 93 160 939 774
6021 2 2 1000 93 2572 2574 2575
6022 2 2 1000 93 2575 2573 2572
6023 2 2 1000 93 776 2574 2572
6024 2 2 1000 93 938 2574 2576
6025 2 2 1000 93 2574 938 937
6026 2 2 1000 93 2576 2574 775
6027 2 2 1000 93 2576 939 938
6028 2 2 1000 93 774 939 2576
6029 2 2 1000 93 937 936 2575
6030 2 2 1000 93 2577 210 13
6031 2 2 1000 93 2577 14 210
6032 2 2 1000 93 936 14 2577
6033 2 2 1000 93 776 775 2574
6034 2 2 1000 93 937 2575 2574
6035 2 2 1000 93 775 774 2576
6036 2 2 1000 93 931 2575 2577
6037 2 2 1000 93 2571 2573 930
6038 2 2 1000 93 2573 2575 931
6039 2 2 1000 93 931 930 2573
6040 2 2 1000 93 2571 19 776
6041 2 2 1000 93 2577 2575 936
6042 2 2 1000 93 2577 13 931
6043 2 2 1000 94 652 271 36
6044 2 2 1000 94 272 574 273
6045 2 2 1000 94 272 2578 574
6046 2 2 1000 94 118 576 651
6047 2 2 1000 94 574 2578 575
6048 2 2 1000 94 576 2579 651
6049 2 2 1000 94 573 273 574
6050 2 2 1000 94 651 2579 652
6051 2 2 1000 94 38 273 573
6052 2 2 1000 94 2578 2579 575
6053 2 2 1000 94 2579 271 652
6054 2 2 1000 94 2579 576 575
6055 2 2 1000 94 2578 272 271
6056 2 2 1000 94 271 2579 2578
6057 2 2 1000 95 2580 2581 786
6058 2 2 1000 95 808 2581 2582
6059 2 2 1000 95 2580 2582 2581
6060 2 2 1000 95 2583 912 2584
6061 2 2 1000 95 912 911 2584
6062 2 2 1000 95 2585 2580 2586
6063 2 2 1000 95 2587 2588 2586
6064 2 2 1000 95 2587 913 2588
6065 2 2 1000 95 147 787 807
6066 2 2 1000 95 2586 2588 2585
6067 2 2 1000 95 2584 911 2589
6068 2 2 1000 95 809 2590 2591
6069 2 2 1000 95 811 810 2592
6070 2 2 1000 95 2592 2591 2584
6071 2 2 1000 95 2591 810 809
6072 2 2 1000 95 163 914 784
6073 2 2 1000 95 168 2593 180
6074 2 2 1000 95 168 812 2593
6075 2 2 1000 95 810 2591 2592
6076 2 2 1000 95 2581 807 787
6077 2 2 1000 95 2581 787 786
6078 2 2 1000 95 808 807 2581
6079 2 2 1000 95 2582 2590 808
6080 2 2 1000 95 784 914 2587
6081 2 2 1000 95 808 2590 809
6082 2 2 1000 95 2589 2594 2592
6083 2 2 1000 95 2584 2589 2592
6084 2 2 1000 95 2594 811 2592
6085 2 2 1000 95 2591 2585 2583
6086 2 2 1000 95 2583 2584 2591
6087 2 2 1000 95 2585 2582 2580
6088 2 2 1000 95 785 2586 2580
6089 2 2 1000 95 812 2594 2593
6090 2 2 1000 95 910 180 2593
6091 2 2 1000 95 2593 2594 910
6092 2 2 1000 95 913 912 2588
6093 2 2 1000 95 2585 2591 2590
6094 2 2 1000 95 2585 2588 2583
6095 2 2 1000 95 2590 2582 2585
6096 2 2 1000 95 2583 2588 912
6097 2 2 1000 95 2594 2589 910
6098 2 2 1000 95 785 784 2586
6099 2 2 1000 95 2594 812 811
6100 2 2 1000 95 2580 786 785
6101 2 2 1000 95 2587 914 913
6102 2 2 1000 95 911 910 2589
6103 2 2 1000 95 2587 2586 784
6104 2 2 1000 96 2604 2597 2606
6105 2 2 1000 96 2597 2604 2607
6106 2 2 1000 96 2608 2618 2619
6107 2 2 1000 96 2598 2608 2619
6108 2 2 1000 96 2598 2605 2608
6109 2 2 1000 96 2609 890 2612
6110 2 2 1000 96 890 162 2612
6111 2 2 1000 96 2604 2603 2607
6112 2 2 1000 96 2618 2600 2619
6113 2 2 1000 96 2609 2595 2618
6114 2 2 1000 96 2605 2598 2610
6115 2 2 1000 96 2607 2599 2613
6116 2 2 1000 96 890 2609 2614
6117 2 2 1000 96 2607 2603 2620
6118 2 2 1000 96 2599 2607 2620
6119 2 2 1000 96 364 363 2610
6120 2 2 1000 96 2598 364 2610
6121 2 2 1000 96 2608 2609 2618
6122 2 2 1000 96 2600 366 2619
6123 2 2 1000 96 2602 2605 2610
6124 2 2 1000 96 156 893 2613
6125 2 2 1000 96 363 2601 2610
6126 2 2 1000 96 2601 2602 2610
6127 2 2 1000 96 750 156 2613
6128 2 2 1000 96 494 2596 2601
6129 2 2 1000 96 2595 2609 2612
6130 2 2 1000 96 2608 2606 2609
6131 2 2 1000 96 2601 2596 2602
6132 2 2 1000 96 751 750 2599
6133 2 2 1000 96 66 494 2601
6134 2 2 1000 96 365 364 2598
6135 2 2 1000 96 24 244 2617
6136 2 2 1000 96 2605 2606 2608
6137 2 2 1000 96 2602 2604 2605
6138 2 2 1000 96 2606 2597 2614
6139 2 2 1000 96 363 66 2601
6140 2 2 1000 96 892 891 2597
6141 2 2 1000 96 2605 2604 2606
6142 2 2 1000 96 494 493 2596
6143 2 2 1000 96 366 2600 2621
6144 2 2 1000 96 2602 2603 2604
6145 2 2 1000 96 2602 2596 2603
6146 2 2 1000 96 493 492 2611
6147 2 2 1000 96 2596 493 2611
6148 2 2 1000 96 2603 2596 2611
6149 2 2 1000 96 2597 2607 2616
6150 2 2 1000 96 2607 2613 2616
6151 2 2 1000 96 366 365 2619
6152 2 2 1000 96 96 751 2615
6153 2 2 1000 96 891 890 2614
6154 2 2 1000 96 751 2599 2615
6155 2 2 1000 96 892 2597 2616
6156 2 2 1000 96 162 777 2612
6157 2 2 1000 96 492 96 2615
6158 2 2 1000 96 2599 750 2613
6159 2 2 1000 96 777 24 2595
6160 2 2 1000 96 2609 2606 2614
6161 2 2 1000 96 2597 891 2614
6162 2 2 1000 96 2617 244 2621
6163 2 2 1000 96 2611 492 2615
6164 2 2 1000 96 777 2595 2612
6165 2 2 1000 96 2615 2599 2620
6166 2 2 1000 96 25 366 2621
6167 2 2 1000 96 893 892 2616
6168 2 2 1000 96 2600 2617 2621
6169 2 2 1000 96 244 25 2621
6170 2 2 1000 96 365 2598 2619
6171 2 2 1000 96 2613 893 2616
6172 2 2 1000 96 2611 2615 2620
6173 2 2 1000 96 2595 24 2617
6174 2 2 1000 96 2603 2611 2620
6175 2 2 1000 96 2595 2617 2618
6176 2 2 1000 96 2617 2600 2618
6177 2 2 1000 97 691 2622 2623
6178 2 2 1000 97 2624 2625 2626
6179 2 2 1000 97 691 145 2622
6180 2 2 1000 97 2627 2628 2629
6181 2 2 1000 97 2627 831 2628
6182 2 2 1000 97 2630 474 2631
6183 2 2 1000 97 2630 2631 2632
6184 2 2 1000 97 2633 2634 2630
6185 2 2 1000 97 2635 2636 2632
6186 2 2 1000 97 2635 2637 2636
6187 2 2 1000 97 2630 2632 2633
6188 2 2 1000 97 2626 2638 2624
6189 2 2 1000 97 2639 2631 2623
6190 2 2 1000 97 2625 2640 2626
6191 2 2 1000 97 2641 504 2642
6192 2 2 1000 97 2625 2624 871
6193 2 2 1000 97 2623 2631 473
6194 2 2 1000 97 2622 2639 2623
6195 2 2 1000 97 2624 2638 2643
6196 2 2 1000 97 2638 923 2643
6197 2 2 1000 97 2634 2644 2630
6198 2 2 1000 97 2644 475 2630
6199 2 2 1000 97 2626 2640 2645
6200 2 2 1000 97 2646 39 2644
6201 2 2 1000 97 2627 2629 2645
6202 2 2 1000 97 40 2644 39
6203 2 2 1000 97 2644 2634 2646
6204 2 2 1000 97 2646 829 39
6205 2 2 1000 97 2644 40 475
6206 2 2 1000 97 145 925 2622
6207 2 2 1000 97 2627 2640 2647
6208 2 2 1000 97 2633 2628 2648
6209 2 2 1000 97 2640 2649 2647
6210 2 2 1000 97 2648 2628 830
6211 2 2 1000 97 2647 2649 832
6212 2 2 1000 97 2641 2642 2649
6213 2 2 1000 97 833 2649 2642
6214 2 2 1000 97 2649 833 832
6215 2 2 1000 97 2622 925 2650
6216 2 2 1000 97 2651 2652 923
6217 2 2 1000 97 2634 2633 2648
6218 2 2 1000 97 2648 2646 2634
6219 2 2 1000 97 2641 2625 98
6220 2 2 1000 97 504 2641 98
6221 2 2 1000 97 2630 475 474
6222 2 2 1000 97 98 2625 871
6223 2 2 1000 97 2648 829 2646
6224 2 2 1000 97 830 829 2648
6225 2 2 1000 97 2649 2640 2641
6226 2 2 1000 97 2653 2651 2637
6227 2 2 1000 97 2652 924 923
6228 2 2 1000 97 2651 2626 2637
6229 2 2 1000 97 2637 2645 2629
6230 2 2 1000 97 2637 2626 2645
6231 2 2 1000 97 2639 2632 2631
6232 2 2 1000 97 474 473 2631
6233 2 2 1000 97 2624 872 871
6234 2 2 1000 97 925 2652 2650
6235 2 2 1000 97 2639 2622 2650
6236 2 2 1000 97 2650 2653 2639
6237 2 2 1000 97 925 924 2652
6238 2 2 1000 97 2626 2651 2638
6239 2 2 1000 97 2637 2629 2636
6240 2 2 1000 97 2633 2632 2636
6241 2 2 1000 97 2636 2629 2633
6242 2 2 1000 97 2635 2653 2637
6243 2 2 1000 97 2638 2651 923
6244 2 2 1000 97 2635 2632 2639
6245 2 2 1000 97 2639 2653 2635
6246 2 2 1000 97 2652 2651 2653
6247 2 2 1000 97 2625 2641 2640
6248 2 2 1000 97 2645 2640 2627
6249 2 2 1000 97 2647 832 831
6250 2 2 1000 97 831 2627 2647
6251 2 2 1000 97 2642 28 833
6252 2 2 1000 97 504 28 2642
6253 2 2 1000 97 473 93 2623
6254 2 2 1000 97 872 2624 2643
6255 2 2 1000 97 2623 93 691
6256 2 2 1000 97 2653 2650 2652
6257 2 2 1000 97 923 175 2643
6258 2 2 1000 97 831 830 2628
6259 2 2 1000 97 2643 175 872
6260 2 2 1000 97 2633 2629 2628
6261 2 2 1000 98 590 747 123
6262 2 2 1000 98 2654 587 2655
6263 2 2 1000 98 2656 52 2657
6264 2 2 1000 98 588 587 2654
6265 2 2 1000 98 2658 771 770
6266 2 2 1000 98 2659 2658 2655
6267 2 2 1000 98 122 772 586
6268 2 2 1000 98 2659 771 2658
6269 2 2 1000 98 315 2656 53
6270 2 2 1000 98 2656 770 53
6271 2 2 1000 98 747 590 2660
6272 2 2 1000 98 748 747 2660
6273 2 2 1000 98 2660 590 589
6274 2 2 1000 98 2658 2656 2657
6275 2 2 1000 98 2656 2658 770
6276 2 2 1000 98 772 2659 586
6277 2 2 1000 98 586 2659 587
6278 2 2 1000 98 2661 2654 2662
6279 2 2 1000 98 2657 2655 2658
6280 2 2 1000 98 2662 2654 2657
6281 2 2 1000 98 749 2661 2662
6282 2 2 1000 98 2657 52 2662
6283 2 2 1000 98 2662 52 749
6284 2 2 1000 98 2661 2660 2663
6285 2 2 1000 98 2654 2655 2657
6286 2 2 1000 98 2656 315 52
6287 2 2 1000 98 2659 2655 587
6288 2 2 1000 98 2659 772 771
6289 2 2 1000 98 749 748 2661
6290 2 2 1000 98 2660 589 2663
6291 2 2 1000 98 2663 2654 2661
6292 2 2 1000 98 2660 2661 748
6293 2 2 1000 98 2663 589 588
6294 2 2 1000 98 588 2654 2663
6295 2 2 1000 99 940 804 2666
6296 2 2 1000 99 2666 2664 2670
6297 2 2 1000 99 2664 2666 2673
6298 2 2 1000 99 2668 852 2669
6299 2 2 1000 99 2664 169 2675
6300 2 2 1000 99 945 2668 2669
6301 2 2 1000 99 169 856 2675
6302 2 2 1000 99 2672 943 2674
6303 2 2 1000 99 2667 2672 2674
6304 2 2 1000 99 853 852 2668
6305 2 2 1000 99 2670 2664 2675
6306 2 2 1000 99 940 2666 2670
6307 2 2 1000 99 100 99 2677
6308 2 2 1000 99 946 945 2669
6309 2 2 1000 99 852 100 2669
6310 2 2 1000 99 942 941 2665
6311 2 2 1000 99 99 176 2677
6312 2 2 1000 99 2669 100 2677
6313 2 2 1000 99 945 944 2668
6314 2 2 1000 99 941 940 2670
6315 2 2 1000 99 855 854 2667
6316 2 2 1000 99 2665 2670 2675
6317 2 2 1000 99 2665 941 2670
6318 2 2 1000 99 944 943 2672
6319 2 2 1000 99 855 2667 2671
6320 2 2 1000 99 821 169 2664
6321 2 2 1000 99 804 803 2666
6322 2 2 1000 99 943 942 2674
6323 2 2 1000 99 167 821 2673
6324 2 2 1000 99 803 167 2673
6325 2 2 1000 99 856 855 2671
6326 2 2 1000 99 2667 854 2676
6327 2 2 1000 99 2668 944 2672
6328 2 2 1000 99 856 2671 2675
6329 2 2 1000 99 853 2668 2676
6330 2 2 1000 99 2671 2667 2674
6331 2 2 1000 99 176 946 2677
6332 2 2 1000 99 942 2665 2674
6333 2 2 1000 99 2665 2671 2674
6334 2 2 1000 99 2672 2667 2676
6335 2 2 1000 99 821 2664 2673
6336 2 2 1000 99 2666 803 2673
6337 2 2 1000 99 2671 2665 2675
6338 2 2 1000 99 946 2669 2677
6339 2 2 1000 99 854 853 2676
6340 2 2 1000 99 2668 2672 2676
6341 2 2 1000 99 804 940 166
6342 2 2 1000 100 2678 2679 2680
6343 2 2 1000 100 2679 935 2680
6344 2 2 1000 100 2678 768 2679
6345 2 2 1000 100 2681 2682 2683
6346 2 2 1000 100 2681 2684 2685
6347 2 2 1000 100 2684 2681 2683
6348 2 2 1000 100 2686 2687 2688
6349 2 2 1000 100 2687 933 2688
6350 2 2 1000 100 2687 934 933
6351 2 2 1000 100 2686 2689 2687
6352 2 2 1000 100 2689 2680 2687
6353 2 2 1000 100 2680 2689 2678
6354 2 2 1000 100 2690 2678 2689
6355 2 2 1000 100 2682 895 2683
6356 2 2 1000 100 2691 695 2692
6357 2 2 1000 100 2682 179 895
6358 2 2 1000 100 2691 148 695
6359 2 2 1000 100 838 148 2691
6360 2 2 1000 100 768 2678 769
6361 2 2 1000 100 2688 2693 2686
6362 2 2 1000 100 2693 2694 2686
6363 2 2 1000 100 840 2685 2684
6364 2 2 1000 100 839 2685 840
6365 2 2 1000 100 2685 2695 2696
6366 2 2 1000 100 2697 2693 2696
6367 2 2 1000 100 2693 2681 2696
6368 2 2 1000 100 2697 2692 2698
6369 2 2 1000 100 2692 694 2698
6370 2 2 1000 100 2685 2691 2695
6371 2 2 1000 100 839 2691 2685
6372 2 2 1000 100 2680 934 2687
6373 2 2 1000 100 2680 935 934
6374 2 2 1000 100 2699 2690 2689
6375 2 2 1000 100 2699 693 2690
6376 2 2 1000 100 693 692 2690
6377 2 2 1000 100 2691 2692 2695
6378 2 2 1000 100 2692 2697 2695
6379 2 2 1000 100 2692 695 694
6380 2 2 1000 100 2684 170 840
6381 2 2 1000 100 894 170 2684
6382 2 2 1000 100 2699 2689 2694
6383 2 2 1000 100 2693 2688 2681
6384 2 2 1000 100 2693 2697 2694
6385 2 2 1000 100 2686 2694 2689
6386 2 2 1000 100 2690 2700 2678
6387 2 2 1000 100 692 2700 2690
6388 2 2 1000 100 2683 894 2684
6389 2 2 1000 100 895 894 2683
6390 2 2 1000 100 932 179 2682
6391 2 2 1000 100 694 693 2698
6392 2 2 1000 100 2681 2685 2696
6393 2 2 1000 100 2695 2697 2696
6394 2 2 1000 100 2694 2697 2698
6395 2 2 1000 100 2682 2688 932
6396 2 2 1000 100 2681 2688 2682
6397 2 2 1000 100 2699 2698 693
6398 2 2 1000 100 2694 2698 2699
6399 2 2 1000 100 933 932 2688
6400 2 2 1000 100 2679 159 935
6401 2 2 1000 100 768 159 2679
6402 2 2 1000 100 2700 149 769
6403 2 2 1000 100 692 149 2700
6404 2 2 1000 100 839 838 2691
6405 2 2 1000 100 769 2678 2700
$EndElements
